path,class_name,label
data/raw/hasyv2_download/hasy-data/v2-139129.png,infty,15
data/raw/hasyv2_download/hasy-data/v2-60979.png,lt,17
data/raw/hasyv2_download/hasy-data/v2-138443.png,infty,15
data/raw/hasyv2_download/hasy-data/v2-132729.png,lbracket,16
data/raw/hasyv2_download/hasy-data/v2-132686.png,lbracket,16
data/raw/hasyv2_download/hasy-data/v2-139159.png,infty,15
data/raw/hasyv2_download/hasy-data/v2-139565.png,infty,15
data/raw/hasyv2_download/hasy-data/v2-145510.png,sqrt,21
data/raw/hasyv2_download/hasy-data/v2-76846.png,times,22
data/raw/hasyv2_download/hasy-data/v2-137288.png,infty,15
data/raw/hasyv2_download/hasy-data/v2-138237.png,infty,15
data/raw/hasyv2_download/hasy-data/v2-133570.png,rbracket,20
data/raw/hasyv2_download/hasy-data/v2-139165.png,infty,15
data/raw/hasyv2_download/hasy-data/v2-20183.png,2,2
data/raw/hasyv2_download/hasy-data/v2-145698.png,sqrt,21
data/raw/hasyv2_download/hasy-data/v2-80187.png,div,13
data/raw/hasyv2_download/hasy-data/v2-29639.png,a,10
data/raw/hasyv2_download/hasy-data/v2-14458.png,sqrt,21
data/raw/hasyv2_download/hasy-data/v2-30976.png,z,25
data/raw/hasyv2_download/hasy-data/v2-14517.png,sqrt,21
data/raw/hasyv2_download/hasy-data/v2-20392.png,4,4
data/raw/hasyv2_download/hasy-data/v2-76779.png,times,22
data/raw/hasyv2_download/hasy-data/v2-132694.png,lbracket,16
data/raw/hasyv2_download/hasy-data/v2-133160.png,lbracket,16
data/raw/hasyv2_download/hasy-data/v2-139558.png,infty,15
data/raw/hasyv2_download/hasy-data/v2-76226.png,times,22
data/raw/hasyv2_download/hasy-data/v2-133337.png,lbracket,16
data/raw/hasyv2_download/hasy-data/v2-80392.png,div,13
data/raw/hasyv2_download/hasy-data/v2-138338.png,infty,15
data/raw/hasyv2_download/hasy-data/v2-20601.png,7,7
data/raw/hasyv2_download/hasy-data/v2-13564.png,infty,15
data/raw/hasyv2_download/hasy-data/v2-133360.png,rbracket,20
data/raw/hasyv2_download/hasy-data/v2-139346.png,infty,15
data/raw/hasyv2_download/hasy-data/v2-01582.png,x,23
data/raw/hasyv2_download/hasy-data/v2-75939.png,times,22
data/raw/hasyv2_download/hasy-data/v2-139697.png,infty,15
data/raw/hasyv2_download/hasy-data/v2-06677.png,times,22
data/raw/hasyv2_download/hasy-data/v2-132818.png,lbracket,16
data/raw/hasyv2_download/hasy-data/v2-20359.png,4,4
data/raw/hasyv2_download/hasy-data/v2-145046.png,sqrt,21
data/raw/hasyv2_download/hasy-data/v2-137558.png,infty,15
data/raw/hasyv2_download/hasy-data/v2-76021.png,times,22
data/raw/hasyv2_download/hasy-data/v2-132594.png,lbracket,16
data/raw/hasyv2_download/hasy-data/v2-76299.png,times,22
data/raw/hasyv2_download/hasy-data/v2-76041.png,times,22
data/raw/hasyv2_download/hasy-data/v2-132784.png,lbracket,16
data/raw/hasyv2_download/hasy-data/v2-20080.png,1,1
data/raw/hasyv2_download/hasy-data/v2-76727.png,times,22
data/raw/hasyv2_download/hasy-data/v2-138704.png,infty,15
data/raw/hasyv2_download/hasy-data/v2-20548.png,6,6
data/raw/hasyv2_download/hasy-data/v2-20499.png,6,6
data/raw/hasyv2_download/hasy-data/v2-76536.png,times,22
data/raw/hasyv2_download/hasy-data/v2-137636.png,infty,15
data/raw/hasyv2_download/hasy-data/v2-13659.png,infty,15
data/raw/hasyv2_download/hasy-data/v2-138276.png,infty,15
data/raw/hasyv2_download/hasy-data/v2-132929.png,lbracket,16
data/raw/hasyv2_download/hasy-data/v2-00441.png,9,9
data/raw/hasyv2_download/hasy-data/v2-80195.png,div,13
data/raw/hasyv2_download/hasy-data/v2-145632.png,sqrt,21
data/raw/hasyv2_download/hasy-data/v2-139824.png,infty,15
data/raw/hasyv2_download/hasy-data/v2-138474.png,infty,15
data/raw/hasyv2_download/hasy-data/v2-13680.png,infty,15
data/raw/hasyv2_download/hasy-data/v2-06730.png,times,22
data/raw/hasyv2_download/hasy-data/v2-60951.png,lt,17
data/raw/hasyv2_download/hasy-data/v2-00417.png,6,6
data/raw/hasyv2_download/hasy-data/v2-138212.png,infty,15
data/raw/hasyv2_download/hasy-data/v2-66559.png,minus,18
data/raw/hasyv2_download/hasy-data/v2-20184.png,2,2
data/raw/hasyv2_download/hasy-data/v2-01455.png,c,12
data/raw/hasyv2_download/hasy-data/v2-76387.png,times,22
data/raw/hasyv2_download/hasy-data/v2-76272.png,times,22
data/raw/hasyv2_download/hasy-data/v2-29706.png,a,10
data/raw/hasyv2_download/hasy-data/v2-138309.png,infty,15
data/raw/hasyv2_download/hasy-data/v2-20111.png,1,1
data/raw/hasyv2_download/hasy-data/v2-05583.png,plus,19
data/raw/hasyv2_download/hasy-data/v2-132660.png,lbracket,16
data/raw/hasyv2_download/hasy-data/v2-145506.png,sqrt,21
data/raw/hasyv2_download/hasy-data/v2-145022.png,sqrt,21
data/raw/hasyv2_download/hasy-data/v2-145348.png,sqrt,21
data/raw/hasyv2_download/hasy-data/v2-145653.png,sqrt,21
data/raw/hasyv2_download/hasy-data/v2-20105.png,1,1
data/raw/hasyv2_download/hasy-data/v2-138028.png,infty,15
data/raw/hasyv2_download/hasy-data/v2-76575.png,times,22
data/raw/hasyv2_download/hasy-data/v2-80429.png,div,13
data/raw/hasyv2_download/hasy-data/v2-138218.png,infty,15
data/raw/hasyv2_download/hasy-data/v2-20387.png,4,4
data/raw/hasyv2_download/hasy-data/v2-13690.png,infty,15
data/raw/hasyv2_download/hasy-data/v2-75767.png,times,22
data/raw/hasyv2_download/hasy-data/v2-132928.png,lbracket,16
data/raw/hasyv2_download/hasy-data/v2-145728.png,sqrt,21
data/raw/hasyv2_download/hasy-data/v2-132876.png,lbracket,16
data/raw/hasyv2_download/hasy-data/v2-06599.png,times,22
data/raw/hasyv2_download/hasy-data/v2-75988.png,times,22
data/raw/hasyv2_download/hasy-data/v2-139168.png,infty,15
data/raw/hasyv2_download/hasy-data/v2-20117.png,1,1
data/raw/hasyv2_download/hasy-data/v2-139806.png,infty,15
data/raw/hasyv2_download/hasy-data/v2-13711.png,infty,15
data/raw/hasyv2_download/hasy-data/v2-133152.png,lbracket,16
data/raw/hasyv2_download/hasy-data/v2-145633.png,sqrt,21
data/raw/hasyv2_download/hasy-data/v2-133506.png,rbracket,20
data/raw/hasyv2_download/hasy-data/v2-138239.png,infty,15
data/raw/hasyv2_download/hasy-data/v2-80201.png,div,13
data/raw/hasyv2_download/hasy-data/v2-75614.png,times,22
data/raw/hasyv2_download/hasy-data/v2-138356.png,infty,15
data/raw/hasyv2_download/hasy-data/v2-76204.png,times,22
data/raw/hasyv2_download/hasy-data/v2-20477.png,5,5
data/raw/hasyv2_download/hasy-data/v2-145479.png,sqrt,21
data/raw/hasyv2_download/hasy-data/v2-138703.png,infty,15
data/raw/hasyv2_download/hasy-data/v2-137362.png,infty,15
data/raw/hasyv2_download/hasy-data/v2-60964.png,lt,17
data/raw/hasyv2_download/hasy-data/v2-137404.png,infty,15
data/raw/hasyv2_download/hasy-data/v2-145111.png,sqrt,21
data/raw/hasyv2_download/hasy-data/v2-20193.png,2,2
data/raw/hasyv2_download/hasy-data/v2-06720.png,times,22
data/raw/hasyv2_download/hasy-data/v2-145236.png,sqrt,21
data/raw/hasyv2_download/hasy-data/v2-132774.png,lbracket,16
data/raw/hasyv2_download/hasy-data/v2-20121.png,1,1
data/raw/hasyv2_download/hasy-data/v2-01583.png,x,23
data/raw/hasyv2_download/hasy-data/v2-138115.png,infty,15
data/raw/hasyv2_download/hasy-data/v2-132549.png,lbracket,16
data/raw/hasyv2_download/hasy-data/v2-76719.png,times,22
data/raw/hasyv2_download/hasy-data/v2-133542.png,rbracket,20
data/raw/hasyv2_download/hasy-data/v2-29673.png,a,10
data/raw/hasyv2_download/hasy-data/v2-20504.png,6,6
data/raw/hasyv2_download/hasy-data/v2-76224.png,times,22
data/raw/hasyv2_download/hasy-data/v2-138985.png,infty,15
data/raw/hasyv2_download/hasy-data/v2-145101.png,sqrt,21
data/raw/hasyv2_download/hasy-data/v2-137336.png,infty,15
data/raw/hasyv2_download/hasy-data/v2-145464.png,sqrt,21
data/raw/hasyv2_download/hasy-data/v2-144998.png,sqrt,21
data/raw/hasyv2_download/hasy-data/v2-133249.png,lbracket,16
data/raw/hasyv2_download/hasy-data/v2-13685.png,infty,15
data/raw/hasyv2_download/hasy-data/v2-137575.png,infty,15
data/raw/hasyv2_download/hasy-data/v2-75973.png,times,22
data/raw/hasyv2_download/hasy-data/v2-13767.png,infty,15
data/raw/hasyv2_download/hasy-data/v2-06732.png,times,22
data/raw/hasyv2_download/hasy-data/v2-61074.png,gt,14
data/raw/hasyv2_download/hasy-data/v2-132596.png,lbracket,16
data/raw/hasyv2_download/hasy-data/v2-13074.png,lbracket,16
data/raw/hasyv2_download/hasy-data/v2-132858.png,lbracket,16
data/raw/hasyv2_download/hasy-data/v2-76386.png,times,22
data/raw/hasyv2_download/hasy-data/v2-13143.png,rbracket,20
data/raw/hasyv2_download/hasy-data/v2-06716.png,times,22
data/raw/hasyv2_download/hasy-data/v2-20494.png,6,6
data/raw/hasyv2_download/hasy-data/v2-138024.png,infty,15
data/raw/hasyv2_download/hasy-data/v2-132821.png,lbracket,16
data/raw/hasyv2_download/hasy-data/v2-66671.png,plus,19
data/raw/hasyv2_download/hasy-data/v2-30965.png,z,25
data/raw/hasyv2_download/hasy-data/v2-05582.png,plus,19
data/raw/hasyv2_download/hasy-data/v2-13667.png,infty,15
data/raw/hasyv2_download/hasy-data/v2-30887.png,y,24
data/raw/hasyv2_download/hasy-data/v2-66614.png,plus,19
data/raw/hasyv2_download/hasy-data/v2-139058.png,infty,15
data/raw/hasyv2_download/hasy-data/v2-145168.png,sqrt,21
data/raw/hasyv2_download/hasy-data/v2-75581.png,times,22
data/raw/hasyv2_download/hasy-data/v2-132558.png,lbracket,16
data/raw/hasyv2_download/hasy-data/v2-145207.png,sqrt,21
data/raw/hasyv2_download/hasy-data/v2-66665.png,plus,19
data/raw/hasyv2_download/hasy-data/v2-20797.png,9,9
data/raw/hasyv2_download/hasy-data/v2-139220.png,infty,15
data/raw/hasyv2_download/hasy-data/v2-138296.png,infty,15
data/raw/hasyv2_download/hasy-data/v2-76285.png,times,22
data/raw/hasyv2_download/hasy-data/v2-139184.png,infty,15
data/raw/hasyv2_download/hasy-data/v2-145550.png,sqrt,21
data/raw/hasyv2_download/hasy-data/v2-30984.png,z,25
data/raw/hasyv2_download/hasy-data/v2-06625.png,times,22
data/raw/hasyv2_download/hasy-data/v2-30898.png,y,24
data/raw/hasyv2_download/hasy-data/v2-138855.png,infty,15
data/raw/hasyv2_download/hasy-data/v2-138579.png,infty,15
data/raw/hasyv2_download/hasy-data/v2-139079.png,infty,15
data/raw/hasyv2_download/hasy-data/v2-145515.png,sqrt,21
data/raw/hasyv2_download/hasy-data/v2-20443.png,5,5
data/raw/hasyv2_download/hasy-data/v2-76300.png,times,22
data/raw/hasyv2_download/hasy-data/v2-145450.png,sqrt,21
data/raw/hasyv2_download/hasy-data/v2-76828.png,times,22
data/raw/hasyv2_download/hasy-data/v2-145537.png,sqrt,21
data/raw/hasyv2_download/hasy-data/v2-06592.png,times,22
data/raw/hasyv2_download/hasy-data/v2-144976.png,sqrt,21
data/raw/hasyv2_download/hasy-data/v2-138341.png,infty,15
data/raw/hasyv2_download/hasy-data/v2-76481.png,times,22
data/raw/hasyv2_download/hasy-data/v2-76338.png,times,22
data/raw/hasyv2_download/hasy-data/v2-14433.png,sqrt,21
data/raw/hasyv2_download/hasy-data/v2-137810.png,infty,15
data/raw/hasyv2_download/hasy-data/v2-138055.png,infty,15
data/raw/hasyv2_download/hasy-data/v2-137664.png,infty,15
data/raw/hasyv2_download/hasy-data/v2-30987.png,z,25
data/raw/hasyv2_download/hasy-data/v2-139827.png,infty,15
data/raw/hasyv2_download/hasy-data/v2-80204.png,div,13
data/raw/hasyv2_download/hasy-data/v2-138129.png,infty,15
data/raw/hasyv2_download/hasy-data/v2-20390.png,4,4
data/raw/hasyv2_download/hasy-data/v2-76655.png,times,22
data/raw/hasyv2_download/hasy-data/v2-137291.png,infty,15
data/raw/hasyv2_download/hasy-data/v2-19982.png,0,0
data/raw/hasyv2_download/hasy-data/v2-145397.png,sqrt,21
data/raw/hasyv2_download/hasy-data/v2-132848.png,lbracket,16
data/raw/hasyv2_download/hasy-data/v2-30856.png,x,23
data/raw/hasyv2_download/hasy-data/v2-13797.png,infty,15
data/raw/hasyv2_download/hasy-data/v2-20341.png,3,3
data/raw/hasyv2_download/hasy-data/v2-137424.png,infty,15
data/raw/hasyv2_download/hasy-data/v2-133244.png,lbracket,16
data/raw/hasyv2_download/hasy-data/v2-139478.png,infty,15
data/raw/hasyv2_download/hasy-data/v2-19997.png,0,0
data/raw/hasyv2_download/hasy-data/v2-137763.png,infty,15
data/raw/hasyv2_download/hasy-data/v2-06658.png,times,22
data/raw/hasyv2_download/hasy-data/v2-07140.png,div,13
data/raw/hasyv2_download/hasy-data/v2-138136.png,infty,15
data/raw/hasyv2_download/hasy-data/v2-132956.png,lbracket,16
data/raw/hasyv2_download/hasy-data/v2-20166.png,2,2
data/raw/hasyv2_download/hasy-data/v2-139513.png,infty,15
data/raw/hasyv2_download/hasy-data/v2-20607.png,7,7
data/raw/hasyv2_download/hasy-data/v2-145688.png,sqrt,21
data/raw/hasyv2_download/hasy-data/v2-06679.png,times,22
data/raw/hasyv2_download/hasy-data/v2-138564.png,infty,15
data/raw/hasyv2_download/hasy-data/v2-138875.png,infty,15
data/raw/hasyv2_download/hasy-data/v2-20346.png,3,3
data/raw/hasyv2_download/hasy-data/v2-76862.png,times,22
data/raw/hasyv2_download/hasy-data/v2-133294.png,lbracket,16
data/raw/hasyv2_download/hasy-data/v2-66502.png,minus,18
data/raw/hasyv2_download/hasy-data/v2-80254.png,div,13
data/raw/hasyv2_download/hasy-data/v2-76404.png,times,22
data/raw/hasyv2_download/hasy-data/v2-138139.png,infty,15
data/raw/hasyv2_download/hasy-data/v2-76294.png,times,22
data/raw/hasyv2_download/hasy-data/v2-139482.png,infty,15
data/raw/hasyv2_download/hasy-data/v2-132687.png,lbracket,16
data/raw/hasyv2_download/hasy-data/v2-145316.png,sqrt,21
data/raw/hasyv2_download/hasy-data/v2-76450.png,times,22
data/raw/hasyv2_download/hasy-data/v2-138680.png,infty,15
data/raw/hasyv2_download/hasy-data/v2-145615.png,sqrt,21
data/raw/hasyv2_download/hasy-data/v2-30982.png,z,25
data/raw/hasyv2_download/hasy-data/v2-133568.png,rbracket,20
data/raw/hasyv2_download/hasy-data/v2-137537.png,infty,15
data/raw/hasyv2_download/hasy-data/v2-75987.png,times,22
data/raw/hasyv2_download/hasy-data/v2-75997.png,times,22
data/raw/hasyv2_download/hasy-data/v2-139799.png,infty,15
data/raw/hasyv2_download/hasy-data/v2-76179.png,times,22
data/raw/hasyv2_download/hasy-data/v2-61017.png,lt,17
data/raw/hasyv2_download/hasy-data/v2-145228.png,sqrt,21
data/raw/hasyv2_download/hasy-data/v2-132563.png,lbracket,16
data/raw/hasyv2_download/hasy-data/v2-76605.png,times,22
data/raw/hasyv2_download/hasy-data/v2-138159.png,infty,15
data/raw/hasyv2_download/hasy-data/v2-19961.png,0,0
data/raw/hasyv2_download/hasy-data/v2-132799.png,lbracket,16
data/raw/hasyv2_download/hasy-data/v2-20040.png,1,1
data/raw/hasyv2_download/hasy-data/v2-139833.png,infty,15
data/raw/hasyv2_download/hasy-data/v2-20695.png,8,8
data/raw/hasyv2_download/hasy-data/v2-133036.png,lbracket,16
data/raw/hasyv2_download/hasy-data/v2-20582.png,7,7
data/raw/hasyv2_download/hasy-data/v2-137469.png,infty,15
data/raw/hasyv2_download/hasy-data/v2-29721.png,b,11
data/raw/hasyv2_download/hasy-data/v2-132884.png,lbracket,16
data/raw/hasyv2_download/hasy-data/v2-76255.png,times,22
data/raw/hasyv2_download/hasy-data/v2-139587.png,infty,15
data/raw/hasyv2_download/hasy-data/v2-139707.png,infty,15
data/raw/hasyv2_download/hasy-data/v2-139176.png,infty,15
data/raw/hasyv2_download/hasy-data/v2-138835.png,infty,15
data/raw/hasyv2_download/hasy-data/v2-139302.png,infty,15
data/raw/hasyv2_download/hasy-data/v2-137290.png,infty,15
data/raw/hasyv2_download/hasy-data/v2-138088.png,infty,15
data/raw/hasyv2_download/hasy-data/v2-00390.png,3,3
data/raw/hasyv2_download/hasy-data/v2-145778.png,sqrt,21
data/raw/hasyv2_download/hasy-data/v2-29767.png,c,12
data/raw/hasyv2_download/hasy-data/v2-145726.png,sqrt,21
data/raw/hasyv2_download/hasy-data/v2-145802.png,sqrt,21
data/raw/hasyv2_download/hasy-data/v2-20714.png,8,8
data/raw/hasyv2_download/hasy-data/v2-66520.png,minus,18
data/raw/hasyv2_download/hasy-data/v2-139143.png,infty,15
data/raw/hasyv2_download/hasy-data/v2-138389.png,infty,15
data/raw/hasyv2_download/hasy-data/v2-19929.png,0,0
data/raw/hasyv2_download/hasy-data/v2-137504.png,infty,15
data/raw/hasyv2_download/hasy-data/v2-138012.png,infty,15
data/raw/hasyv2_download/hasy-data/v2-137717.png,infty,15
data/raw/hasyv2_download/hasy-data/v2-137797.png,infty,15
data/raw/hasyv2_download/hasy-data/v2-14502.png,sqrt,21
data/raw/hasyv2_download/hasy-data/v2-145112.png,sqrt,21
data/raw/hasyv2_download/hasy-data/v2-137311.png,infty,15
data/raw/hasyv2_download/hasy-data/v2-138281.png,infty,15
data/raw/hasyv2_download/hasy-data/v2-29743.png,b,11
data/raw/hasyv2_download/hasy-data/v2-138973.png,infty,15
data/raw/hasyv2_download/hasy-data/v2-138676.png,infty,15
data/raw/hasyv2_download/hasy-data/v2-06634.png,times,22
data/raw/hasyv2_download/hasy-data/v2-76634.png,times,22
data/raw/hasyv2_download/hasy-data/v2-139420.png,infty,15
data/raw/hasyv2_download/hasy-data/v2-144968.png,sqrt,21
data/raw/hasyv2_download/hasy-data/v2-61122.png,gt,14
data/raw/hasyv2_download/hasy-data/v2-13034.png,lbracket,16
data/raw/hasyv2_download/hasy-data/v2-145717.png,sqrt,21
data/raw/hasyv2_download/hasy-data/v2-20781.png,9,9
data/raw/hasyv2_download/hasy-data/v2-145449.png,sqrt,21
data/raw/hasyv2_download/hasy-data/v2-76091.png,times,22
data/raw/hasyv2_download/hasy-data/v2-145780.png,sqrt,21
data/raw/hasyv2_download/hasy-data/v2-80339.png,div,13
data/raw/hasyv2_download/hasy-data/v2-05570.png,minus,18
data/raw/hasyv2_download/hasy-data/v2-137344.png,infty,15
data/raw/hasyv2_download/hasy-data/v2-13636.png,infty,15
data/raw/hasyv2_download/hasy-data/v2-132575.png,lbracket,16
data/raw/hasyv2_download/hasy-data/v2-133330.png,lbracket,16
data/raw/hasyv2_download/hasy-data/v2-13133.png,rbracket,20
data/raw/hasyv2_download/hasy-data/v2-20775.png,9,9
data/raw/hasyv2_download/hasy-data/v2-139325.png,infty,15
data/raw/hasyv2_download/hasy-data/v2-139113.png,infty,15
data/raw/hasyv2_download/hasy-data/v2-75771.png,times,22
data/raw/hasyv2_download/hasy-data/v2-137525.png,infty,15
data/raw/hasyv2_download/hasy-data/v2-00359.png,1,1
data/raw/hasyv2_download/hasy-data/v2-132693.png,lbracket,16
data/raw/hasyv2_download/hasy-data/v2-29806.png,c,12
data/raw/hasyv2_download/hasy-data/v2-76705.png,times,22
data/raw/hasyv2_download/hasy-data/v2-80325.png,div,13
data/raw/hasyv2_download/hasy-data/v2-29647.png,a,10
data/raw/hasyv2_download/hasy-data/v2-139151.png,infty,15
data/raw/hasyv2_download/hasy-data/v2-76660.png,times,22
data/raw/hasyv2_download/hasy-data/v2-29631.png,a,10
data/raw/hasyv2_download/hasy-data/v2-76461.png,times,22
data/raw/hasyv2_download/hasy-data/v2-138562.png,infty,15
data/raw/hasyv2_download/hasy-data/v2-145300.png,sqrt,21
data/raw/hasyv2_download/hasy-data/v2-20637.png,7,7
data/raw/hasyv2_download/hasy-data/v2-145702.png,sqrt,21
data/raw/hasyv2_download/hasy-data/v2-76847.png,times,22
data/raw/hasyv2_download/hasy-data/v2-138858.png,infty,15
data/raw/hasyv2_download/hasy-data/v2-145654.png,sqrt,21
data/raw/hasyv2_download/hasy-data/v2-66617.png,plus,19
data/raw/hasyv2_download/hasy-data/v2-145665.png,sqrt,21
data/raw/hasyv2_download/hasy-data/v2-145199.png,sqrt,21
data/raw/hasyv2_download/hasy-data/v2-137702.png,infty,15
data/raw/hasyv2_download/hasy-data/v2-20019.png,0,0
data/raw/hasyv2_download/hasy-data/v2-20227.png,2,2
data/raw/hasyv2_download/hasy-data/v2-132786.png,lbracket,16
data/raw/hasyv2_download/hasy-data/v2-137428.png,infty,15
data/raw/hasyv2_download/hasy-data/v2-138648.png,infty,15
data/raw/hasyv2_download/hasy-data/v2-00438.png,8,8
data/raw/hasyv2_download/hasy-data/v2-138583.png,infty,15
data/raw/hasyv2_download/hasy-data/v2-132601.png,lbracket,16
data/raw/hasyv2_download/hasy-data/v2-133415.png,rbracket,20
data/raw/hasyv2_download/hasy-data/v2-30943.png,z,25
data/raw/hasyv2_download/hasy-data/v2-138612.png,infty,15
data/raw/hasyv2_download/hasy-data/v2-76702.png,times,22
data/raw/hasyv2_download/hasy-data/v2-139857.png,infty,15
data/raw/hasyv2_download/hasy-data/v2-06633.png,times,22
data/raw/hasyv2_download/hasy-data/v2-133433.png,rbracket,20
data/raw/hasyv2_download/hasy-data/v2-75999.png,times,22
data/raw/hasyv2_download/hasy-data/v2-66627.png,plus,19
data/raw/hasyv2_download/hasy-data/v2-75952.png,times,22
data/raw/hasyv2_download/hasy-data/v2-145669.png,sqrt,21
data/raw/hasyv2_download/hasy-data/v2-13093.png,lbracket,16
data/raw/hasyv2_download/hasy-data/v2-76734.png,times,22
data/raw/hasyv2_download/hasy-data/v2-76014.png,times,22
data/raw/hasyv2_download/hasy-data/v2-145622.png,sqrt,21
data/raw/hasyv2_download/hasy-data/v2-138098.png,infty,15
data/raw/hasyv2_download/hasy-data/v2-75922.png,times,22
data/raw/hasyv2_download/hasy-data/v2-138844.png,infty,15
data/raw/hasyv2_download/hasy-data/v2-145102.png,sqrt,21
data/raw/hasyv2_download/hasy-data/v2-76083.png,times,22
data/raw/hasyv2_download/hasy-data/v2-132998.png,lbracket,16
data/raw/hasyv2_download/hasy-data/v2-00373.png,2,2
data/raw/hasyv2_download/hasy-data/v2-13590.png,infty,15
data/raw/hasyv2_download/hasy-data/v2-132963.png,lbracket,16
data/raw/hasyv2_download/hasy-data/v2-138702.png,infty,15
data/raw/hasyv2_download/hasy-data/v2-137292.png,infty,15
data/raw/hasyv2_download/hasy-data/v2-30905.png,y,24
data/raw/hasyv2_download/hasy-data/v2-20518.png,6,6
data/raw/hasyv2_download/hasy-data/v2-20067.png,1,1
data/raw/hasyv2_download/hasy-data/v2-14455.png,sqrt,21
data/raw/hasyv2_download/hasy-data/v2-137756.png,infty,15
data/raw/hasyv2_download/hasy-data/v2-20073.png,1,1
data/raw/hasyv2_download/hasy-data/v2-13763.png,infty,15
data/raw/hasyv2_download/hasy-data/v2-137391.png,infty,15
data/raw/hasyv2_download/hasy-data/v2-138331.png,infty,15
data/raw/hasyv2_download/hasy-data/v2-133323.png,lbracket,16
data/raw/hasyv2_download/hasy-data/v2-66498.png,minus,18
data/raw/hasyv2_download/hasy-data/v2-139206.png,infty,15
data/raw/hasyv2_download/hasy-data/v2-20551.png,6,6
data/raw/hasyv2_download/hasy-data/v2-138432.png,infty,15
data/raw/hasyv2_download/hasy-data/v2-20240.png,2,2
data/raw/hasyv2_download/hasy-data/v2-138350.png,infty,15
data/raw/hasyv2_download/hasy-data/v2-13084.png,lbracket,16
data/raw/hasyv2_download/hasy-data/v2-20296.png,3,3
data/raw/hasyv2_download/hasy-data/v2-138863.png,infty,15
data/raw/hasyv2_download/hasy-data/v2-20565.png,6,6
data/raw/hasyv2_download/hasy-data/v2-139693.png,infty,15
data/raw/hasyv2_download/hasy-data/v2-137313.png,infty,15
data/raw/hasyv2_download/hasy-data/v2-20241.png,2,2
data/raw/hasyv2_download/hasy-data/v2-20103.png,1,1
data/raw/hasyv2_download/hasy-data/v2-76679.png,times,22
data/raw/hasyv2_download/hasy-data/v2-80345.png,div,13
data/raw/hasyv2_download/hasy-data/v2-07143.png,div,13
data/raw/hasyv2_download/hasy-data/v2-13738.png,infty,15
data/raw/hasyv2_download/hasy-data/v2-66536.png,minus,18
data/raw/hasyv2_download/hasy-data/v2-13132.png,rbracket,20
data/raw/hasyv2_download/hasy-data/v2-145040.png,sqrt,21
data/raw/hasyv2_download/hasy-data/v2-133026.png,lbracket,16
data/raw/hasyv2_download/hasy-data/v2-139721.png,infty,15
data/raw/hasyv2_download/hasy-data/v2-76850.png,times,22
data/raw/hasyv2_download/hasy-data/v2-137888.png,infty,15
data/raw/hasyv2_download/hasy-data/v2-75911.png,times,22
data/raw/hasyv2_download/hasy-data/v2-76394.png,times,22
data/raw/hasyv2_download/hasy-data/v2-76334.png,times,22
data/raw/hasyv2_download/hasy-data/v2-14500.png,sqrt,21
data/raw/hasyv2_download/hasy-data/v2-139680.png,infty,15
data/raw/hasyv2_download/hasy-data/v2-145073.png,sqrt,21
data/raw/hasyv2_download/hasy-data/v2-75703.png,times,22
data/raw/hasyv2_download/hasy-data/v2-137786.png,infty,15
data/raw/hasyv2_download/hasy-data/v2-20290.png,3,3
data/raw/hasyv2_download/hasy-data/v2-139687.png,infty,15
data/raw/hasyv2_download/hasy-data/v2-137900.png,infty,15
data/raw/hasyv2_download/hasy-data/v2-61008.png,lt,17
data/raw/hasyv2_download/hasy-data/v2-76031.png,times,22
data/raw/hasyv2_download/hasy-data/v2-13837.png,infty,15
data/raw/hasyv2_download/hasy-data/v2-133278.png,lbracket,16
data/raw/hasyv2_download/hasy-data/v2-76268.png,times,22
data/raw/hasyv2_download/hasy-data/v2-138415.png,infty,15
data/raw/hasyv2_download/hasy-data/v2-20403.png,4,4
data/raw/hasyv2_download/hasy-data/v2-80348.png,div,13
data/raw/hasyv2_download/hasy-data/v2-76696.png,times,22
data/raw/hasyv2_download/hasy-data/v2-138449.png,infty,15
data/raw/hasyv2_download/hasy-data/v2-139380.png,infty,15
data/raw/hasyv2_download/hasy-data/v2-76642.png,times,22
data/raw/hasyv2_download/hasy-data/v2-80414.png,div,13
data/raw/hasyv2_download/hasy-data/v2-133169.png,lbracket,16
data/raw/hasyv2_download/hasy-data/v2-132627.png,lbracket,16
data/raw/hasyv2_download/hasy-data/v2-20007.png,0,0
data/raw/hasyv2_download/hasy-data/v2-01440.png,a,10
data/raw/hasyv2_download/hasy-data/v2-76732.png,times,22
data/raw/hasyv2_download/hasy-data/v2-76379.png,times,22
data/raw/hasyv2_download/hasy-data/v2-138462.png,infty,15
data/raw/hasyv2_download/hasy-data/v2-132626.png,lbracket,16
data/raw/hasyv2_download/hasy-data/v2-145462.png,sqrt,21
data/raw/hasyv2_download/hasy-data/v2-76359.png,times,22
data/raw/hasyv2_download/hasy-data/v2-01452.png,c,12
data/raw/hasyv2_download/hasy-data/v2-145730.png,sqrt,21
data/raw/hasyv2_download/hasy-data/v2-13129.png,rbracket,20
data/raw/hasyv2_download/hasy-data/v2-75920.png,times,22
data/raw/hasyv2_download/hasy-data/v2-132664.png,lbracket,16
data/raw/hasyv2_download/hasy-data/v2-30900.png,y,24
data/raw/hasyv2_download/hasy-data/v2-138116.png,infty,15
data/raw/hasyv2_download/hasy-data/v2-139396.png,infty,15
data/raw/hasyv2_download/hasy-data/v2-76320.png,times,22
data/raw/hasyv2_download/hasy-data/v2-19953.png,0,0
data/raw/hasyv2_download/hasy-data/v2-137559.png,infty,15
data/raw/hasyv2_download/hasy-data/v2-75805.png,times,22
data/raw/hasyv2_download/hasy-data/v2-80355.png,div,13
data/raw/hasyv2_download/hasy-data/v2-145267.png,sqrt,21
data/raw/hasyv2_download/hasy-data/v2-60993.png,lt,17
data/raw/hasyv2_download/hasy-data/v2-76151.png,times,22
data/raw/hasyv2_download/hasy-data/v2-76818.png,times,22
data/raw/hasyv2_download/hasy-data/v2-138675.png,infty,15
data/raw/hasyv2_download/hasy-data/v2-13811.png,infty,15
data/raw/hasyv2_download/hasy-data/v2-20552.png,6,6
data/raw/hasyv2_download/hasy-data/v2-29818.png,c,12
data/raw/hasyv2_download/hasy-data/v2-01591.png,z,25
data/raw/hasyv2_download/hasy-data/v2-30861.png,x,23
data/raw/hasyv2_download/hasy-data/v2-137553.png,infty,15
data/raw/hasyv2_download/hasy-data/v2-75859.png,times,22
data/raw/hasyv2_download/hasy-data/v2-137625.png,infty,15
data/raw/hasyv2_download/hasy-data/v2-137979.png,infty,15
data/raw/hasyv2_download/hasy-data/v2-132905.png,lbracket,16
data/raw/hasyv2_download/hasy-data/v2-133437.png,rbracket,20
data/raw/hasyv2_download/hasy-data/v2-137535.png,infty,15
data/raw/hasyv2_download/hasy-data/v2-66645.png,plus,19
data/raw/hasyv2_download/hasy-data/v2-132879.png,lbracket,16
data/raw/hasyv2_download/hasy-data/v2-75949.png,times,22
data/raw/hasyv2_download/hasy-data/v2-29727.png,b,11
data/raw/hasyv2_download/hasy-data/v2-20446.png,5,5
data/raw/hasyv2_download/hasy-data/v2-80329.png,div,13
data/raw/hasyv2_download/hasy-data/v2-133037.png,lbracket,16
data/raw/hasyv2_download/hasy-data/v2-133410.png,rbracket,20
data/raw/hasyv2_download/hasy-data/v2-139686.png,infty,15
data/raw/hasyv2_download/hasy-data/v2-138587.png,infty,15
data/raw/hasyv2_download/hasy-data/v2-137787.png,infty,15
data/raw/hasyv2_download/hasy-data/v2-20631.png,7,7
data/raw/hasyv2_download/hasy-data/v2-139685.png,infty,15
data/raw/hasyv2_download/hasy-data/v2-76796.png,times,22
data/raw/hasyv2_download/hasy-data/v2-20094.png,1,1
data/raw/hasyv2_download/hasy-data/v2-145472.png,sqrt,21
data/raw/hasyv2_download/hasy-data/v2-138002.png,infty,15
data/raw/hasyv2_download/hasy-data/v2-76127.png,times,22
data/raw/hasyv2_download/hasy-data/v2-76060.png,times,22
data/raw/hasyv2_download/hasy-data/v2-20701.png,8,8
data/raw/hasyv2_download/hasy-data/v2-137355.png,infty,15
data/raw/hasyv2_download/hasy-data/v2-138500.png,infty,15
data/raw/hasyv2_download/hasy-data/v2-138663.png,infty,15
data/raw/hasyv2_download/hasy-data/v2-138173.png,infty,15
data/raw/hasyv2_download/hasy-data/v2-139828.png,infty,15
data/raw/hasyv2_download/hasy-data/v2-132907.png,lbracket,16
data/raw/hasyv2_download/hasy-data/v2-76821.png,times,22
data/raw/hasyv2_download/hasy-data/v2-20486.png,6,6
data/raw/hasyv2_download/hasy-data/v2-145703.png,sqrt,21
data/raw/hasyv2_download/hasy-data/v2-133545.png,rbracket,20
data/raw/hasyv2_download/hasy-data/v2-80227.png,div,13
data/raw/hasyv2_download/hasy-data/v2-66528.png,minus,18
data/raw/hasyv2_download/hasy-data/v2-145178.png,sqrt,21
data/raw/hasyv2_download/hasy-data/v2-76666.png,times,22
data/raw/hasyv2_download/hasy-data/v2-138747.png,infty,15
data/raw/hasyv2_download/hasy-data/v2-139377.png,infty,15
data/raw/hasyv2_download/hasy-data/v2-06683.png,times,22
data/raw/hasyv2_download/hasy-data/v2-145583.png,sqrt,21
data/raw/hasyv2_download/hasy-data/v2-30930.png,y,24
data/raw/hasyv2_download/hasy-data/v2-75838.png,times,22
data/raw/hasyv2_download/hasy-data/v2-132942.png,lbracket,16
data/raw/hasyv2_download/hasy-data/v2-132825.png,lbracket,16
data/raw/hasyv2_download/hasy-data/v2-139169.png,infty,15
data/raw/hasyv2_download/hasy-data/v2-137649.png,infty,15
data/raw/hasyv2_download/hasy-data/v2-80393.png,div,13
data/raw/hasyv2_download/hasy-data/v2-137687.png,infty,15
data/raw/hasyv2_download/hasy-data/v2-133090.png,lbracket,16
data/raw/hasyv2_download/hasy-data/v2-76044.png,times,22
data/raw/hasyv2_download/hasy-data/v2-76066.png,times,22
data/raw/hasyv2_download/hasy-data/v2-145082.png,sqrt,21
data/raw/hasyv2_download/hasy-data/v2-138081.png,infty,15
data/raw/hasyv2_download/hasy-data/v2-139072.png,infty,15
data/raw/hasyv2_download/hasy-data/v2-75862.png,times,22
data/raw/hasyv2_download/hasy-data/v2-29754.png,b,11
data/raw/hasyv2_download/hasy-data/v2-133382.png,rbracket,20
data/raw/hasyv2_download/hasy-data/v2-76028.png,times,22
data/raw/hasyv2_download/hasy-data/v2-145593.png,sqrt,21
data/raw/hasyv2_download/hasy-data/v2-145014.png,sqrt,21
data/raw/hasyv2_download/hasy-data/v2-66567.png,minus,18
data/raw/hasyv2_download/hasy-data/v2-137758.png,infty,15
data/raw/hasyv2_download/hasy-data/v2-76794.png,times,22
data/raw/hasyv2_download/hasy-data/v2-20690.png,8,8
data/raw/hasyv2_download/hasy-data/v2-75602.png,times,22
data/raw/hasyv2_download/hasy-data/v2-132855.png,lbracket,16
data/raw/hasyv2_download/hasy-data/v2-20618.png,7,7
data/raw/hasyv2_download/hasy-data/v2-76469.png,times,22
data/raw/hasyv2_download/hasy-data/v2-139291.png,infty,15
data/raw/hasyv2_download/hasy-data/v2-132752.png,lbracket,16
data/raw/hasyv2_download/hasy-data/v2-13055.png,lbracket,16
data/raw/hasyv2_download/hasy-data/v2-145452.png,sqrt,21
data/raw/hasyv2_download/hasy-data/v2-76475.png,times,22
data/raw/hasyv2_download/hasy-data/v2-138043.png,infty,15
data/raw/hasyv2_download/hasy-data/v2-14428.png,sqrt,21
data/raw/hasyv2_download/hasy-data/v2-76376.png,times,22
data/raw/hasyv2_download/hasy-data/v2-139200.png,infty,15
data/raw/hasyv2_download/hasy-data/v2-76157.png,times,22
data/raw/hasyv2_download/hasy-data/v2-19941.png,0,0
data/raw/hasyv2_download/hasy-data/v2-145208.png,sqrt,21
data/raw/hasyv2_download/hasy-data/v2-76419.png,times,22
data/raw/hasyv2_download/hasy-data/v2-66572.png,minus,18
data/raw/hasyv2_download/hasy-data/v2-138158.png,infty,15
data/raw/hasyv2_download/hasy-data/v2-76414.png,times,22
data/raw/hasyv2_download/hasy-data/v2-29807.png,c,12
data/raw/hasyv2_download/hasy-data/v2-75994.png,times,22
data/raw/hasyv2_download/hasy-data/v2-76209.png,times,22
data/raw/hasyv2_download/hasy-data/v2-76417.png,times,22
data/raw/hasyv2_download/hasy-data/v2-75598.png,times,22
data/raw/hasyv2_download/hasy-data/v2-137312.png,infty,15
data/raw/hasyv2_download/hasy-data/v2-75957.png,times,22
data/raw/hasyv2_download/hasy-data/v2-76139.png,times,22
data/raw/hasyv2_download/hasy-data/v2-132952.png,lbracket,16
data/raw/hasyv2_download/hasy-data/v2-145230.png,sqrt,21
data/raw/hasyv2_download/hasy-data/v2-133230.png,lbracket,16
data/raw/hasyv2_download/hasy-data/v2-138790.png,infty,15
data/raw/hasyv2_download/hasy-data/v2-20275.png,3,3
data/raw/hasyv2_download/hasy-data/v2-138221.png,infty,15
data/raw/hasyv2_download/hasy-data/v2-76757.png,times,22
data/raw/hasyv2_download/hasy-data/v2-139792.png,infty,15
data/raw/hasyv2_download/hasy-data/v2-137300.png,infty,15
data/raw/hasyv2_download/hasy-data/v2-144995.png,sqrt,21
data/raw/hasyv2_download/hasy-data/v2-75992.png,times,22
data/raw/hasyv2_download/hasy-data/v2-139063.png,infty,15
data/raw/hasyv2_download/hasy-data/v2-20546.png,6,6
data/raw/hasyv2_download/hasy-data/v2-20281.png,3,3
data/raw/hasyv2_download/hasy-data/v2-138185.png,infty,15
data/raw/hasyv2_download/hasy-data/v2-145638.png,sqrt,21
data/raw/hasyv2_download/hasy-data/v2-139630.png,infty,15
data/raw/hasyv2_download/hasy-data/v2-00367.png,1,1
data/raw/hasyv2_download/hasy-data/v2-76396.png,times,22
data/raw/hasyv2_download/hasy-data/v2-20536.png,6,6
data/raw/hasyv2_download/hasy-data/v2-145289.png,sqrt,21
data/raw/hasyv2_download/hasy-data/v2-06702.png,times,22
data/raw/hasyv2_download/hasy-data/v2-133108.png,lbracket,16
data/raw/hasyv2_download/hasy-data/v2-137997.png,infty,15
data/raw/hasyv2_download/hasy-data/v2-76169.png,times,22
data/raw/hasyv2_download/hasy-data/v2-19988.png,0,0
data/raw/hasyv2_download/hasy-data/v2-133207.png,lbracket,16
data/raw/hasyv2_download/hasy-data/v2-20343.png,3,3
data/raw/hasyv2_download/hasy-data/v2-00383.png,3,3
data/raw/hasyv2_download/hasy-data/v2-138165.png,infty,15
data/raw/hasyv2_download/hasy-data/v2-06735.png,times,22
data/raw/hasyv2_download/hasy-data/v2-139533.png,infty,15
data/raw/hasyv2_download/hasy-data/v2-06618.png,times,22
data/raw/hasyv2_download/hasy-data/v2-145641.png,sqrt,21
data/raw/hasyv2_download/hasy-data/v2-75921.png,times,22
data/raw/hasyv2_download/hasy-data/v2-80371.png,div,13
data/raw/hasyv2_download/hasy-data/v2-138311.png,infty,15
data/raw/hasyv2_download/hasy-data/v2-138042.png,infty,15
data/raw/hasyv2_download/hasy-data/v2-66631.png,plus,19
data/raw/hasyv2_download/hasy-data/v2-13621.png,infty,15
data/raw/hasyv2_download/hasy-data/v2-139758.png,infty,15
data/raw/hasyv2_download/hasy-data/v2-04954.png,lt,17
data/raw/hasyv2_download/hasy-data/v2-75996.png,times,22
data/raw/hasyv2_download/hasy-data/v2-139807.png,infty,15
data/raw/hasyv2_download/hasy-data/v2-145322.png,sqrt,21
data/raw/hasyv2_download/hasy-data/v2-133243.png,lbracket,16
data/raw/hasyv2_download/hasy-data/v2-06652.png,times,22
data/raw/hasyv2_download/hasy-data/v2-30827.png,x,23
data/raw/hasyv2_download/hasy-data/v2-132755.png,lbracket,16
data/raw/hasyv2_download/hasy-data/v2-137651.png,infty,15
data/raw/hasyv2_download/hasy-data/v2-137859.png,infty,15
data/raw/hasyv2_download/hasy-data/v2-66531.png,minus,18
data/raw/hasyv2_download/hasy-data/v2-75572.png,times,22
data/raw/hasyv2_download/hasy-data/v2-80263.png,div,13
data/raw/hasyv2_download/hasy-data/v2-30912.png,y,24
data/raw/hasyv2_download/hasy-data/v2-137788.png,infty,15
data/raw/hasyv2_download/hasy-data/v2-139110.png,infty,15
data/raw/hasyv2_download/hasy-data/v2-20375.png,4,4
data/raw/hasyv2_download/hasy-data/v2-132648.png,lbracket,16
data/raw/hasyv2_download/hasy-data/v2-20666.png,8,8
data/raw/hasyv2_download/hasy-data/v2-80380.png,div,13
data/raw/hasyv2_download/hasy-data/v2-139616.png,infty,15
data/raw/hasyv2_download/hasy-data/v2-137768.png,infty,15
data/raw/hasyv2_download/hasy-data/v2-138829.png,infty,15
data/raw/hasyv2_download/hasy-data/v2-75806.png,times,22
data/raw/hasyv2_download/hasy-data/v2-139187.png,infty,15
data/raw/hasyv2_download/hasy-data/v2-13089.png,lbracket,16
data/raw/hasyv2_download/hasy-data/v2-132746.png,lbracket,16
data/raw/hasyv2_download/hasy-data/v2-20629.png,7,7
data/raw/hasyv2_download/hasy-data/v2-137251.png,infty,15
data/raw/hasyv2_download/hasy-data/v2-01454.png,c,12
data/raw/hasyv2_download/hasy-data/v2-75643.png,times,22
data/raw/hasyv2_download/hasy-data/v2-132846.png,lbracket,16
data/raw/hasyv2_download/hasy-data/v2-06712.png,times,22
data/raw/hasyv2_download/hasy-data/v2-137790.png,infty,15
data/raw/hasyv2_download/hasy-data/v2-66492.png,minus,18
data/raw/hasyv2_download/hasy-data/v2-13047.png,lbracket,16
data/raw/hasyv2_download/hasy-data/v2-145198.png,sqrt,21
data/raw/hasyv2_download/hasy-data/v2-20401.png,4,4
data/raw/hasyv2_download/hasy-data/v2-132904.png,lbracket,16
data/raw/hasyv2_download/hasy-data/v2-145196.png,sqrt,21
data/raw/hasyv2_download/hasy-data/v2-138523.png,infty,15
data/raw/hasyv2_download/hasy-data/v2-76316.png,times,22
data/raw/hasyv2_download/hasy-data/v2-133211.png,lbracket,16
data/raw/hasyv2_download/hasy-data/v2-61089.png,gt,14
data/raw/hasyv2_download/hasy-data/v2-80242.png,div,13
data/raw/hasyv2_download/hasy-data/v2-20268.png,3,3
data/raw/hasyv2_download/hasy-data/v2-145799.png,sqrt,21
data/raw/hasyv2_download/hasy-data/v2-139754.png,infty,15
data/raw/hasyv2_download/hasy-data/v2-80238.png,div,13
data/raw/hasyv2_download/hasy-data/v2-14437.png,sqrt,21
data/raw/hasyv2_download/hasy-data/v2-145266.png,sqrt,21
data/raw/hasyv2_download/hasy-data/v2-145375.png,sqrt,21
data/raw/hasyv2_download/hasy-data/v2-138189.png,infty,15
data/raw/hasyv2_download/hasy-data/v2-139853.png,infty,15
data/raw/hasyv2_download/hasy-data/v2-138688.png,infty,15
data/raw/hasyv2_download/hasy-data/v2-80319.png,div,13
data/raw/hasyv2_download/hasy-data/v2-138546.png,infty,15
data/raw/hasyv2_download/hasy-data/v2-66558.png,minus,18
data/raw/hasyv2_download/hasy-data/v2-138891.png,infty,15
data/raw/hasyv2_download/hasy-data/v2-138364.png,infty,15
data/raw/hasyv2_download/hasy-data/v2-75712.png,times,22
data/raw/hasyv2_download/hasy-data/v2-133170.png,lbracket,16
data/raw/hasyv2_download/hasy-data/v2-76691.png,times,22
data/raw/hasyv2_download/hasy-data/v2-06596.png,times,22
data/raw/hasyv2_download/hasy-data/v2-137399.png,infty,15
data/raw/hasyv2_download/hasy-data/v2-80294.png,div,13
data/raw/hasyv2_download/hasy-data/v2-80436.png,div,13
data/raw/hasyv2_download/hasy-data/v2-30826.png,x,23
data/raw/hasyv2_download/hasy-data/v2-76608.png,times,22
data/raw/hasyv2_download/hasy-data/v2-66539.png,minus,18
data/raw/hasyv2_download/hasy-data/v2-139099.png,infty,15
data/raw/hasyv2_download/hasy-data/v2-139702.png,infty,15
data/raw/hasyv2_download/hasy-data/v2-133225.png,lbracket,16
data/raw/hasyv2_download/hasy-data/v2-138048.png,infty,15
data/raw/hasyv2_download/hasy-data/v2-76055.png,times,22
data/raw/hasyv2_download/hasy-data/v2-76587.png,times,22
data/raw/hasyv2_download/hasy-data/v2-00414.png,6,6
data/raw/hasyv2_download/hasy-data/v2-145223.png,sqrt,21
data/raw/hasyv2_download/hasy-data/v2-20304.png,3,3
data/raw/hasyv2_download/hasy-data/v2-61025.png,lt,17
data/raw/hasyv2_download/hasy-data/v2-66658.png,plus,19
data/raw/hasyv2_download/hasy-data/v2-132877.png,lbracket,16
data/raw/hasyv2_download/hasy-data/v2-75524.png,times,22
data/raw/hasyv2_download/hasy-data/v2-145048.png,sqrt,21
data/raw/hasyv2_download/hasy-data/v2-145806.png,sqrt,21
data/raw/hasyv2_download/hasy-data/v2-61010.png,lt,17
data/raw/hasyv2_download/hasy-data/v2-145693.png,sqrt,21
data/raw/hasyv2_download/hasy-data/v2-132911.png,lbracket,16
data/raw/hasyv2_download/hasy-data/v2-132921.png,lbracket,16
data/raw/hasyv2_download/hasy-data/v2-137452.png,infty,15
data/raw/hasyv2_download/hasy-data/v2-145721.png,sqrt,21
data/raw/hasyv2_download/hasy-data/v2-138445.png,infty,15
data/raw/hasyv2_download/hasy-data/v2-76748.png,times,22
data/raw/hasyv2_download/hasy-data/v2-76433.png,times,22
data/raw/hasyv2_download/hasy-data/v2-132724.png,lbracket,16
data/raw/hasyv2_download/hasy-data/v2-139450.png,infty,15
data/raw/hasyv2_download/hasy-data/v2-137879.png,infty,15
data/raw/hasyv2_download/hasy-data/v2-20318.png,3,3
data/raw/hasyv2_download/hasy-data/v2-20018.png,0,0
data/raw/hasyv2_download/hasy-data/v2-14448.png,sqrt,21
data/raw/hasyv2_download/hasy-data/v2-138321.png,infty,15
data/raw/hasyv2_download/hasy-data/v2-20397.png,4,4
data/raw/hasyv2_download/hasy-data/v2-139589.png,infty,15
data/raw/hasyv2_download/hasy-data/v2-133132.png,lbracket,16
data/raw/hasyv2_download/hasy-data/v2-76848.png,times,22
data/raw/hasyv2_download/hasy-data/v2-139069.png,infty,15
data/raw/hasyv2_download/hasy-data/v2-144936.png,sqrt,21
data/raw/hasyv2_download/hasy-data/v2-139294.png,infty,15
data/raw/hasyv2_download/hasy-data/v2-61107.png,gt,14
data/raw/hasyv2_download/hasy-data/v2-138831.png,infty,15
data/raw/hasyv2_download/hasy-data/v2-138032.png,infty,15
data/raw/hasyv2_download/hasy-data/v2-61080.png,gt,14
data/raw/hasyv2_download/hasy-data/v2-138332.png,infty,15
data/raw/hasyv2_download/hasy-data/v2-139850.png,infty,15
data/raw/hasyv2_download/hasy-data/v2-145712.png,sqrt,21
data/raw/hasyv2_download/hasy-data/v2-137996.png,infty,15
data/raw/hasyv2_download/hasy-data/v2-138219.png,infty,15
data/raw/hasyv2_download/hasy-data/v2-132868.png,lbracket,16
data/raw/hasyv2_download/hasy-data/v2-139338.png,infty,15
data/raw/hasyv2_download/hasy-data/v2-75982.png,times,22
data/raw/hasyv2_download/hasy-data/v2-145195.png,sqrt,21
data/raw/hasyv2_download/hasy-data/v2-20200.png,2,2
data/raw/hasyv2_download/hasy-data/v2-75737.png,times,22
data/raw/hasyv2_download/hasy-data/v2-01580.png,x,23
data/raw/hasyv2_download/hasy-data/v2-139320.png,infty,15
data/raw/hasyv2_download/hasy-data/v2-76724.png,times,22
data/raw/hasyv2_download/hasy-data/v2-13788.png,infty,15
data/raw/hasyv2_download/hasy-data/v2-139102.png,infty,15
data/raw/hasyv2_download/hasy-data/v2-133345.png,lbracket,16
data/raw/hasyv2_download/hasy-data/v2-139258.png,infty,15
data/raw/hasyv2_download/hasy-data/v2-138280.png,infty,15
data/raw/hasyv2_download/hasy-data/v2-80356.png,div,13
data/raw/hasyv2_download/hasy-data/v2-00351.png,0,0
data/raw/hasyv2_download/hasy-data/v2-13662.png,infty,15
data/raw/hasyv2_download/hasy-data/v2-132617.png,lbracket,16
data/raw/hasyv2_download/hasy-data/v2-138999.png,infty,15
data/raw/hasyv2_download/hasy-data/v2-20059.png,1,1
data/raw/hasyv2_download/hasy-data/v2-145084.png,sqrt,21
data/raw/hasyv2_download/hasy-data/v2-138377.png,infty,15
data/raw/hasyv2_download/hasy-data/v2-139566.png,infty,15
data/raw/hasyv2_download/hasy-data/v2-13725.png,infty,15
data/raw/hasyv2_download/hasy-data/v2-133390.png,rbracket,20
data/raw/hasyv2_download/hasy-data/v2-61015.png,lt,17
data/raw/hasyv2_download/hasy-data/v2-137812.png,infty,15
data/raw/hasyv2_download/hasy-data/v2-20213.png,2,2
data/raw/hasyv2_download/hasy-data/v2-30940.png,z,25
data/raw/hasyv2_download/hasy-data/v2-13125.png,rbracket,20
data/raw/hasyv2_download/hasy-data/v2-137918.png,infty,15
data/raw/hasyv2_download/hasy-data/v2-145184.png,sqrt,21
data/raw/hasyv2_download/hasy-data/v2-144952.png,sqrt,21
data/raw/hasyv2_download/hasy-data/v2-20074.png,1,1
data/raw/hasyv2_download/hasy-data/v2-75851.png,times,22
data/raw/hasyv2_download/hasy-data/v2-138424.png,infty,15
data/raw/hasyv2_download/hasy-data/v2-30909.png,y,24
data/raw/hasyv2_download/hasy-data/v2-132726.png,lbracket,16
data/raw/hasyv2_download/hasy-data/v2-76497.png,times,22
data/raw/hasyv2_download/hasy-data/v2-133464.png,rbracket,20
data/raw/hasyv2_download/hasy-data/v2-132607.png,lbracket,16
data/raw/hasyv2_download/hasy-data/v2-75855.png,times,22
data/raw/hasyv2_download/hasy-data/v2-137833.png,infty,15
data/raw/hasyv2_download/hasy-data/v2-76046.png,times,22
data/raw/hasyv2_download/hasy-data/v2-139017.png,infty,15
data/raw/hasyv2_download/hasy-data/v2-137436.png,infty,15
data/raw/hasyv2_download/hasy-data/v2-80323.png,div,13
data/raw/hasyv2_download/hasy-data/v2-138976.png,infty,15
data/raw/hasyv2_download/hasy-data/v2-132830.png,lbracket,16
data/raw/hasyv2_download/hasy-data/v2-133577.png,rbracket,20
data/raw/hasyv2_download/hasy-data/v2-76499.png,times,22
data/raw/hasyv2_download/hasy-data/v2-76434.png,times,22
data/raw/hasyv2_download/hasy-data/v2-76138.png,times,22
data/raw/hasyv2_download/hasy-data/v2-76812.png,times,22
data/raw/hasyv2_download/hasy-data/v2-76602.png,times,22
data/raw/hasyv2_download/hasy-data/v2-133194.png,lbracket,16
data/raw/hasyv2_download/hasy-data/v2-132707.png,lbracket,16
data/raw/hasyv2_download/hasy-data/v2-137882.png,infty,15
data/raw/hasyv2_download/hasy-data/v2-20119.png,1,1
data/raw/hasyv2_download/hasy-data/v2-29717.png,b,11
data/raw/hasyv2_download/hasy-data/v2-132826.png,lbracket,16
data/raw/hasyv2_download/hasy-data/v2-139864.png,infty,15
data/raw/hasyv2_download/hasy-data/v2-133055.png,lbracket,16
data/raw/hasyv2_download/hasy-data/v2-138283.png,infty,15
data/raw/hasyv2_download/hasy-data/v2-20373.png,4,4
data/raw/hasyv2_download/hasy-data/v2-75723.png,times,22
data/raw/hasyv2_download/hasy-data/v2-76725.png,times,22
data/raw/hasyv2_download/hasy-data/v2-20455.png,5,5
data/raw/hasyv2_download/hasy-data/v2-137968.png,infty,15
data/raw/hasyv2_download/hasy-data/v2-75820.png,times,22
data/raw/hasyv2_download/hasy-data/v2-145393.png,sqrt,21
data/raw/hasyv2_download/hasy-data/v2-132906.png,lbracket,16
data/raw/hasyv2_download/hasy-data/v2-66547.png,minus,18
data/raw/hasyv2_download/hasy-data/v2-137526.png,infty,15
data/raw/hasyv2_download/hasy-data/v2-66629.png,plus,19
data/raw/hasyv2_download/hasy-data/v2-75666.png,times,22
data/raw/hasyv2_download/hasy-data/v2-139684.png,infty,15
data/raw/hasyv2_download/hasy-data/v2-138818.png,infty,15
data/raw/hasyv2_download/hasy-data/v2-132819.png,lbracket,16
data/raw/hasyv2_download/hasy-data/v2-139768.png,infty,15
data/raw/hasyv2_download/hasy-data/v2-139133.png,infty,15
data/raw/hasyv2_download/hasy-data/v2-138576.png,infty,15
data/raw/hasyv2_download/hasy-data/v2-60968.png,lt,17
data/raw/hasyv2_download/hasy-data/v2-06663.png,times,22
data/raw/hasyv2_download/hasy-data/v2-80406.png,div,13
data/raw/hasyv2_download/hasy-data/v2-139209.png,infty,15
data/raw/hasyv2_download/hasy-data/v2-20031.png,0,0
data/raw/hasyv2_download/hasy-data/v2-137785.png,infty,15
data/raw/hasyv2_download/hasy-data/v2-14512.png,sqrt,21
data/raw/hasyv2_download/hasy-data/v2-20368.png,4,4
data/raw/hasyv2_download/hasy-data/v2-76552.png,times,22
data/raw/hasyv2_download/hasy-data/v2-145100.png,sqrt,21
data/raw/hasyv2_download/hasy-data/v2-20409.png,4,4
data/raw/hasyv2_download/hasy-data/v2-05574.png,minus,18
data/raw/hasyv2_download/hasy-data/v2-138557.png,infty,15
data/raw/hasyv2_download/hasy-data/v2-137325.png,infty,15
data/raw/hasyv2_download/hasy-data/v2-13762.png,infty,15
data/raw/hasyv2_download/hasy-data/v2-138830.png,infty,15
data/raw/hasyv2_download/hasy-data/v2-137499.png,infty,15
data/raw/hasyv2_download/hasy-data/v2-132579.png,lbracket,16
data/raw/hasyv2_download/hasy-data/v2-80419.png,div,13
data/raw/hasyv2_download/hasy-data/v2-138628.png,infty,15
data/raw/hasyv2_download/hasy-data/v2-20417.png,5,5
data/raw/hasyv2_download/hasy-data/v2-80452.png,div,13
data/raw/hasyv2_download/hasy-data/v2-76579.png,times,22
data/raw/hasyv2_download/hasy-data/v2-20223.png,2,2
data/raw/hasyv2_download/hasy-data/v2-145187.png,sqrt,21
data/raw/hasyv2_download/hasy-data/v2-75946.png,times,22
data/raw/hasyv2_download/hasy-data/v2-76491.png,times,22
data/raw/hasyv2_download/hasy-data/v2-145636.png,sqrt,21
data/raw/hasyv2_download/hasy-data/v2-76685.png,times,22
data/raw/hasyv2_download/hasy-data/v2-138089.png,infty,15
data/raw/hasyv2_download/hasy-data/v2-20218.png,2,2
data/raw/hasyv2_download/hasy-data/v2-76518.png,times,22
data/raw/hasyv2_download/hasy-data/v2-20664.png,8,8
data/raw/hasyv2_download/hasy-data/v2-75539.png,times,22
data/raw/hasyv2_download/hasy-data/v2-19916.png,0,0
data/raw/hasyv2_download/hasy-data/v2-137256.png,infty,15
data/raw/hasyv2_download/hasy-data/v2-20234.png,2,2
data/raw/hasyv2_download/hasy-data/v2-13742.png,infty,15
data/raw/hasyv2_download/hasy-data/v2-76093.png,times,22
data/raw/hasyv2_download/hasy-data/v2-137990.png,infty,15
data/raw/hasyv2_download/hasy-data/v2-137938.png,infty,15
data/raw/hasyv2_download/hasy-data/v2-138046.png,infty,15
data/raw/hasyv2_download/hasy-data/v2-138924.png,infty,15
data/raw/hasyv2_download/hasy-data/v2-139064.png,infty,15
data/raw/hasyv2_download/hasy-data/v2-137639.png,infty,15
data/raw/hasyv2_download/hasy-data/v2-20661.png,8,8
data/raw/hasyv2_download/hasy-data/v2-139738.png,infty,15
data/raw/hasyv2_download/hasy-data/v2-20222.png,2,2
data/raw/hasyv2_download/hasy-data/v2-145044.png,sqrt,21
data/raw/hasyv2_download/hasy-data/v2-76388.png,times,22
data/raw/hasyv2_download/hasy-data/v2-139716.png,infty,15
data/raw/hasyv2_download/hasy-data/v2-20521.png,6,6
data/raw/hasyv2_download/hasy-data/v2-75979.png,times,22
data/raw/hasyv2_download/hasy-data/v2-133281.png,lbracket,16
data/raw/hasyv2_download/hasy-data/v2-29697.png,a,10
data/raw/hasyv2_download/hasy-data/v2-139479.png,infty,15
data/raw/hasyv2_download/hasy-data/v2-20438.png,5,5
data/raw/hasyv2_download/hasy-data/v2-76243.png,times,22
data/raw/hasyv2_download/hasy-data/v2-138899.png,infty,15
data/raw/hasyv2_download/hasy-data/v2-138183.png,infty,15
data/raw/hasyv2_download/hasy-data/v2-138718.png,infty,15
data/raw/hasyv2_download/hasy-data/v2-138732.png,infty,15
data/raw/hasyv2_download/hasy-data/v2-61065.png,gt,14
data/raw/hasyv2_download/hasy-data/v2-132761.png,lbracket,16
data/raw/hasyv2_download/hasy-data/v2-145407.png,sqrt,21
data/raw/hasyv2_download/hasy-data/v2-00385.png,3,3
data/raw/hasyv2_download/hasy-data/v2-138371.png,infty,15
data/raw/hasyv2_download/hasy-data/v2-137395.png,infty,15
data/raw/hasyv2_download/hasy-data/v2-145079.png,sqrt,21
data/raw/hasyv2_download/hasy-data/v2-132823.png,lbracket,16
data/raw/hasyv2_download/hasy-data/v2-06701.png,times,22
data/raw/hasyv2_download/hasy-data/v2-14452.png,sqrt,21
data/raw/hasyv2_download/hasy-data/v2-00442.png,9,9
data/raw/hasyv2_download/hasy-data/v2-138264.png,infty,15
data/raw/hasyv2_download/hasy-data/v2-138773.png,infty,15
data/raw/hasyv2_download/hasy-data/v2-139225.png,infty,15
data/raw/hasyv2_download/hasy-data/v2-29784.png,c,12
data/raw/hasyv2_download/hasy-data/v2-20604.png,7,7
data/raw/hasyv2_download/hasy-data/v2-139811.png,infty,15
data/raw/hasyv2_download/hasy-data/v2-20820.png,9,9
data/raw/hasyv2_download/hasy-data/v2-20412.png,5,5
data/raw/hasyv2_download/hasy-data/v2-66524.png,minus,18
data/raw/hasyv2_download/hasy-data/v2-139360.png,infty,15
data/raw/hasyv2_download/hasy-data/v2-29786.png,c,12
data/raw/hasyv2_download/hasy-data/v2-145671.png,sqrt,21
data/raw/hasyv2_download/hasy-data/v2-20161.png,2,2
data/raw/hasyv2_download/hasy-data/v2-133413.png,rbracket,20
data/raw/hasyv2_download/hasy-data/v2-133424.png,rbracket,20
data/raw/hasyv2_download/hasy-data/v2-139446.png,infty,15
data/raw/hasyv2_download/hasy-data/v2-66622.png,plus,19
data/raw/hasyv2_download/hasy-data/v2-137682.png,infty,15
data/raw/hasyv2_download/hasy-data/v2-30911.png,y,24
data/raw/hasyv2_download/hasy-data/v2-133488.png,rbracket,20
data/raw/hasyv2_download/hasy-data/v2-137618.png,infty,15
data/raw/hasyv2_download/hasy-data/v2-133014.png,lbracket,16
data/raw/hasyv2_download/hasy-data/v2-00356.png,0,0
data/raw/hasyv2_download/hasy-data/v2-13715.png,infty,15
data/raw/hasyv2_download/hasy-data/v2-20187.png,2,2
data/raw/hasyv2_download/hasy-data/v2-76172.png,times,22
data/raw/hasyv2_download/hasy-data/v2-06736.png,times,22
data/raw/hasyv2_download/hasy-data/v2-137770.png,infty,15
data/raw/hasyv2_download/hasy-data/v2-20221.png,2,2
data/raw/hasyv2_download/hasy-data/v2-132993.png,lbracket,16
data/raw/hasyv2_download/hasy-data/v2-75518.png,times,22
data/raw/hasyv2_download/hasy-data/v2-145190.png,sqrt,21
data/raw/hasyv2_download/hasy-data/v2-139846.png,infty,15
data/raw/hasyv2_download/hasy-data/v2-76256.png,times,22
data/raw/hasyv2_download/hasy-data/v2-138015.png,infty,15
data/raw/hasyv2_download/hasy-data/v2-80444.png,div,13
data/raw/hasyv2_download/hasy-data/v2-13839.png,infty,15
data/raw/hasyv2_download/hasy-data/v2-139637.png,infty,15
data/raw/hasyv2_download/hasy-data/v2-139463.png,infty,15
data/raw/hasyv2_download/hasy-data/v2-138865.png,infty,15
data/raw/hasyv2_download/hasy-data/v2-132699.png,lbracket,16
data/raw/hasyv2_download/hasy-data/v2-20449.png,5,5
data/raw/hasyv2_download/hasy-data/v2-133268.png,lbracket,16
data/raw/hasyv2_download/hasy-data/v2-133184.png,lbracket,16
data/raw/hasyv2_download/hasy-data/v2-76697.png,times,22
data/raw/hasyv2_download/hasy-data/v2-76257.png,times,22
data/raw/hasyv2_download/hasy-data/v2-133351.png,rbracket,20
data/raw/hasyv2_download/hasy-data/v2-76553.png,times,22
data/raw/hasyv2_download/hasy-data/v2-145259.png,sqrt,21
data/raw/hasyv2_download/hasy-data/v2-137606.png,infty,15
data/raw/hasyv2_download/hasy-data/v2-138180.png,infty,15
data/raw/hasyv2_download/hasy-data/v2-137881.png,infty,15
data/raw/hasyv2_download/hasy-data/v2-133239.png,lbracket,16
data/raw/hasyv2_download/hasy-data/v2-76525.png,times,22
data/raw/hasyv2_download/hasy-data/v2-138514.png,infty,15
data/raw/hasyv2_download/hasy-data/v2-138617.png,infty,15
data/raw/hasyv2_download/hasy-data/v2-139434.png,infty,15
data/raw/hasyv2_download/hasy-data/v2-13784.png,infty,15
data/raw/hasyv2_download/hasy-data/v2-139181.png,infty,15
data/raw/hasyv2_download/hasy-data/v2-137579.png,infty,15
data/raw/hasyv2_download/hasy-data/v2-139403.png,infty,15
data/raw/hasyv2_download/hasy-data/v2-30907.png,y,24
data/raw/hasyv2_download/hasy-data/v2-76373.png,times,22
data/raw/hasyv2_download/hasy-data/v2-137392.png,infty,15
data/raw/hasyv2_download/hasy-data/v2-76852.png,times,22
data/raw/hasyv2_download/hasy-data/v2-145473.png,sqrt,21
data/raw/hasyv2_download/hasy-data/v2-75762.png,times,22
data/raw/hasyv2_download/hasy-data/v2-20075.png,1,1
data/raw/hasyv2_download/hasy-data/v2-80246.png,div,13
data/raw/hasyv2_download/hasy-data/v2-20795.png,9,9
data/raw/hasyv2_download/hasy-data/v2-132638.png,lbracket,16
data/raw/hasyv2_download/hasy-data/v2-75926.png,times,22
data/raw/hasyv2_download/hasy-data/v2-145692.png,sqrt,21
data/raw/hasyv2_download/hasy-data/v2-80304.png,div,13
data/raw/hasyv2_download/hasy-data/v2-138950.png,infty,15
data/raw/hasyv2_download/hasy-data/v2-139484.png,infty,15
data/raw/hasyv2_download/hasy-data/v2-20129.png,1,1
data/raw/hasyv2_download/hasy-data/v2-75577.png,times,22
data/raw/hasyv2_download/hasy-data/v2-138169.png,infty,15
data/raw/hasyv2_download/hasy-data/v2-137782.png,infty,15
data/raw/hasyv2_download/hasy-data/v2-14505.png,sqrt,21
data/raw/hasyv2_download/hasy-data/v2-133286.png,lbracket,16
data/raw/hasyv2_download/hasy-data/v2-80431.png,div,13
data/raw/hasyv2_download/hasy-data/v2-75701.png,times,22
data/raw/hasyv2_download/hasy-data/v2-133356.png,rbracket,20
data/raw/hasyv2_download/hasy-data/v2-20228.png,2,2
data/raw/hasyv2_download/hasy-data/v2-139783.png,infty,15
data/raw/hasyv2_download/hasy-data/v2-13780.png,infty,15
data/raw/hasyv2_download/hasy-data/v2-138825.png,infty,15
data/raw/hasyv2_download/hasy-data/v2-20258.png,3,3
data/raw/hasyv2_download/hasy-data/v2-139585.png,infty,15
data/raw/hasyv2_download/hasy-data/v2-20132.png,1,1
data/raw/hasyv2_download/hasy-data/v2-139452.png,infty,15
data/raw/hasyv2_download/hasy-data/v2-66650.png,plus,19
data/raw/hasyv2_download/hasy-data/v2-20016.png,0,0
data/raw/hasyv2_download/hasy-data/v2-145063.png,sqrt,21
data/raw/hasyv2_download/hasy-data/v2-132661.png,lbracket,16
data/raw/hasyv2_download/hasy-data/v2-133442.png,rbracket,20
data/raw/hasyv2_download/hasy-data/v2-80287.png,div,13
data/raw/hasyv2_download/hasy-data/v2-137279.png,infty,15
data/raw/hasyv2_download/hasy-data/v2-20270.png,3,3
data/raw/hasyv2_download/hasy-data/v2-137977.png,infty,15
data/raw/hasyv2_download/hasy-data/v2-132715.png,lbracket,16
data/raw/hasyv2_download/hasy-data/v2-132547.png,lbracket,16
data/raw/hasyv2_download/hasy-data/v2-76081.png,times,22
data/raw/hasyv2_download/hasy-data/v2-138425.png,infty,15
data/raw/hasyv2_download/hasy-data/v2-133492.png,rbracket,20
data/raw/hasyv2_download/hasy-data/v2-145519.png,sqrt,21
data/raw/hasyv2_download/hasy-data/v2-138806.png,infty,15
data/raw/hasyv2_download/hasy-data/v2-06607.png,times,22
data/raw/hasyv2_download/hasy-data/v2-139268.png,infty,15
data/raw/hasyv2_download/hasy-data/v2-137992.png,infty,15
data/raw/hasyv2_download/hasy-data/v2-13624.png,infty,15
data/raw/hasyv2_download/hasy-data/v2-20150.png,2,2
data/raw/hasyv2_download/hasy-data/v2-20238.png,2,2
data/raw/hasyv2_download/hasy-data/v2-133371.png,rbracket,20
data/raw/hasyv2_download/hasy-data/v2-138071.png,infty,15
data/raw/hasyv2_download/hasy-data/v2-60960.png,lt,17
data/raw/hasyv2_download/hasy-data/v2-29729.png,b,11
data/raw/hasyv2_download/hasy-data/v2-139306.png,infty,15
data/raw/hasyv2_download/hasy-data/v2-137767.png,infty,15
data/raw/hasyv2_download/hasy-data/v2-75592.png,times,22
data/raw/hasyv2_download/hasy-data/v2-133574.png,rbracket,20
data/raw/hasyv2_download/hasy-data/v2-139114.png,infty,15
data/raw/hasyv2_download/hasy-data/v2-139551.png,infty,15
data/raw/hasyv2_download/hasy-data/v2-139805.png,infty,15
data/raw/hasyv2_download/hasy-data/v2-137495.png,infty,15
data/raw/hasyv2_download/hasy-data/v2-20635.png,7,7
data/raw/hasyv2_download/hasy-data/v2-139540.png,infty,15
data/raw/hasyv2_download/hasy-data/v2-75868.png,times,22
data/raw/hasyv2_download/hasy-data/v2-139191.png,infty,15
data/raw/hasyv2_download/hasy-data/v2-66516.png,minus,18
data/raw/hasyv2_download/hasy-data/v2-138458.png,infty,15
data/raw/hasyv2_download/hasy-data/v2-138792.png,infty,15
data/raw/hasyv2_download/hasy-data/v2-137489.png,infty,15
data/raw/hasyv2_download/hasy-data/v2-66595.png,plus,19
data/raw/hasyv2_download/hasy-data/v2-75709.png,times,22
data/raw/hasyv2_download/hasy-data/v2-19996.png,0,0
data/raw/hasyv2_download/hasy-data/v2-66604.png,plus,19
data/raw/hasyv2_download/hasy-data/v2-138293.png,infty,15
data/raw/hasyv2_download/hasy-data/v2-29634.png,a,10
data/raw/hasyv2_download/hasy-data/v2-139849.png,infty,15
data/raw/hasyv2_download/hasy-data/v2-133043.png,lbracket,16
data/raw/hasyv2_download/hasy-data/v2-145248.png,sqrt,21
data/raw/hasyv2_download/hasy-data/v2-04957.png,lt,17
data/raw/hasyv2_download/hasy-data/v2-139640.png,infty,15
data/raw/hasyv2_download/hasy-data/v2-133444.png,rbracket,20
data/raw/hasyv2_download/hasy-data/v2-20321.png,3,3
data/raw/hasyv2_download/hasy-data/v2-137846.png,infty,15
data/raw/hasyv2_download/hasy-data/v2-20168.png,2,2
data/raw/hasyv2_download/hasy-data/v2-76765.png,times,22
data/raw/hasyv2_download/hasy-data/v2-20825.png,9,9
data/raw/hasyv2_download/hasy-data/v2-76763.png,times,22
data/raw/hasyv2_download/hasy-data/v2-138403.png,infty,15
data/raw/hasyv2_download/hasy-data/v2-139328.png,infty,15
data/raw/hasyv2_download/hasy-data/v2-145107.png,sqrt,21
data/raw/hasyv2_download/hasy-data/v2-145021.png,sqrt,21
data/raw/hasyv2_download/hasy-data/v2-137691.png,infty,15
data/raw/hasyv2_download/hasy-data/v2-133338.png,lbracket,16
data/raw/hasyv2_download/hasy-data/v2-138149.png,infty,15
data/raw/hasyv2_download/hasy-data/v2-76020.png,times,22
data/raw/hasyv2_download/hasy-data/v2-133250.png,lbracket,16
data/raw/hasyv2_download/hasy-data/v2-80198.png,div,13
data/raw/hasyv2_download/hasy-data/v2-20130.png,1,1
data/raw/hasyv2_download/hasy-data/v2-139495.png,infty,15
data/raw/hasyv2_download/hasy-data/v2-145143.png,sqrt,21
data/raw/hasyv2_download/hasy-data/v2-137517.png,infty,15
data/raw/hasyv2_download/hasy-data/v2-133543.png,rbracket,20
data/raw/hasyv2_download/hasy-data/v2-133575.png,rbracket,20
data/raw/hasyv2_download/hasy-data/v2-76306.png,times,22
data/raw/hasyv2_download/hasy-data/v2-133221.png,lbracket,16
data/raw/hasyv2_download/hasy-data/v2-14439.png,sqrt,21
data/raw/hasyv2_download/hasy-data/v2-132695.png,lbracket,16
data/raw/hasyv2_download/hasy-data/v2-145244.png,sqrt,21
data/raw/hasyv2_download/hasy-data/v2-76588.png,times,22
data/raw/hasyv2_download/hasy-data/v2-138130.png,infty,15
data/raw/hasyv2_download/hasy-data/v2-20289.png,3,3
data/raw/hasyv2_download/hasy-data/v2-76631.png,times,22
data/raw/hasyv2_download/hasy-data/v2-137895.png,infty,15
data/raw/hasyv2_download/hasy-data/v2-138873.png,infty,15
data/raw/hasyv2_download/hasy-data/v2-20192.png,2,2
data/raw/hasyv2_download/hasy-data/v2-138225.png,infty,15
data/raw/hasyv2_download/hasy-data/v2-76159.png,times,22
data/raw/hasyv2_download/hasy-data/v2-20724.png,8,8
data/raw/hasyv2_download/hasy-data/v2-60946.png,lt,17
data/raw/hasyv2_download/hasy-data/v2-132645.png,lbracket,16
data/raw/hasyv2_download/hasy-data/v2-138172.png,infty,15
data/raw/hasyv2_download/hasy-data/v2-13573.png,infty,15
data/raw/hasyv2_download/hasy-data/v2-139010.png,infty,15
data/raw/hasyv2_download/hasy-data/v2-61076.png,gt,14
data/raw/hasyv2_download/hasy-data/v2-29653.png,a,10
data/raw/hasyv2_download/hasy-data/v2-00408.png,5,5
data/raw/hasyv2_download/hasy-data/v2-20178.png,2,2
data/raw/hasyv2_download/hasy-data/v2-66585.png,minus,18
data/raw/hasyv2_download/hasy-data/v2-20371.png,4,4
data/raw/hasyv2_download/hasy-data/v2-145295.png,sqrt,21
data/raw/hasyv2_download/hasy-data/v2-66545.png,minus,18
data/raw/hasyv2_download/hasy-data/v2-06624.png,times,22
data/raw/hasyv2_download/hasy-data/v2-20267.png,3,3
data/raw/hasyv2_download/hasy-data/v2-137280.png,infty,15
data/raw/hasyv2_download/hasy-data/v2-145611.png,sqrt,21
data/raw/hasyv2_download/hasy-data/v2-75516.png,times,22
data/raw/hasyv2_download/hasy-data/v2-76772.png,times,22
data/raw/hasyv2_download/hasy-data/v2-145227.png,sqrt,21
data/raw/hasyv2_download/hasy-data/v2-14441.png,sqrt,21
data/raw/hasyv2_download/hasy-data/v2-138497.png,infty,15
data/raw/hasyv2_download/hasy-data/v2-139541.png,infty,15
data/raw/hasyv2_download/hasy-data/v2-14466.png,sqrt,21
data/raw/hasyv2_download/hasy-data/v2-61112.png,gt,14
data/raw/hasyv2_download/hasy-data/v2-139545.png,infty,15
data/raw/hasyv2_download/hasy-data/v2-13740.png,infty,15
data/raw/hasyv2_download/hasy-data/v2-138243.png,infty,15
data/raw/hasyv2_download/hasy-data/v2-80301.png,div,13
data/raw/hasyv2_download/hasy-data/v2-137765.png,infty,15
data/raw/hasyv2_download/hasy-data/v2-139068.png,infty,15
data/raw/hasyv2_download/hasy-data/v2-76063.png,times,22
data/raw/hasyv2_download/hasy-data/v2-80357.png,div,13
data/raw/hasyv2_download/hasy-data/v2-13713.png,infty,15
data/raw/hasyv2_download/hasy-data/v2-145724.png,sqrt,21
data/raw/hasyv2_download/hasy-data/v2-75875.png,times,22
data/raw/hasyv2_download/hasy-data/v2-137653.png,infty,15
data/raw/hasyv2_download/hasy-data/v2-139248.png,infty,15
data/raw/hasyv2_download/hasy-data/v2-133293.png,lbracket,16
data/raw/hasyv2_download/hasy-data/v2-139083.png,infty,15
data/raw/hasyv2_download/hasy-data/v2-132820.png,lbracket,16
data/raw/hasyv2_download/hasy-data/v2-80276.png,div,13
data/raw/hasyv2_download/hasy-data/v2-138079.png,infty,15
data/raw/hasyv2_download/hasy-data/v2-13728.png,infty,15
data/raw/hasyv2_download/hasy-data/v2-76842.png,times,22
data/raw/hasyv2_download/hasy-data/v2-139086.png,infty,15
data/raw/hasyv2_download/hasy-data/v2-138409.png,infty,15
data/raw/hasyv2_download/hasy-data/v2-138643.png,infty,15
data/raw/hasyv2_download/hasy-data/v2-139415.png,infty,15
data/raw/hasyv2_download/hasy-data/v2-132635.png,lbracket,16
data/raw/hasyv2_download/hasy-data/v2-133129.png,lbracket,16
data/raw/hasyv2_download/hasy-data/v2-06601.png,times,22
data/raw/hasyv2_download/hasy-data/v2-76787.png,times,22
data/raw/hasyv2_download/hasy-data/v2-20791.png,9,9
data/raw/hasyv2_download/hasy-data/v2-76423.png,times,22
data/raw/hasyv2_download/hasy-data/v2-138182.png,infty,15
data/raw/hasyv2_download/hasy-data/v2-132663.png,lbracket,16
data/raw/hasyv2_download/hasy-data/v2-61090.png,gt,14
data/raw/hasyv2_download/hasy-data/v2-138728.png,infty,15
data/raw/hasyv2_download/hasy-data/v2-76573.png,times,22
data/raw/hasyv2_download/hasy-data/v2-04969.png,gt,14
data/raw/hasyv2_download/hasy-data/v2-137705.png,infty,15
data/raw/hasyv2_download/hasy-data/v2-20500.png,6,6
data/raw/hasyv2_download/hasy-data/v2-133489.png,rbracket,20
data/raw/hasyv2_download/hasy-data/v2-138925.png,infty,15
data/raw/hasyv2_download/hasy-data/v2-30860.png,x,23
data/raw/hasyv2_download/hasy-data/v2-75905.png,times,22
data/raw/hasyv2_download/hasy-data/v2-145523.png,sqrt,21
data/raw/hasyv2_download/hasy-data/v2-20174.png,2,2
data/raw/hasyv2_download/hasy-data/v2-133408.png,rbracket,20
data/raw/hasyv2_download/hasy-data/v2-75808.png,times,22
data/raw/hasyv2_download/hasy-data/v2-132950.png,lbracket,16
data/raw/hasyv2_download/hasy-data/v2-76858.png,times,22
data/raw/hasyv2_download/hasy-data/v2-145503.png,sqrt,21
data/raw/hasyv2_download/hasy-data/v2-137839.png,infty,15
data/raw/hasyv2_download/hasy-data/v2-133222.png,lbracket,16
data/raw/hasyv2_download/hasy-data/v2-138323.png,infty,15
data/raw/hasyv2_download/hasy-data/v2-139466.png,infty,15
data/raw/hasyv2_download/hasy-data/v2-75819.png,times,22
data/raw/hasyv2_download/hasy-data/v2-76183.png,times,22
data/raw/hasyv2_download/hasy-data/v2-61036.png,lt,17
data/raw/hasyv2_download/hasy-data/v2-75867.png,times,22
data/raw/hasyv2_download/hasy-data/v2-76335.png,times,22
data/raw/hasyv2_download/hasy-data/v2-66613.png,plus,19
data/raw/hasyv2_download/hasy-data/v2-76767.png,times,22
data/raw/hasyv2_download/hasy-data/v2-76321.png,times,22
data/raw/hasyv2_download/hasy-data/v2-133304.png,lbracket,16
data/raw/hasyv2_download/hasy-data/v2-76282.png,times,22
data/raw/hasyv2_download/hasy-data/v2-133061.png,lbracket,16
data/raw/hasyv2_download/hasy-data/v2-01450.png,c,12
data/raw/hasyv2_download/hasy-data/v2-132834.png,lbracket,16
data/raw/hasyv2_download/hasy-data/v2-139043.png,infty,15
data/raw/hasyv2_download/hasy-data/v2-13655.png,infty,15
data/raw/hasyv2_download/hasy-data/v2-61132.png,gt,14
data/raw/hasyv2_download/hasy-data/v2-145080.png,sqrt,21
data/raw/hasyv2_download/hasy-data/v2-00396.png,4,4
data/raw/hasyv2_download/hasy-data/v2-145642.png,sqrt,21
data/raw/hasyv2_download/hasy-data/v2-20786.png,9,9
data/raw/hasyv2_download/hasy-data/v2-133559.png,rbracket,20
data/raw/hasyv2_download/hasy-data/v2-13562.png,infty,15
data/raw/hasyv2_download/hasy-data/v2-20352.png,3,3
data/raw/hasyv2_download/hasy-data/v2-00387.png,3,3
data/raw/hasyv2_download/hasy-data/v2-138456.png,infty,15
data/raw/hasyv2_download/hasy-data/v2-145099.png,sqrt,21
data/raw/hasyv2_download/hasy-data/v2-133373.png,rbracket,20
data/raw/hasyv2_download/hasy-data/v2-138335.png,infty,15
data/raw/hasyv2_download/hasy-data/v2-76241.png,times,22
data/raw/hasyv2_download/hasy-data/v2-75659.png,times,22
data/raw/hasyv2_download/hasy-data/v2-75634.png,times,22
data/raw/hasyv2_download/hasy-data/v2-145570.png,sqrt,21
data/raw/hasyv2_download/hasy-data/v2-76295.png,times,22
data/raw/hasyv2_download/hasy-data/v2-80453.png,div,13
data/raw/hasyv2_download/hasy-data/v2-133008.png,lbracket,16
data/raw/hasyv2_download/hasy-data/v2-139385.png,infty,15
data/raw/hasyv2_download/hasy-data/v2-137498.png,infty,15
data/raw/hasyv2_download/hasy-data/v2-14497.png,sqrt,21
data/raw/hasyv2_download/hasy-data/v2-20131.png,1,1
data/raw/hasyv2_download/hasy-data/v2-76214.png,times,22
data/raw/hasyv2_download/hasy-data/v2-30986.png,z,25
data/raw/hasyv2_download/hasy-data/v2-76803.png,times,22
data/raw/hasyv2_download/hasy-data/v2-20391.png,4,4
data/raw/hasyv2_download/hasy-data/v2-145616.png,sqrt,21
data/raw/hasyv2_download/hasy-data/v2-20199.png,2,2
data/raw/hasyv2_download/hasy-data/v2-29761.png,c,12
data/raw/hasyv2_download/hasy-data/v2-139462.png,infty,15
data/raw/hasyv2_download/hasy-data/v2-138451.png,infty,15
data/raw/hasyv2_download/hasy-data/v2-76248.png,times,22
data/raw/hasyv2_download/hasy-data/v2-145239.png,sqrt,21
data/raw/hasyv2_download/hasy-data/v2-137855.png,infty,15
data/raw/hasyv2_download/hasy-data/v2-19972.png,0,0
data/raw/hasyv2_download/hasy-data/v2-30867.png,x,23
data/raw/hasyv2_download/hasy-data/v2-138868.png,infty,15
data/raw/hasyv2_download/hasy-data/v2-20602.png,7,7
data/raw/hasyv2_download/hasy-data/v2-13770.png,infty,15
data/raw/hasyv2_download/hasy-data/v2-137710.png,infty,15
data/raw/hasyv2_download/hasy-data/v2-138893.png,infty,15
data/raw/hasyv2_download/hasy-data/v2-76096.png,times,22
data/raw/hasyv2_download/hasy-data/v2-01579.png,x,23
data/raw/hasyv2_download/hasy-data/v2-20783.png,9,9
data/raw/hasyv2_download/hasy-data/v2-133383.png,rbracket,20
data/raw/hasyv2_download/hasy-data/v2-137359.png,infty,15
data/raw/hasyv2_download/hasy-data/v2-66639.png,plus,19
data/raw/hasyv2_download/hasy-data/v2-76712.png,times,22
data/raw/hasyv2_download/hasy-data/v2-05572.png,minus,18
data/raw/hasyv2_download/hasy-data/v2-60954.png,lt,17
data/raw/hasyv2_download/hasy-data/v2-20645.png,8,8
data/raw/hasyv2_download/hasy-data/v2-145368.png,sqrt,21
data/raw/hasyv2_download/hasy-data/v2-138798.png,infty,15
data/raw/hasyv2_download/hasy-data/v2-20024.png,0,0
data/raw/hasyv2_download/hasy-data/v2-13109.png,lbracket,16
data/raw/hasyv2_download/hasy-data/v2-20114.png,1,1
data/raw/hasyv2_download/hasy-data/v2-75517.png,times,22
data/raw/hasyv2_download/hasy-data/v2-132702.png,lbracket,16
data/raw/hasyv2_download/hasy-data/v2-138787.png,infty,15
data/raw/hasyv2_download/hasy-data/v2-139591.png,infty,15
data/raw/hasyv2_download/hasy-data/v2-75511.png,times,22
data/raw/hasyv2_download/hasy-data/v2-133573.png,rbracket,20
data/raw/hasyv2_download/hasy-data/v2-01436.png,a,10
data/raw/hasyv2_download/hasy-data/v2-137827.png,infty,15
data/raw/hasyv2_download/hasy-data/v2-139750.png,infty,15
data/raw/hasyv2_download/hasy-data/v2-19937.png,0,0
data/raw/hasyv2_download/hasy-data/v2-138413.png,infty,15
data/raw/hasyv2_download/hasy-data/v2-139643.png,infty,15
data/raw/hasyv2_download/hasy-data/v2-20468.png,5,5
data/raw/hasyv2_download/hasy-data/v2-13566.png,infty,15
data/raw/hasyv2_download/hasy-data/v2-144975.png,sqrt,21
data/raw/hasyv2_download/hasy-data/v2-30931.png,y,24
data/raw/hasyv2_download/hasy-data/v2-04953.png,lt,17
data/raw/hasyv2_download/hasy-data/v2-76206.png,times,22
data/raw/hasyv2_download/hasy-data/v2-60952.png,lt,17
data/raw/hasyv2_download/hasy-data/v2-137865.png,infty,15
data/raw/hasyv2_download/hasy-data/v2-138482.png,infty,15
data/raw/hasyv2_download/hasy-data/v2-132748.png,lbracket,16
data/raw/hasyv2_download/hasy-data/v2-139289.png,infty,15
data/raw/hasyv2_download/hasy-data/v2-20058.png,1,1
data/raw/hasyv2_download/hasy-data/v2-139013.png,infty,15
data/raw/hasyv2_download/hasy-data/v2-132991.png,lbracket,16
data/raw/hasyv2_download/hasy-data/v2-139082.png,infty,15
data/raw/hasyv2_download/hasy-data/v2-20644.png,8,8
data/raw/hasyv2_download/hasy-data/v2-139554.png,infty,15
data/raw/hasyv2_download/hasy-data/v2-76609.png,times,22
data/raw/hasyv2_download/hasy-data/v2-138529.png,infty,15
data/raw/hasyv2_download/hasy-data/v2-76238.png,times,22
data/raw/hasyv2_download/hasy-data/v2-132923.png,lbracket,16
data/raw/hasyv2_download/hasy-data/v2-20177.png,2,2
data/raw/hasyv2_download/hasy-data/v2-76233.png,times,22
data/raw/hasyv2_download/hasy-data/v2-137789.png,infty,15
data/raw/hasyv2_download/hasy-data/v2-132889.png,lbracket,16
data/raw/hasyv2_download/hasy-data/v2-138729.png,infty,15
data/raw/hasyv2_download/hasy-data/v2-20342.png,3,3
data/raw/hasyv2_download/hasy-data/v2-80315.png,div,13
data/raw/hasyv2_download/hasy-data/v2-132529.png,lbracket,16
data/raw/hasyv2_download/hasy-data/v2-76211.png,times,22
data/raw/hasyv2_download/hasy-data/v2-80197.png,div,13
data/raw/hasyv2_download/hasy-data/v2-145229.png,sqrt,21
data/raw/hasyv2_download/hasy-data/v2-06694.png,times,22
data/raw/hasyv2_download/hasy-data/v2-75604.png,times,22
data/raw/hasyv2_download/hasy-data/v2-138570.png,infty,15
data/raw/hasyv2_download/hasy-data/v2-139076.png,infty,15
data/raw/hasyv2_download/hasy-data/v2-137617.png,infty,15
data/raw/hasyv2_download/hasy-data/v2-137866.png,infty,15
data/raw/hasyv2_download/hasy-data/v2-139666.png,infty,15
data/raw/hasyv2_download/hasy-data/v2-132590.png,lbracket,16
data/raw/hasyv2_download/hasy-data/v2-76516.png,times,22
data/raw/hasyv2_download/hasy-data/v2-06604.png,times,22
data/raw/hasyv2_download/hasy-data/v2-80336.png,div,13
data/raw/hasyv2_download/hasy-data/v2-133550.png,rbracket,20
data/raw/hasyv2_download/hasy-data/v2-133258.png,lbracket,16
data/raw/hasyv2_download/hasy-data/v2-13029.png,lbracket,16
data/raw/hasyv2_download/hasy-data/v2-145038.png,sqrt,21
data/raw/hasyv2_download/hasy-data/v2-07138.png,div,13
data/raw/hasyv2_download/hasy-data/v2-00410.png,6,6
data/raw/hasyv2_download/hasy-data/v2-137596.png,infty,15
data/raw/hasyv2_download/hasy-data/v2-132758.png,lbracket,16
data/raw/hasyv2_download/hasy-data/v2-139441.png,infty,15
data/raw/hasyv2_download/hasy-data/v2-139278.png,infty,15
data/raw/hasyv2_download/hasy-data/v2-139510.png,infty,15
data/raw/hasyv2_download/hasy-data/v2-76097.png,times,22
data/raw/hasyv2_download/hasy-data/v2-66560.png,minus,18
data/raw/hasyv2_download/hasy-data/v2-139692.png,infty,15
data/raw/hasyv2_download/hasy-data/v2-29794.png,c,12
data/raw/hasyv2_download/hasy-data/v2-133451.png,rbracket,20
data/raw/hasyv2_download/hasy-data/v2-139737.png,infty,15
data/raw/hasyv2_download/hasy-data/v2-133432.png,rbracket,20
data/raw/hasyv2_download/hasy-data/v2-80477.png,div,13
data/raw/hasyv2_download/hasy-data/v2-75595.png,times,22
data/raw/hasyv2_download/hasy-data/v2-76162.png,times,22
data/raw/hasyv2_download/hasy-data/v2-145793.png,sqrt,21
data/raw/hasyv2_download/hasy-data/v2-76237.png,times,22
data/raw/hasyv2_download/hasy-data/v2-145124.png,sqrt,21
data/raw/hasyv2_download/hasy-data/v2-20064.png,1,1
data/raw/hasyv2_download/hasy-data/v2-145071.png,sqrt,21
data/raw/hasyv2_download/hasy-data/v2-00354.png,0,0
data/raw/hasyv2_download/hasy-data/v2-138063.png,infty,15
data/raw/hasyv2_download/hasy-data/v2-61007.png,lt,17
data/raw/hasyv2_download/hasy-data/v2-138770.png,infty,15
data/raw/hasyv2_download/hasy-data/v2-76537.png,times,22
data/raw/hasyv2_download/hasy-data/v2-20442.png,5,5
data/raw/hasyv2_download/hasy-data/v2-29701.png,a,10
data/raw/hasyv2_download/hasy-data/v2-76680.png,times,22
data/raw/hasyv2_download/hasy-data/v2-20672.png,8,8
data/raw/hasyv2_download/hasy-data/v2-139378.png,infty,15
data/raw/hasyv2_download/hasy-data/v2-20285.png,3,3
data/raw/hasyv2_download/hasy-data/v2-139803.png,infty,15
data/raw/hasyv2_download/hasy-data/v2-30881.png,x,23
data/raw/hasyv2_download/hasy-data/v2-133482.png,rbracket,20
data/raw/hasyv2_download/hasy-data/v2-139769.png,infty,15
data/raw/hasyv2_download/hasy-data/v2-80191.png,div,13
data/raw/hasyv2_download/hasy-data/v2-133380.png,rbracket,20
data/raw/hasyv2_download/hasy-data/v2-61068.png,gt,14
data/raw/hasyv2_download/hasy-data/v2-138986.png,infty,15
data/raw/hasyv2_download/hasy-data/v2-145241.png,sqrt,21
data/raw/hasyv2_download/hasy-data/v2-145631.png,sqrt,21
data/raw/hasyv2_download/hasy-data/v2-80326.png,div,13
data/raw/hasyv2_download/hasy-data/v2-20376.png,4,4
data/raw/hasyv2_download/hasy-data/v2-132597.png,lbracket,16
data/raw/hasyv2_download/hasy-data/v2-75603.png,times,22
data/raw/hasyv2_download/hasy-data/v2-132589.png,lbracket,16
data/raw/hasyv2_download/hasy-data/v2-13599.png,infty,15
data/raw/hasyv2_download/hasy-data/v2-75918.png,times,22
data/raw/hasyv2_download/hasy-data/v2-137296.png,infty,15
data/raw/hasyv2_download/hasy-data/v2-137955.png,infty,15
data/raw/hasyv2_download/hasy-data/v2-137450.png,infty,15
data/raw/hasyv2_download/hasy-data/v2-132532.png,lbracket,16
data/raw/hasyv2_download/hasy-data/v2-138473.png,infty,15
data/raw/hasyv2_download/hasy-data/v2-66600.png,plus,19
data/raw/hasyv2_download/hasy-data/v2-132534.png,lbracket,16
data/raw/hasyv2_download/hasy-data/v2-133270.png,lbracket,16
data/raw/hasyv2_download/hasy-data/v2-145041.png,sqrt,21
data/raw/hasyv2_download/hasy-data/v2-76034.png,times,22
data/raw/hasyv2_download/hasy-data/v2-13067.png,lbracket,16
data/raw/hasyv2_download/hasy-data/v2-13142.png,rbracket,20
data/raw/hasyv2_download/hasy-data/v2-30880.png,x,23
data/raw/hasyv2_download/hasy-data/v2-66626.png,plus,19
data/raw/hasyv2_download/hasy-data/v2-137704.png,infty,15
data/raw/hasyv2_download/hasy-data/v2-75962.png,times,22
data/raw/hasyv2_download/hasy-data/v2-75908.png,times,22
data/raw/hasyv2_download/hasy-data/v2-76457.png,times,22
data/raw/hasyv2_download/hasy-data/v2-20652.png,8,8
data/raw/hasyv2_download/hasy-data/v2-20043.png,1,1
data/raw/hasyv2_download/hasy-data/v2-138528.png,infty,15
data/raw/hasyv2_download/hasy-data/v2-132603.png,lbracket,16
data/raw/hasyv2_download/hasy-data/v2-138743.png,infty,15
data/raw/hasyv2_download/hasy-data/v2-19976.png,0,0
data/raw/hasyv2_download/hasy-data/v2-138949.png,infty,15
data/raw/hasyv2_download/hasy-data/v2-133411.png,rbracket,20
data/raw/hasyv2_download/hasy-data/v2-20026.png,0,0
data/raw/hasyv2_download/hasy-data/v2-138692.png,infty,15
data/raw/hasyv2_download/hasy-data/v2-76305.png,times,22
data/raw/hasyv2_download/hasy-data/v2-132984.png,lbracket,16
data/raw/hasyv2_download/hasy-data/v2-20266.png,3,3
data/raw/hasyv2_download/hasy-data/v2-145152.png,sqrt,21
data/raw/hasyv2_download/hasy-data/v2-80480.png,div,13
data/raw/hasyv2_download/hasy-data/v2-30975.png,z,25
data/raw/hasyv2_download/hasy-data/v2-132743.png,lbracket,16
data/raw/hasyv2_download/hasy-data/v2-138705.png,infty,15
data/raw/hasyv2_download/hasy-data/v2-145807.png,sqrt,21
data/raw/hasyv2_download/hasy-data/v2-61099.png,gt,14
data/raw/hasyv2_download/hasy-data/v2-139212.png,infty,15
data/raw/hasyv2_download/hasy-data/v2-138603.png,infty,15
data/raw/hasyv2_download/hasy-data/v2-75818.png,times,22
data/raw/hasyv2_download/hasy-data/v2-133006.png,lbracket,16
data/raw/hasyv2_download/hasy-data/v2-139262.png,infty,15
data/raw/hasyv2_download/hasy-data/v2-138455.png,infty,15
data/raw/hasyv2_download/hasy-data/v2-133537.png,rbracket,20
data/raw/hasyv2_download/hasy-data/v2-76129.png,times,22
data/raw/hasyv2_download/hasy-data/v2-139830.png,infty,15
data/raw/hasyv2_download/hasy-data/v2-137552.png,infty,15
data/raw/hasyv2_download/hasy-data/v2-20667.png,8,8
data/raw/hasyv2_download/hasy-data/v2-145733.png,sqrt,21
data/raw/hasyv2_download/hasy-data/v2-13596.png,infty,15
data/raw/hasyv2_download/hasy-data/v2-139227.png,infty,15
data/raw/hasyv2_download/hasy-data/v2-06699.png,times,22
data/raw/hasyv2_download/hasy-data/v2-137254.png,infty,15
data/raw/hasyv2_download/hasy-data/v2-76193.png,times,22
data/raw/hasyv2_download/hasy-data/v2-137314.png,infty,15
data/raw/hasyv2_download/hasy-data/v2-00439.png,8,8
data/raw/hasyv2_download/hasy-data/v2-76283.png,times,22
data/raw/hasyv2_download/hasy-data/v2-20317.png,3,3
data/raw/hasyv2_download/hasy-data/v2-138186.png,infty,15
data/raw/hasyv2_download/hasy-data/v2-20674.png,8,8
data/raw/hasyv2_download/hasy-data/v2-132814.png,lbracket,16
data/raw/hasyv2_download/hasy-data/v2-66571.png,minus,18
data/raw/hasyv2_download/hasy-data/v2-76374.png,times,22
data/raw/hasyv2_download/hasy-data/v2-76814.png,times,22
data/raw/hasyv2_download/hasy-data/v2-138059.png,infty,15
data/raw/hasyv2_download/hasy-data/v2-75766.png,times,22
data/raw/hasyv2_download/hasy-data/v2-139205.png,infty,15
data/raw/hasyv2_download/hasy-data/v2-132585.png,lbracket,16
data/raw/hasyv2_download/hasy-data/v2-61044.png,lt,17
data/raw/hasyv2_download/hasy-data/v2-76381.png,times,22
data/raw/hasyv2_download/hasy-data/v2-132899.png,lbracket,16
data/raw/hasyv2_download/hasy-data/v2-145148.png,sqrt,21
data/raw/hasyv2_download/hasy-data/v2-144996.png,sqrt,21
data/raw/hasyv2_download/hasy-data/v2-75874.png,times,22
data/raw/hasyv2_download/hasy-data/v2-138263.png,infty,15
data/raw/hasyv2_download/hasy-data/v2-75856.png,times,22
data/raw/hasyv2_download/hasy-data/v2-19999.png,0,0
data/raw/hasyv2_download/hasy-data/v2-139595.png,infty,15
data/raw/hasyv2_download/hasy-data/v2-75797.png,times,22
data/raw/hasyv2_download/hasy-data/v2-76551.png,times,22
data/raw/hasyv2_download/hasy-data/v2-139700.png,infty,15
data/raw/hasyv2_download/hasy-data/v2-76805.png,times,22
data/raw/hasyv2_download/hasy-data/v2-133376.png,rbracket,20
data/raw/hasyv2_download/hasy-data/v2-20511.png,6,6
data/raw/hasyv2_download/hasy-data/v2-76570.png,times,22
data/raw/hasyv2_download/hasy-data/v2-132988.png,lbracket,16
data/raw/hasyv2_download/hasy-data/v2-66497.png,minus,18
data/raw/hasyv2_download/hasy-data/v2-80262.png,div,13
data/raw/hasyv2_download/hasy-data/v2-75953.png,times,22
data/raw/hasyv2_download/hasy-data/v2-133196.png,lbracket,16
data/raw/hasyv2_download/hasy-data/v2-13080.png,lbracket,16
data/raw/hasyv2_download/hasy-data/v2-60992.png,lt,17
data/raw/hasyv2_download/hasy-data/v2-145310.png,sqrt,21
data/raw/hasyv2_download/hasy-data/v2-144954.png,sqrt,21
data/raw/hasyv2_download/hasy-data/v2-132793.png,lbracket,16
data/raw/hasyv2_download/hasy-data/v2-20138.png,2,2
data/raw/hasyv2_download/hasy-data/v2-29779.png,c,12
data/raw/hasyv2_download/hasy-data/v2-137628.png,infty,15
data/raw/hasyv2_download/hasy-data/v2-76324.png,times,22
data/raw/hasyv2_download/hasy-data/v2-132781.png,lbracket,16
data/raw/hasyv2_download/hasy-data/v2-06649.png,times,22
data/raw/hasyv2_download/hasy-data/v2-76541.png,times,22
data/raw/hasyv2_download/hasy-data/v2-139485.png,infty,15
data/raw/hasyv2_download/hasy-data/v2-137835.png,infty,15
data/raw/hasyv2_download/hasy-data/v2-137348.png,infty,15
data/raw/hasyv2_download/hasy-data/v2-20045.png,1,1
data/raw/hasyv2_download/hasy-data/v2-14462.png,sqrt,21
data/raw/hasyv2_download/hasy-data/v2-76185.png,times,22
data/raw/hasyv2_download/hasy-data/v2-13726.png,infty,15
data/raw/hasyv2_download/hasy-data/v2-138896.png,infty,15
data/raw/hasyv2_download/hasy-data/v2-137830.png,infty,15
data/raw/hasyv2_download/hasy-data/v2-137384.png,infty,15
data/raw/hasyv2_download/hasy-data/v2-137781.png,infty,15
data/raw/hasyv2_download/hasy-data/v2-76401.png,times,22
data/raw/hasyv2_download/hasy-data/v2-139343.png,infty,15
data/raw/hasyv2_download/hasy-data/v2-13090.png,lbracket,16
data/raw/hasyv2_download/hasy-data/v2-138150.png,infty,15
data/raw/hasyv2_download/hasy-data/v2-75967.png,times,22
data/raw/hasyv2_download/hasy-data/v2-60944.png,lt,17
data/raw/hasyv2_download/hasy-data/v2-137743.png,infty,15
data/raw/hasyv2_download/hasy-data/v2-29635.png,a,10
data/raw/hasyv2_download/hasy-data/v2-19964.png,0,0
data/raw/hasyv2_download/hasy-data/v2-138209.png,infty,15
data/raw/hasyv2_download/hasy-data/v2-20345.png,3,3
data/raw/hasyv2_download/hasy-data/v2-13732.png,infty,15
data/raw/hasyv2_download/hasy-data/v2-138328.png,infty,15
data/raw/hasyv2_download/hasy-data/v2-20435.png,5,5
data/raw/hasyv2_download/hasy-data/v2-132749.png,lbracket,16
data/raw/hasyv2_download/hasy-data/v2-20256.png,3,3
data/raw/hasyv2_download/hasy-data/v2-137419.png,infty,15
data/raw/hasyv2_download/hasy-data/v2-132997.png,lbracket,16
data/raw/hasyv2_download/hasy-data/v2-145540.png,sqrt,21
data/raw/hasyv2_download/hasy-data/v2-133547.png,rbracket,20
data/raw/hasyv2_download/hasy-data/v2-144986.png,sqrt,21
data/raw/hasyv2_download/hasy-data/v2-138396.png,infty,15
data/raw/hasyv2_download/hasy-data/v2-06675.png,times,22
data/raw/hasyv2_download/hasy-data/v2-76509.png,times,22
data/raw/hasyv2_download/hasy-data/v2-75527.png,times,22
data/raw/hasyv2_download/hasy-data/v2-76613.png,times,22
data/raw/hasyv2_download/hasy-data/v2-138988.png,infty,15
data/raw/hasyv2_download/hasy-data/v2-137595.png,infty,15
data/raw/hasyv2_download/hasy-data/v2-75846.png,times,22
data/raw/hasyv2_download/hasy-data/v2-133315.png,lbracket,16
data/raw/hasyv2_download/hasy-data/v2-75620.png,times,22
data/raw/hasyv2_download/hasy-data/v2-139602.png,infty,15
data/raw/hasyv2_download/hasy-data/v2-139777.png,infty,15
data/raw/hasyv2_download/hasy-data/v2-66623.png,plus,19
data/raw/hasyv2_download/hasy-data/v2-76515.png,times,22
data/raw/hasyv2_download/hasy-data/v2-139334.png,infty,15
data/raw/hasyv2_download/hasy-data/v2-76472.png,times,22
data/raw/hasyv2_download/hasy-data/v2-75965.png,times,22
data/raw/hasyv2_download/hasy-data/v2-137801.png,infty,15
data/raw/hasyv2_download/hasy-data/v2-66508.png,minus,18
data/raw/hasyv2_download/hasy-data/v2-137798.png,infty,15
data/raw/hasyv2_download/hasy-data/v2-145226.png,sqrt,21
data/raw/hasyv2_download/hasy-data/v2-76103.png,times,22
data/raw/hasyv2_download/hasy-data/v2-13082.png,lbracket,16
data/raw/hasyv2_download/hasy-data/v2-13062.png,lbracket,16
data/raw/hasyv2_download/hasy-data/v2-20489.png,6,6
data/raw/hasyv2_download/hasy-data/v2-76339.png,times,22
data/raw/hasyv2_download/hasy-data/v2-13039.png,lbracket,16
data/raw/hasyv2_download/hasy-data/v2-29704.png,a,10
data/raw/hasyv2_download/hasy-data/v2-66599.png,plus,19
data/raw/hasyv2_download/hasy-data/v2-139019.png,infty,15
data/raw/hasyv2_download/hasy-data/v2-139368.png,infty,15
data/raw/hasyv2_download/hasy-data/v2-137560.png,infty,15
data/raw/hasyv2_download/hasy-data/v2-76275.png,times,22
data/raw/hasyv2_download/hasy-data/v2-14431.png,sqrt,21
data/raw/hasyv2_download/hasy-data/v2-132850.png,lbracket,16
data/raw/hasyv2_download/hasy-data/v2-139618.png,infty,15
data/raw/hasyv2_download/hasy-data/v2-138406.png,infty,15
data/raw/hasyv2_download/hasy-data/v2-76261.png,times,22
data/raw/hasyv2_download/hasy-data/v2-133089.png,lbracket,16
data/raw/hasyv2_download/hasy-data/v2-20198.png,2,2
data/raw/hasyv2_download/hasy-data/v2-138146.png,infty,15
data/raw/hasyv2_download/hasy-data/v2-133117.png,lbracket,16
data/raw/hasyv2_download/hasy-data/v2-76375.png,times,22
data/raw/hasyv2_download/hasy-data/v2-139373.png,infty,15
data/raw/hasyv2_download/hasy-data/v2-80377.png,div,13
data/raw/hasyv2_download/hasy-data/v2-138093.png,infty,15
data/raw/hasyv2_download/hasy-data/v2-138916.png,infty,15
data/raw/hasyv2_download/hasy-data/v2-145253.png,sqrt,21
data/raw/hasyv2_download/hasy-data/v2-66576.png,minus,18
data/raw/hasyv2_download/hasy-data/v2-145159.png,sqrt,21
data/raw/hasyv2_download/hasy-data/v2-00386.png,3,3
data/raw/hasyv2_download/hasy-data/v2-76590.png,times,22
data/raw/hasyv2_download/hasy-data/v2-139779.png,infty,15
data/raw/hasyv2_download/hasy-data/v2-80261.png,div,13
data/raw/hasyv2_download/hasy-data/v2-139483.png,infty,15
data/raw/hasyv2_download/hasy-data/v2-138220.png,infty,15
data/raw/hasyv2_download/hasy-data/v2-133259.png,lbracket,16
data/raw/hasyv2_download/hasy-data/v2-132737.png,lbracket,16
data/raw/hasyv2_download/hasy-data/v2-138260.png,infty,15
data/raw/hasyv2_download/hasy-data/v2-19983.png,0,0
data/raw/hasyv2_download/hasy-data/v2-76167.png,times,22
data/raw/hasyv2_download/hasy-data/v2-133218.png,lbracket,16
data/raw/hasyv2_download/hasy-data/v2-20549.png,6,6
data/raw/hasyv2_download/hasy-data/v2-30830.png,x,23
data/raw/hasyv2_download/hasy-data/v2-60953.png,lt,17
data/raw/hasyv2_download/hasy-data/v2-66538.png,minus,18
data/raw/hasyv2_download/hasy-data/v2-139660.png,infty,15
data/raw/hasyv2_download/hasy-data/v2-76377.png,times,22
data/raw/hasyv2_download/hasy-data/v2-138077.png,infty,15
data/raw/hasyv2_download/hasy-data/v2-75903.png,times,22
data/raw/hasyv2_download/hasy-data/v2-76861.png,times,22
data/raw/hasyv2_download/hasy-data/v2-138609.png,infty,15
data/raw/hasyv2_download/hasy-data/v2-145163.png,sqrt,21
data/raw/hasyv2_download/hasy-data/v2-13617.png,infty,15
data/raw/hasyv2_download/hasy-data/v2-132673.png,lbracket,16
data/raw/hasyv2_download/hasy-data/v2-80388.png,div,13
data/raw/hasyv2_download/hasy-data/v2-29770.png,c,12
data/raw/hasyv2_download/hasy-data/v2-61078.png,gt,14
data/raw/hasyv2_download/hasy-data/v2-145288.png,sqrt,21
data/raw/hasyv2_download/hasy-data/v2-139180.png,infty,15
data/raw/hasyv2_download/hasy-data/v2-75632.png,times,22
data/raw/hasyv2_download/hasy-data/v2-20344.png,3,3
data/raw/hasyv2_download/hasy-data/v2-138394.png,infty,15
data/raw/hasyv2_download/hasy-data/v2-13778.png,infty,15
data/raw/hasyv2_download/hasy-data/v2-75718.png,times,22
data/raw/hasyv2_download/hasy-data/v2-132756.png,lbracket,16
data/raw/hasyv2_download/hasy-data/v2-13773.png,infty,15
data/raw/hasyv2_download/hasy-data/v2-139189.png,infty,15
data/raw/hasyv2_download/hasy-data/v2-61031.png,lt,17
data/raw/hasyv2_download/hasy-data/v2-19912.png,0,0
data/raw/hasyv2_download/hasy-data/v2-133288.png,lbracket,16
data/raw/hasyv2_download/hasy-data/v2-139287.png,infty,15
data/raw/hasyv2_download/hasy-data/v2-29722.png,b,11
data/raw/hasyv2_download/hasy-data/v2-19968.png,0,0
data/raw/hasyv2_download/hasy-data/v2-66643.png,plus,19
data/raw/hasyv2_download/hasy-data/v2-145520.png,sqrt,21
data/raw/hasyv2_download/hasy-data/v2-76059.png,times,22
data/raw/hasyv2_download/hasy-data/v2-139688.png,infty,15
data/raw/hasyv2_download/hasy-data/v2-76715.png,times,22
data/raw/hasyv2_download/hasy-data/v2-139732.png,infty,15
data/raw/hasyv2_download/hasy-data/v2-139560.png,infty,15
data/raw/hasyv2_download/hasy-data/v2-137481.png,infty,15
data/raw/hasyv2_download/hasy-data/v2-06665.png,times,22
data/raw/hasyv2_download/hasy-data/v2-80251.png,div,13
data/raw/hasyv2_download/hasy-data/v2-132861.png,lbracket,16
data/raw/hasyv2_download/hasy-data/v2-145551.png,sqrt,21
data/raw/hasyv2_download/hasy-data/v2-75985.png,times,22
data/raw/hasyv2_download/hasy-data/v2-145119.png,sqrt,21
data/raw/hasyv2_download/hasy-data/v2-13107.png,lbracket,16
data/raw/hasyv2_download/hasy-data/v2-20247.png,2,2
data/raw/hasyv2_download/hasy-data/v2-138658.png,infty,15
data/raw/hasyv2_download/hasy-data/v2-138862.png,infty,15
data/raw/hasyv2_download/hasy-data/v2-76853.png,times,22
data/raw/hasyv2_download/hasy-data/v2-00415.png,6,6
data/raw/hasyv2_download/hasy-data/v2-20514.png,6,6
data/raw/hasyv2_download/hasy-data/v2-132932.png,lbracket,16
data/raw/hasyv2_download/hasy-data/v2-76047.png,times,22
data/raw/hasyv2_download/hasy-data/v2-132540.png,lbracket,16
data/raw/hasyv2_download/hasy-data/v2-138465.png,infty,15
data/raw/hasyv2_download/hasy-data/v2-19938.png,0,0
data/raw/hasyv2_download/hasy-data/v2-80214.png,div,13
data/raw/hasyv2_download/hasy-data/v2-20081.png,1,1
data/raw/hasyv2_download/hasy-data/v2-13079.png,lbracket,16
data/raw/hasyv2_download/hasy-data/v2-20381.png,4,4
data/raw/hasyv2_download/hasy-data/v2-60966.png,lt,17
data/raw/hasyv2_download/hasy-data/v2-138882.png,infty,15
data/raw/hasyv2_download/hasy-data/v2-138176.png,infty,15
data/raw/hasyv2_download/hasy-data/v2-137286.png,infty,15
data/raw/hasyv2_download/hasy-data/v2-20125.png,1,1
data/raw/hasyv2_download/hasy-data/v2-76756.png,times,22
data/raw/hasyv2_download/hasy-data/v2-133318.png,lbracket,16
data/raw/hasyv2_download/hasy-data/v2-133515.png,rbracket,20
data/raw/hasyv2_download/hasy-data/v2-61069.png,gt,14
data/raw/hasyv2_download/hasy-data/v2-138103.png,infty,15
data/raw/hasyv2_download/hasy-data/v2-139784.png,infty,15
data/raw/hasyv2_download/hasy-data/v2-137871.png,infty,15
data/raw/hasyv2_download/hasy-data/v2-138886.png,infty,15
data/raw/hasyv2_download/hasy-data/v2-75657.png,times,22
data/raw/hasyv2_download/hasy-data/v2-137887.png,infty,15
data/raw/hasyv2_download/hasy-data/v2-144941.png,sqrt,21
data/raw/hasyv2_download/hasy-data/v2-145010.png,sqrt,21
data/raw/hasyv2_download/hasy-data/v2-76284.png,times,22
data/raw/hasyv2_download/hasy-data/v2-137754.png,infty,15
data/raw/hasyv2_download/hasy-data/v2-61014.png,lt,17
data/raw/hasyv2_download/hasy-data/v2-30866.png,x,23
data/raw/hasyv2_download/hasy-data/v2-137354.png,infty,15
data/raw/hasyv2_download/hasy-data/v2-137580.png,infty,15
data/raw/hasyv2_download/hasy-data/v2-75990.png,times,22
data/raw/hasyv2_download/hasy-data/v2-14445.png,sqrt,21
data/raw/hasyv2_download/hasy-data/v2-29715.png,b,11
data/raw/hasyv2_download/hasy-data/v2-20307.png,3,3
data/raw/hasyv2_download/hasy-data/v2-132845.png,lbracket,16
data/raw/hasyv2_download/hasy-data/v2-75671.png,times,22
data/raw/hasyv2_download/hasy-data/v2-133405.png,rbracket,20
data/raw/hasyv2_download/hasy-data/v2-30941.png,z,25
data/raw/hasyv2_download/hasy-data/v2-00440.png,9,9
data/raw/hasyv2_download/hasy-data/v2-20647.png,8,8
data/raw/hasyv2_download/hasy-data/v2-20600.png,7,7
data/raw/hasyv2_download/hasy-data/v2-132595.png,lbracket,16
data/raw/hasyv2_download/hasy-data/v2-145114.png,sqrt,21
data/raw/hasyv2_download/hasy-data/v2-139260.png,infty,15
data/raw/hasyv2_download/hasy-data/v2-139288.png,infty,15
data/raw/hasyv2_download/hasy-data/v2-76443.png,times,22
data/raw/hasyv2_download/hasy-data/v2-144955.png,sqrt,21
data/raw/hasyv2_download/hasy-data/v2-13702.png,infty,15
data/raw/hasyv2_download/hasy-data/v2-145618.png,sqrt,21
data/raw/hasyv2_download/hasy-data/v2-133133.png,lbracket,16
data/raw/hasyv2_download/hasy-data/v2-00379.png,2,2
data/raw/hasyv2_download/hasy-data/v2-80221.png,div,13
data/raw/hasyv2_download/hasy-data/v2-76008.png,times,22
data/raw/hasyv2_download/hasy-data/v2-76561.png,times,22
data/raw/hasyv2_download/hasy-data/v2-13605.png,infty,15
data/raw/hasyv2_download/hasy-data/v2-132551.png,lbracket,16
data/raw/hasyv2_download/hasy-data/v2-80236.png,div,13
data/raw/hasyv2_download/hasy-data/v2-29817.png,c,12
data/raw/hasyv2_download/hasy-data/v2-139814.png,infty,15
data/raw/hasyv2_download/hasy-data/v2-138590.png,infty,15
data/raw/hasyv2_download/hasy-data/v2-132739.png,lbracket,16
data/raw/hasyv2_download/hasy-data/v2-133297.png,lbracket,16
data/raw/hasyv2_download/hasy-data/v2-06710.png,times,22
data/raw/hasyv2_download/hasy-data/v2-20176.png,2,2
data/raw/hasyv2_download/hasy-data/v2-75508.png,times,22
data/raw/hasyv2_download/hasy-data/v2-138157.png,infty,15
data/raw/hasyv2_download/hasy-data/v2-29740.png,b,11
data/raw/hasyv2_download/hasy-data/v2-76372.png,times,22
data/raw/hasyv2_download/hasy-data/v2-133021.png,lbracket,16
data/raw/hasyv2_download/hasy-data/v2-75810.png,times,22
data/raw/hasyv2_download/hasy-data/v2-75544.png,times,22
data/raw/hasyv2_download/hasy-data/v2-75650.png,times,22
data/raw/hasyv2_download/hasy-data/v2-133076.png,lbracket,16
data/raw/hasyv2_download/hasy-data/v2-137626.png,infty,15
data/raw/hasyv2_download/hasy-data/v2-20445.png,5,5
data/raw/hasyv2_download/hasy-data/v2-145298.png,sqrt,21
data/raw/hasyv2_download/hasy-data/v2-138290.png,infty,15
data/raw/hasyv2_download/hasy-data/v2-132718.png,lbracket,16
data/raw/hasyv2_download/hasy-data/v2-66592.png,plus,19
data/raw/hasyv2_download/hasy-data/v2-13629.png,infty,15
data/raw/hasyv2_download/hasy-data/v2-139576.png,infty,15
data/raw/hasyv2_download/hasy-data/v2-75841.png,times,22
data/raw/hasyv2_download/hasy-data/v2-137952.png,infty,15
data/raw/hasyv2_download/hasy-data/v2-20169.png,2,2
data/raw/hasyv2_download/hasy-data/v2-00363.png,1,1
data/raw/hasyv2_download/hasy-data/v2-29747.png,b,11
data/raw/hasyv2_download/hasy-data/v2-29801.png,c,12
data/raw/hasyv2_download/hasy-data/v2-138484.png,infty,15
data/raw/hasyv2_download/hasy-data/v2-133328.png,lbracket,16
data/raw/hasyv2_download/hasy-data/v2-137856.png,infty,15
data/raw/hasyv2_download/hasy-data/v2-145497.png,sqrt,21
data/raw/hasyv2_download/hasy-data/v2-139365.png,infty,15
data/raw/hasyv2_download/hasy-data/v2-145204.png,sqrt,21
data/raw/hasyv2_download/hasy-data/v2-80302.png,div,13
data/raw/hasyv2_download/hasy-data/v2-76645.png,times,22
data/raw/hasyv2_download/hasy-data/v2-138745.png,infty,15
data/raw/hasyv2_download/hasy-data/v2-80321.png,div,13
data/raw/hasyv2_download/hasy-data/v2-75761.png,times,22
data/raw/hasyv2_download/hasy-data/v2-138527.png,infty,15
data/raw/hasyv2_download/hasy-data/v2-75582.png,times,22
data/raw/hasyv2_download/hasy-data/v2-145776.png,sqrt,21
data/raw/hasyv2_download/hasy-data/v2-20772.png,9,9
data/raw/hasyv2_download/hasy-data/v2-30949.png,z,25
data/raw/hasyv2_download/hasy-data/v2-80305.png,div,13
data/raw/hasyv2_download/hasy-data/v2-13734.png,infty,15
data/raw/hasyv2_download/hasy-data/v2-80324.png,div,13
data/raw/hasyv2_download/hasy-data/v2-137656.png,infty,15
data/raw/hasyv2_download/hasy-data/v2-138720.png,infty,15
data/raw/hasyv2_download/hasy-data/v2-145621.png,sqrt,21
data/raw/hasyv2_download/hasy-data/v2-20784.png,9,9
data/raw/hasyv2_download/hasy-data/v2-01595.png,z,25
data/raw/hasyv2_download/hasy-data/v2-139158.png,infty,15
data/raw/hasyv2_download/hasy-data/v2-132620.png,lbracket,16
data/raw/hasyv2_download/hasy-data/v2-29742.png,b,11
data/raw/hasyv2_download/hasy-data/v2-13783.png,infty,15
data/raw/hasyv2_download/hasy-data/v2-29668.png,a,10
data/raw/hasyv2_download/hasy-data/v2-138850.png,infty,15
data/raw/hasyv2_download/hasy-data/v2-145395.png,sqrt,21
data/raw/hasyv2_download/hasy-data/v2-139734.png,infty,15
data/raw/hasyv2_download/hasy-data/v2-138715.png,infty,15
data/raw/hasyv2_download/hasy-data/v2-80253.png,div,13
data/raw/hasyv2_download/hasy-data/v2-145020.png,sqrt,21
data/raw/hasyv2_download/hasy-data/v2-137463.png,infty,15
data/raw/hasyv2_download/hasy-data/v2-00430.png,8,8
data/raw/hasyv2_download/hasy-data/v2-00393.png,3,3
data/raw/hasyv2_download/hasy-data/v2-138392.png,infty,15
data/raw/hasyv2_download/hasy-data/v2-13032.png,lbracket,16
data/raw/hasyv2_download/hasy-data/v2-66660.png,plus,19
data/raw/hasyv2_download/hasy-data/v2-133401.png,rbracket,20
data/raw/hasyv2_download/hasy-data/v2-132835.png,lbracket,16
data/raw/hasyv2_download/hasy-data/v2-138797.png,infty,15
data/raw/hasyv2_download/hasy-data/v2-138910.png,infty,15
data/raw/hasyv2_download/hasy-data/v2-145729.png,sqrt,21
data/raw/hasyv2_download/hasy-data/v2-145346.png,sqrt,21
data/raw/hasyv2_download/hasy-data/v2-13774.png,infty,15
data/raw/hasyv2_download/hasy-data/v2-76148.png,times,22
data/raw/hasyv2_download/hasy-data/v2-80396.png,div,13
data/raw/hasyv2_download/hasy-data/v2-30889.png,y,24
data/raw/hasyv2_download/hasy-data/v2-139061.png,infty,15
data/raw/hasyv2_download/hasy-data/v2-138495.png,infty,15
data/raw/hasyv2_download/hasy-data/v2-139240.png,infty,15
data/raw/hasyv2_download/hasy-data/v2-80209.png,div,13
data/raw/hasyv2_download/hasy-data/v2-132680.png,lbracket,16
data/raw/hasyv2_download/hasy-data/v2-137700.png,infty,15
data/raw/hasyv2_download/hasy-data/v2-13620.png,infty,15
data/raw/hasyv2_download/hasy-data/v2-20497.png,6,6
data/raw/hasyv2_download/hasy-data/v2-76709.png,times,22
data/raw/hasyv2_download/hasy-data/v2-139120.png,infty,15
data/raw/hasyv2_download/hasy-data/v2-139150.png,infty,15
data/raw/hasyv2_download/hasy-data/v2-139054.png,infty,15
data/raw/hasyv2_download/hasy-data/v2-13758.png,infty,15
data/raw/hasyv2_download/hasy-data/v2-145294.png,sqrt,21
data/raw/hasyv2_download/hasy-data/v2-139397.png,infty,15
data/raw/hasyv2_download/hasy-data/v2-137519.png,infty,15
data/raw/hasyv2_download/hasy-data/v2-138499.png,infty,15
data/raw/hasyv2_download/hasy-data/v2-20369.png,4,4
data/raw/hasyv2_download/hasy-data/v2-132992.png,lbracket,16
data/raw/hasyv2_download/hasy-data/v2-76826.png,times,22
data/raw/hasyv2_download/hasy-data/v2-14473.png,sqrt,21
data/raw/hasyv2_download/hasy-data/v2-76494.png,times,22
data/raw/hasyv2_download/hasy-data/v2-06637.png,times,22
data/raw/hasyv2_download/hasy-data/v2-138353.png,infty,15
data/raw/hasyv2_download/hasy-data/v2-138793.png,infty,15
data/raw/hasyv2_download/hasy-data/v2-138977.png,infty,15
data/raw/hasyv2_download/hasy-data/v2-133164.png,lbracket,16
data/raw/hasyv2_download/hasy-data/v2-75886.png,times,22
data/raw/hasyv2_download/hasy-data/v2-20743.png,8,8
data/raw/hasyv2_download/hasy-data/v2-132893.png,lbracket,16
data/raw/hasyv2_download/hasy-data/v2-76455.png,times,22
data/raw/hasyv2_download/hasy-data/v2-139809.png,infty,15
data/raw/hasyv2_download/hasy-data/v2-00353.png,0,0
data/raw/hasyv2_download/hasy-data/v2-132989.png,lbracket,16
data/raw/hasyv2_download/hasy-data/v2-133065.png,lbracket,16
data/raw/hasyv2_download/hasy-data/v2-20512.png,6,6
data/raw/hasyv2_download/hasy-data/v2-137820.png,infty,15
data/raw/hasyv2_download/hasy-data/v2-138605.png,infty,15
data/raw/hasyv2_download/hasy-data/v2-30876.png,x,23
data/raw/hasyv2_download/hasy-data/v2-14491.png,sqrt,21
data/raw/hasyv2_download/hasy-data/v2-76722.png,times,22
data/raw/hasyv2_download/hasy-data/v2-75812.png,times,22
data/raw/hasyv2_download/hasy-data/v2-29790.png,c,12
data/raw/hasyv2_download/hasy-data/v2-137470.png,infty,15
data/raw/hasyv2_download/hasy-data/v2-19965.png,0,0
data/raw/hasyv2_download/hasy-data/v2-20052.png,1,1
data/raw/hasyv2_download/hasy-data/v2-20615.png,7,7
data/raw/hasyv2_download/hasy-data/v2-137318.png,infty,15
data/raw/hasyv2_download/hasy-data/v2-76612.png,times,22
data/raw/hasyv2_download/hasy-data/v2-29804.png,c,12
data/raw/hasyv2_download/hasy-data/v2-138649.png,infty,15
data/raw/hasyv2_download/hasy-data/v2-145716.png,sqrt,21
data/raw/hasyv2_download/hasy-data/v2-13827.png,infty,15
data/raw/hasyv2_download/hasy-data/v2-145225.png,sqrt,21
data/raw/hasyv2_download/hasy-data/v2-139670.png,infty,15
data/raw/hasyv2_download/hasy-data/v2-138917.png,infty,15
data/raw/hasyv2_download/hasy-data/v2-75702.png,times,22
data/raw/hasyv2_download/hasy-data/v2-76823.png,times,22
data/raw/hasyv2_download/hasy-data/v2-20651.png,8,8
data/raw/hasyv2_download/hasy-data/v2-75641.png,times,22
data/raw/hasyv2_download/hasy-data/v2-75728.png,times,22
data/raw/hasyv2_download/hasy-data/v2-133029.png,lbracket,16
data/raw/hasyv2_download/hasy-data/v2-80308.png,div,13
data/raw/hasyv2_download/hasy-data/v2-76189.png,times,22
data/raw/hasyv2_download/hasy-data/v2-13049.png,lbracket,16
data/raw/hasyv2_download/hasy-data/v2-138174.png,infty,15
data/raw/hasyv2_download/hasy-data/v2-138324.png,infty,15
data/raw/hasyv2_download/hasy-data/v2-139233.png,infty,15
data/raw/hasyv2_download/hasy-data/v2-138196.png,infty,15
data/raw/hasyv2_download/hasy-data/v2-137297.png,infty,15
data/raw/hasyv2_download/hasy-data/v2-139186.png,infty,15
data/raw/hasyv2_download/hasy-data/v2-29640.png,a,10
data/raw/hasyv2_download/hasy-data/v2-07137.png,div,13
data/raw/hasyv2_download/hasy-data/v2-139571.png,infty,15
data/raw/hasyv2_download/hasy-data/v2-133455.png,rbracket,20
data/raw/hasyv2_download/hasy-data/v2-29713.png,b,11
data/raw/hasyv2_download/hasy-data/v2-139839.png,infty,15
data/raw/hasyv2_download/hasy-data/v2-139250.png,infty,15
data/raw/hasyv2_download/hasy-data/v2-75583.png,times,22
data/raw/hasyv2_download/hasy-data/v2-139438.png,infty,15
data/raw/hasyv2_download/hasy-data/v2-61001.png,lt,17
data/raw/hasyv2_download/hasy-data/v2-137981.png,infty,15
data/raw/hasyv2_download/hasy-data/v2-137373.png,infty,15
data/raw/hasyv2_download/hasy-data/v2-132842.png,lbracket,16
data/raw/hasyv2_download/hasy-data/v2-20092.png,1,1
data/raw/hasyv2_download/hasy-data/v2-30915.png,y,24
data/raw/hasyv2_download/hasy-data/v2-137389.png,infty,15
data/raw/hasyv2_download/hasy-data/v2-29654.png,a,10
data/raw/hasyv2_download/hasy-data/v2-137371.png,infty,15
data/raw/hasyv2_download/hasy-data/v2-76652.png,times,22
data/raw/hasyv2_download/hasy-data/v2-66607.png,plus,19
data/raw/hasyv2_download/hasy-data/v2-13043.png,lbracket,16
data/raw/hasyv2_download/hasy-data/v2-133516.png,rbracket,20
data/raw/hasyv2_download/hasy-data/v2-138772.png,infty,15
data/raw/hasyv2_download/hasy-data/v2-75535.png,times,22
data/raw/hasyv2_download/hasy-data/v2-20733.png,8,8
data/raw/hasyv2_download/hasy-data/v2-75545.png,times,22
data/raw/hasyv2_download/hasy-data/v2-139141.png,infty,15
data/raw/hasyv2_download/hasy-data/v2-137780.png,infty,15
data/raw/hasyv2_download/hasy-data/v2-13681.png,infty,15
data/raw/hasyv2_download/hasy-data/v2-137678.png,infty,15
data/raw/hasyv2_download/hasy-data/v2-75745.png,times,22
data/raw/hasyv2_download/hasy-data/v2-138167.png,infty,15
data/raw/hasyv2_download/hasy-data/v2-19959.png,0,0
data/raw/hasyv2_download/hasy-data/v2-139108.png,infty,15
data/raw/hasyv2_download/hasy-data/v2-13661.png,infty,15
data/raw/hasyv2_download/hasy-data/v2-137386.png,infty,15
data/raw/hasyv2_download/hasy-data/v2-75596.png,times,22
data/raw/hasyv2_download/hasy-data/v2-139717.png,infty,15
data/raw/hasyv2_download/hasy-data/v2-80424.png,div,13
data/raw/hasyv2_download/hasy-data/v2-138200.png,infty,15
data/raw/hasyv2_download/hasy-data/v2-137432.png,infty,15
data/raw/hasyv2_download/hasy-data/v2-145530.png,sqrt,21
data/raw/hasyv2_download/hasy-data/v2-139265.png,infty,15
data/raw/hasyv2_download/hasy-data/v2-145432.png,sqrt,21
data/raw/hasyv2_download/hasy-data/v2-138774.png,infty,15
data/raw/hasyv2_download/hasy-data/v2-133494.png,rbracket,20
data/raw/hasyv2_download/hasy-data/v2-13569.png,infty,15
data/raw/hasyv2_download/hasy-data/v2-145026.png,sqrt,21
data/raw/hasyv2_download/hasy-data/v2-76827.png,times,22
data/raw/hasyv2_download/hasy-data/v2-20349.png,3,3
data/raw/hasyv2_download/hasy-data/v2-66615.png,plus,19
data/raw/hasyv2_download/hasy-data/v2-132767.png,lbracket,16
data/raw/hasyv2_download/hasy-data/v2-75726.png,times,22
data/raw/hasyv2_download/hasy-data/v2-80307.png,div,13
data/raw/hasyv2_download/hasy-data/v2-145151.png,sqrt,21
data/raw/hasyv2_download/hasy-data/v2-20364.png,4,4
data/raw/hasyv2_download/hasy-data/v2-06668.png,times,22
data/raw/hasyv2_download/hasy-data/v2-145137.png,sqrt,21
data/raw/hasyv2_download/hasy-data/v2-145476.png,sqrt,21
data/raw/hasyv2_download/hasy-data/v2-145491.png,sqrt,21
data/raw/hasyv2_download/hasy-data/v2-139651.png,infty,15
data/raw/hasyv2_download/hasy-data/v2-20249.png,2,2
data/raw/hasyv2_download/hasy-data/v2-145398.png,sqrt,21
data/raw/hasyv2_download/hasy-data/v2-138344.png,infty,15
data/raw/hasyv2_download/hasy-data/v2-139522.png,infty,15
data/raw/hasyv2_download/hasy-data/v2-76442.png,times,22
data/raw/hasyv2_download/hasy-data/v2-13073.png,lbracket,16
data/raw/hasyv2_download/hasy-data/v2-07134.png,div,13
data/raw/hasyv2_download/hasy-data/v2-137462.png,infty,15
data/raw/hasyv2_download/hasy-data/v2-144959.png,sqrt,21
data/raw/hasyv2_download/hasy-data/v2-139723.png,infty,15
data/raw/hasyv2_download/hasy-data/v2-80456.png,div,13
data/raw/hasyv2_download/hasy-data/v2-138989.png,infty,15
data/raw/hasyv2_download/hasy-data/v2-137747.png,infty,15
data/raw/hasyv2_download/hasy-data/v2-06650.png,times,22
data/raw/hasyv2_download/hasy-data/v2-139351.png,infty,15
data/raw/hasyv2_download/hasy-data/v2-138970.png,infty,15
data/raw/hasyv2_download/hasy-data/v2-138526.png,infty,15
data/raw/hasyv2_download/hasy-data/v2-19918.png,0,0
data/raw/hasyv2_download/hasy-data/v2-139562.png,infty,15
data/raw/hasyv2_download/hasy-data/v2-06616.png,times,22
data/raw/hasyv2_download/hasy-data/v2-76844.png,times,22
data/raw/hasyv2_download/hasy-data/v2-20632.png,7,7
data/raw/hasyv2_download/hasy-data/v2-138984.png,infty,15
data/raw/hasyv2_download/hasy-data/v2-133287.png,lbracket,16
data/raw/hasyv2_download/hasy-data/v2-139647.png,infty,15
data/raw/hasyv2_download/hasy-data/v2-139182.png,infty,15
data/raw/hasyv2_download/hasy-data/v2-80476.png,div,13
data/raw/hasyv2_download/hasy-data/v2-20594.png,7,7
data/raw/hasyv2_download/hasy-data/v2-137907.png,infty,15
data/raw/hasyv2_download/hasy-data/v2-138510.png,infty,15
data/raw/hasyv2_download/hasy-data/v2-139122.png,infty,15
data/raw/hasyv2_download/hasy-data/v2-20506.png,6,6
data/raw/hasyv2_download/hasy-data/v2-139504.png,infty,15
data/raw/hasyv2_download/hasy-data/v2-138257.png,infty,15
data/raw/hasyv2_download/hasy-data/v2-132937.png,lbracket,16
data/raw/hasyv2_download/hasy-data/v2-145078.png,sqrt,21
data/raw/hasyv2_download/hasy-data/v2-80423.png,div,13
data/raw/hasyv2_download/hasy-data/v2-20021.png,0,0
data/raw/hasyv2_download/hasy-data/v2-133462.png,rbracket,20
data/raw/hasyv2_download/hasy-data/v2-75842.png,times,22
data/raw/hasyv2_download/hasy-data/v2-139743.png,infty,15
data/raw/hasyv2_download/hasy-data/v2-76783.png,times,22
data/raw/hasyv2_download/hasy-data/v2-138278.png,infty,15
data/raw/hasyv2_download/hasy-data/v2-04961.png,gt,14
data/raw/hasyv2_download/hasy-data/v2-139405.png,infty,15
data/raw/hasyv2_download/hasy-data/v2-139832.png,infty,15
data/raw/hasyv2_download/hasy-data/v2-133299.png,lbracket,16
data/raw/hasyv2_download/hasy-data/v2-137715.png,infty,15
data/raw/hasyv2_download/hasy-data/v2-144999.png,sqrt,21
data/raw/hasyv2_download/hasy-data/v2-138522.png,infty,15
data/raw/hasyv2_download/hasy-data/v2-133368.png,rbracket,20
data/raw/hasyv2_download/hasy-data/v2-138194.png,infty,15
data/raw/hasyv2_download/hasy-data/v2-138097.png,infty,15
data/raw/hasyv2_download/hasy-data/v2-138800.png,infty,15
data/raw/hasyv2_download/hasy-data/v2-13705.png,infty,15
data/raw/hasyv2_download/hasy-data/v2-145414.png,sqrt,21
data/raw/hasyv2_download/hasy-data/v2-145764.png,sqrt,21
data/raw/hasyv2_download/hasy-data/v2-137877.png,infty,15
data/raw/hasyv2_download/hasy-data/v2-138316.png,infty,15
data/raw/hasyv2_download/hasy-data/v2-133384.png,rbracket,20
data/raw/hasyv2_download/hasy-data/v2-139367.png,infty,15
data/raw/hasyv2_download/hasy-data/v2-66535.png,minus,18
data/raw/hasyv2_download/hasy-data/v2-132723.png,lbracket,16
data/raw/hasyv2_download/hasy-data/v2-145032.png,sqrt,21
data/raw/hasyv2_download/hasy-data/v2-07123.png,div,13
data/raw/hasyv2_download/hasy-data/v2-133469.png,rbracket,20
data/raw/hasyv2_download/hasy-data/v2-138548.png,infty,15
data/raw/hasyv2_download/hasy-data/v2-145566.png,sqrt,21
data/raw/hasyv2_download/hasy-data/v2-76822.png,times,22
data/raw/hasyv2_download/hasy-data/v2-76069.png,times,22
data/raw/hasyv2_download/hasy-data/v2-138289.png,infty,15
data/raw/hasyv2_download/hasy-data/v2-76348.png,times,22
data/raw/hasyv2_download/hasy-data/v2-133017.png,lbracket,16
data/raw/hasyv2_download/hasy-data/v2-76005.png,times,22
data/raw/hasyv2_download/hasy-data/v2-139075.png,infty,15
data/raw/hasyv2_download/hasy-data/v2-76544.png,times,22
data/raw/hasyv2_download/hasy-data/v2-138870.png,infty,15
data/raw/hasyv2_download/hasy-data/v2-132849.png,lbracket,16
data/raw/hasyv2_download/hasy-data/v2-133102.png,lbracket,16
data/raw/hasyv2_download/hasy-data/v2-29633.png,a,10
data/raw/hasyv2_download/hasy-data/v2-145685.png,sqrt,21
data/raw/hasyv2_download/hasy-data/v2-80200.png,div,13
data/raw/hasyv2_download/hasy-data/v2-138920.png,infty,15
data/raw/hasyv2_download/hasy-data/v2-07127.png,div,13
data/raw/hasyv2_download/hasy-data/v2-132539.png,lbracket,16
data/raw/hasyv2_download/hasy-data/v2-14503.png,sqrt,21
data/raw/hasyv2_download/hasy-data/v2-137694.png,infty,15
data/raw/hasyv2_download/hasy-data/v2-29693.png,a,10
data/raw/hasyv2_download/hasy-data/v2-20393.png,4,4
data/raw/hasyv2_download/hasy-data/v2-76195.png,times,22
data/raw/hasyv2_download/hasy-data/v2-76591.png,times,22
data/raw/hasyv2_download/hasy-data/v2-80196.png,div,13
data/raw/hasyv2_download/hasy-data/v2-133308.png,lbracket,16
data/raw/hasyv2_download/hasy-data/v2-13081.png,lbracket,16
data/raw/hasyv2_download/hasy-data/v2-138707.png,infty,15
data/raw/hasyv2_download/hasy-data/v2-20260.png,3,3
data/raw/hasyv2_download/hasy-data/v2-01578.png,x,23
data/raw/hasyv2_download/hasy-data/v2-20453.png,5,5
data/raw/hasyv2_download/hasy-data/v2-137814.png,infty,15
data/raw/hasyv2_download/hasy-data/v2-137676.png,infty,15
data/raw/hasyv2_download/hasy-data/v2-75623.png,times,22
data/raw/hasyv2_download/hasy-data/v2-07116.png,div,13
data/raw/hasyv2_download/hasy-data/v2-76577.png,times,22
data/raw/hasyv2_download/hasy-data/v2-137542.png,infty,15
data/raw/hasyv2_download/hasy-data/v2-75607.png,times,22
data/raw/hasyv2_download/hasy-data/v2-139548.png,infty,15
data/raw/hasyv2_download/hasy-data/v2-76802.png,times,22
data/raw/hasyv2_download/hasy-data/v2-138256.png,infty,15
data/raw/hasyv2_download/hasy-data/v2-139379.png,infty,15
data/raw/hasyv2_download/hasy-data/v2-20711.png,8,8
data/raw/hasyv2_download/hasy-data/v2-138574.png,infty,15
data/raw/hasyv2_download/hasy-data/v2-139027.png,infty,15
data/raw/hasyv2_download/hasy-data/v2-80385.png,div,13
data/raw/hasyv2_download/hasy-data/v2-30885.png,y,24
data/raw/hasyv2_download/hasy-data/v2-30917.png,y,24
data/raw/hasyv2_download/hasy-data/v2-137684.png,infty,15
data/raw/hasyv2_download/hasy-data/v2-137570.png,infty,15
data/raw/hasyv2_download/hasy-data/v2-137282.png,infty,15
data/raw/hasyv2_download/hasy-data/v2-133098.png,lbracket,16
data/raw/hasyv2_download/hasy-data/v2-145349.png,sqrt,21
data/raw/hasyv2_download/hasy-data/v2-133266.png,lbracket,16
data/raw/hasyv2_download/hasy-data/v2-66504.png,minus,18
data/raw/hasyv2_download/hasy-data/v2-20271.png,3,3
data/raw/hasyv2_download/hasy-data/v2-137513.png,infty,15
data/raw/hasyv2_download/hasy-data/v2-139401.png,infty,15
data/raw/hasyv2_download/hasy-data/v2-139733.png,infty,15
data/raw/hasyv2_download/hasy-data/v2-13106.png,lbracket,16
data/raw/hasyv2_download/hasy-data/v2-133059.png,lbracket,16
data/raw/hasyv2_download/hasy-data/v2-139163.png,infty,15
data/raw/hasyv2_download/hasy-data/v2-138789.png,infty,15
data/raw/hasyv2_download/hasy-data/v2-138948.png,infty,15
data/raw/hasyv2_download/hasy-data/v2-145419.png,sqrt,21
data/raw/hasyv2_download/hasy-data/v2-06608.png,times,22
data/raw/hasyv2_download/hasy-data/v2-76781.png,times,22
data/raw/hasyv2_download/hasy-data/v2-138754.png,infty,15
data/raw/hasyv2_download/hasy-data/v2-20083.png,1,1
data/raw/hasyv2_download/hasy-data/v2-80441.png,div,13
data/raw/hasyv2_download/hasy-data/v2-137821.png,infty,15
data/raw/hasyv2_download/hasy-data/v2-139631.png,infty,15
data/raw/hasyv2_download/hasy-data/v2-139632.png,infty,15
data/raw/hasyv2_download/hasy-data/v2-144972.png,sqrt,21
data/raw/hasyv2_download/hasy-data/v2-145422.png,sqrt,21
data/raw/hasyv2_download/hasy-data/v2-75894.png,times,22
data/raw/hasyv2_download/hasy-data/v2-20447.png,5,5
data/raw/hasyv2_download/hasy-data/v2-139453.png,infty,15
data/raw/hasyv2_download/hasy-data/v2-20085.png,1,1
data/raw/hasyv2_download/hasy-data/v2-20776.png,9,9
data/raw/hasyv2_download/hasy-data/v2-61093.png,gt,14
data/raw/hasyv2_download/hasy-data/v2-132632.png,lbracket,16
data/raw/hasyv2_download/hasy-data/v2-139361.png,infty,15
data/raw/hasyv2_download/hasy-data/v2-138447.png,infty,15
data/raw/hasyv2_download/hasy-data/v2-137631.png,infty,15
data/raw/hasyv2_download/hasy-data/v2-20646.png,8,8
data/raw/hasyv2_download/hasy-data/v2-20211.png,2,2
data/raw/hasyv2_download/hasy-data/v2-145619.png,sqrt,21
data/raw/hasyv2_download/hasy-data/v2-137806.png,infty,15
data/raw/hasyv2_download/hasy-data/v2-132986.png,lbracket,16
data/raw/hasyv2_download/hasy-data/v2-139087.png,infty,15
data/raw/hasyv2_download/hasy-data/v2-20748.png,9,9
data/raw/hasyv2_download/hasy-data/v2-60983.png,lt,17
data/raw/hasyv2_download/hasy-data/v2-145117.png,sqrt,21
data/raw/hasyv2_download/hasy-data/v2-20725.png,8,8
data/raw/hasyv2_download/hasy-data/v2-76747.png,times,22
data/raw/hasyv2_download/hasy-data/v2-132706.png,lbracket,16
data/raw/hasyv2_download/hasy-data/v2-139408.png,infty,15
data/raw/hasyv2_download/hasy-data/v2-132981.png,lbracket,16
data/raw/hasyv2_download/hasy-data/v2-76807.png,times,22
data/raw/hasyv2_download/hasy-data/v2-66583.png,minus,18
data/raw/hasyv2_download/hasy-data/v2-138892.png,infty,15
data/raw/hasyv2_download/hasy-data/v2-138716.png,infty,15
data/raw/hasyv2_download/hasy-data/v2-132566.png,lbracket,16
data/raw/hasyv2_download/hasy-data/v2-139735.png,infty,15
data/raw/hasyv2_download/hasy-data/v2-139100.png,infty,15
data/raw/hasyv2_download/hasy-data/v2-80328.png,div,13
data/raw/hasyv2_download/hasy-data/v2-19969.png,0,0
data/raw/hasyv2_download/hasy-data/v2-75854.png,times,22
data/raw/hasyv2_download/hasy-data/v2-30836.png,x,23
data/raw/hasyv2_download/hasy-data/v2-133446.png,rbracket,20
data/raw/hasyv2_download/hasy-data/v2-145066.png,sqrt,21
data/raw/hasyv2_download/hasy-data/v2-145680.png,sqrt,21
data/raw/hasyv2_download/hasy-data/v2-13755.png,infty,15
data/raw/hasyv2_download/hasy-data/v2-138086.png,infty,15
data/raw/hasyv2_download/hasy-data/v2-138953.png,infty,15
data/raw/hasyv2_download/hasy-data/v2-20017.png,0,0
data/raw/hasyv2_download/hasy-data/v2-132925.png,lbracket,16
data/raw/hasyv2_download/hasy-data/v2-133274.png,lbracket,16
data/raw/hasyv2_download/hasy-data/v2-75891.png,times,22
data/raw/hasyv2_download/hasy-data/v2-13094.png,lbracket,16
data/raw/hasyv2_download/hasy-data/v2-139080.png,infty,15
data/raw/hasyv2_download/hasy-data/v2-145507.png,sqrt,21
data/raw/hasyv2_download/hasy-data/v2-138836.png,infty,15
data/raw/hasyv2_download/hasy-data/v2-06593.png,times,22
data/raw/hasyv2_download/hasy-data/v2-13634.png,infty,15
data/raw/hasyv2_download/hasy-data/v2-145116.png,sqrt,21
data/raw/hasyv2_download/hasy-data/v2-139474.png,infty,15
data/raw/hasyv2_download/hasy-data/v2-75507.png,times,22
data/raw/hasyv2_download/hasy-data/v2-138725.png,infty,15
data/raw/hasyv2_download/hasy-data/v2-145201.png,sqrt,21
data/raw/hasyv2_download/hasy-data/v2-137916.png,infty,15
data/raw/hasyv2_download/hasy-data/v2-139627.png,infty,15
data/raw/hasyv2_download/hasy-data/v2-19980.png,0,0
data/raw/hasyv2_download/hasy-data/v2-20063.png,1,1
data/raw/hasyv2_download/hasy-data/v2-138216.png,infty,15
data/raw/hasyv2_download/hasy-data/v2-137366.png,infty,15
data/raw/hasyv2_download/hasy-data/v2-76181.png,times,22
data/raw/hasyv2_download/hasy-data/v2-133062.png,lbracket,16
data/raw/hasyv2_download/hasy-data/v2-30901.png,y,24
data/raw/hasyv2_download/hasy-data/v2-139786.png,infty,15
data/raw/hasyv2_download/hasy-data/v2-20614.png,7,7
data/raw/hasyv2_download/hasy-data/v2-76444.png,times,22
data/raw/hasyv2_download/hasy-data/v2-80222.png,div,13
data/raw/hasyv2_download/hasy-data/v2-60997.png,lt,17
data/raw/hasyv2_download/hasy-data/v2-145587.png,sqrt,21
data/raw/hasyv2_download/hasy-data/v2-76669.png,times,22
data/raw/hasyv2_download/hasy-data/v2-80193.png,div,13
data/raw/hasyv2_download/hasy-data/v2-138383.png,infty,15
data/raw/hasyv2_download/hasy-data/v2-145030.png,sqrt,21
data/raw/hasyv2_download/hasy-data/v2-138538.png,infty,15
data/raw/hasyv2_download/hasy-data/v2-138329.png,infty,15
data/raw/hasyv2_download/hasy-data/v2-29736.png,b,11
data/raw/hasyv2_download/hasy-data/v2-133473.png,rbracket,20
data/raw/hasyv2_download/hasy-data/v2-132843.png,lbracket,16
data/raw/hasyv2_download/hasy-data/v2-80411.png,div,13
data/raw/hasyv2_download/hasy-data/v2-75509.png,times,22
data/raw/hasyv2_download/hasy-data/v2-13830.png,infty,15
data/raw/hasyv2_download/hasy-data/v2-76476.png,times,22
data/raw/hasyv2_download/hasy-data/v2-138710.png,infty,15
data/raw/hasyv2_download/hasy-data/v2-20757.png,9,9
data/raw/hasyv2_download/hasy-data/v2-133279.png,lbracket,16
data/raw/hasyv2_download/hasy-data/v2-145392.png,sqrt,21
data/raw/hasyv2_download/hasy-data/v2-20698.png,8,8
data/raw/hasyv2_download/hasy-data/v2-138039.png,infty,15
data/raw/hasyv2_download/hasy-data/v2-06656.png,times,22
data/raw/hasyv2_download/hasy-data/v2-20068.png,1,1
data/raw/hasyv2_download/hasy-data/v2-137838.png,infty,15
data/raw/hasyv2_download/hasy-data/v2-139714.png,infty,15
data/raw/hasyv2_download/hasy-data/v2-13697.png,infty,15
data/raw/hasyv2_download/hasy-data/v2-61130.png,gt,14
data/raw/hasyv2_download/hasy-data/v2-139755.png,infty,15
data/raw/hasyv2_download/hasy-data/v2-139006.png,infty,15
data/raw/hasyv2_download/hasy-data/v2-00374.png,2,2
data/raw/hasyv2_download/hasy-data/v2-20487.png,6,6
data/raw/hasyv2_download/hasy-data/v2-145557.png,sqrt,21
data/raw/hasyv2_download/hasy-data/v2-66548.png,minus,18
data/raw/hasyv2_download/hasy-data/v2-139767.png,infty,15
data/raw/hasyv2_download/hasy-data/v2-80250.png,div,13
data/raw/hasyv2_download/hasy-data/v2-13576.png,infty,15
data/raw/hasyv2_download/hasy-data/v2-20190.png,2,2
data/raw/hasyv2_download/hasy-data/v2-80268.png,div,13
data/raw/hasyv2_download/hasy-data/v2-30857.png,x,23
data/raw/hasyv2_download/hasy-data/v2-20188.png,2,2
data/raw/hasyv2_download/hasy-data/v2-139427.png,infty,15
data/raw/hasyv2_download/hasy-data/v2-139267.png,infty,15
data/raw/hasyv2_download/hasy-data/v2-76508.png,times,22
data/raw/hasyv2_download/hasy-data/v2-133112.png,lbracket,16
data/raw/hasyv2_download/hasy-data/v2-138900.png,infty,15
data/raw/hasyv2_download/hasy-data/v2-133094.png,lbracket,16
data/raw/hasyv2_download/hasy-data/v2-76500.png,times,22
data/raw/hasyv2_download/hasy-data/v2-139322.png,infty,15
data/raw/hasyv2_download/hasy-data/v2-20697.png,8,8
data/raw/hasyv2_download/hasy-data/v2-13776.png,infty,15
data/raw/hasyv2_download/hasy-data/v2-145511.png,sqrt,21
data/raw/hasyv2_download/hasy-data/v2-138240.png,infty,15
data/raw/hasyv2_download/hasy-data/v2-80300.png,div,13
data/raw/hasyv2_download/hasy-data/v2-76231.png,times,22
data/raw/hasyv2_download/hasy-data/v2-138463.png,infty,15
data/raw/hasyv2_download/hasy-data/v2-133332.png,lbracket,16
data/raw/hasyv2_download/hasy-data/v2-20587.png,7,7
data/raw/hasyv2_download/hasy-data/v2-139512.png,infty,15
data/raw/hasyv2_download/hasy-data/v2-137308.png,infty,15
data/raw/hasyv2_download/hasy-data/v2-139676.png,infty,15
data/raw/hasyv2_download/hasy-data/v2-132757.png,lbracket,16
data/raw/hasyv2_download/hasy-data/v2-133524.png,rbracket,20
data/raw/hasyv2_download/hasy-data/v2-75964.png,times,22
data/raw/hasyv2_download/hasy-data/v2-61024.png,lt,17
data/raw/hasyv2_download/hasy-data/v2-20800.png,9,9
data/raw/hasyv2_download/hasy-data/v2-145545.png,sqrt,21
data/raw/hasyv2_download/hasy-data/v2-76004.png,times,22
data/raw/hasyv2_download/hasy-data/v2-13030.png,lbracket,16
data/raw/hasyv2_download/hasy-data/v2-139664.png,infty,15
data/raw/hasyv2_download/hasy-data/v2-138271.png,infty,15
data/raw/hasyv2_download/hasy-data/v2-30833.png,x,23
data/raw/hasyv2_download/hasy-data/v2-13768.png,infty,15
data/raw/hasyv2_download/hasy-data/v2-133013.png,lbracket,16
data/raw/hasyv2_download/hasy-data/v2-76058.png,times,22
data/raw/hasyv2_download/hasy-data/v2-76484.png,times,22
data/raw/hasyv2_download/hasy-data/v2-75925.png,times,22
data/raw/hasyv2_download/hasy-data/v2-14516.png,sqrt,21
data/raw/hasyv2_download/hasy-data/v2-76125.png,times,22
data/raw/hasyv2_download/hasy-data/v2-13042.png,lbracket,16
data/raw/hasyv2_download/hasy-data/v2-132785.png,lbracket,16
data/raw/hasyv2_download/hasy-data/v2-145062.png,sqrt,21
data/raw/hasyv2_download/hasy-data/v2-139790.png,infty,15
data/raw/hasyv2_download/hasy-data/v2-75542.png,times,22
data/raw/hasyv2_download/hasy-data/v2-137809.png,infty,15
data/raw/hasyv2_download/hasy-data/v2-75896.png,times,22
data/raw/hasyv2_download/hasy-data/v2-20531.png,6,6
data/raw/hasyv2_download/hasy-data/v2-61041.png,lt,17
data/raw/hasyv2_download/hasy-data/v2-13065.png,lbracket,16
data/raw/hasyv2_download/hasy-data/v2-20498.png,6,6
data/raw/hasyv2_download/hasy-data/v2-139038.png,infty,15
data/raw/hasyv2_download/hasy-data/v2-76576.png,times,22
data/raw/hasyv2_download/hasy-data/v2-76837.png,times,22
data/raw/hasyv2_download/hasy-data/v2-20053.png,1,1
data/raw/hasyv2_download/hasy-data/v2-133366.png,rbracket,20
data/raw/hasyv2_download/hasy-data/v2-80462.png,div,13
data/raw/hasyv2_download/hasy-data/v2-19954.png,0,0
data/raw/hasyv2_download/hasy-data/v2-01593.png,z,25
data/raw/hasyv2_download/hasy-data/v2-76752.png,times,22
data/raw/hasyv2_download/hasy-data/v2-76322.png,times,22
data/raw/hasyv2_download/hasy-data/v2-138575.png,infty,15
data/raw/hasyv2_download/hasy-data/v2-139319.png,infty,15
data/raw/hasyv2_download/hasy-data/v2-80359.png,div,13
data/raw/hasyv2_download/hasy-data/v2-29789.png,c,12
data/raw/hasyv2_download/hasy-data/v2-19930.png,0,0
data/raw/hasyv2_download/hasy-data/v2-133414.png,rbracket,20
data/raw/hasyv2_download/hasy-data/v2-13613.png,infty,15
data/raw/hasyv2_download/hasy-data/v2-13801.png,infty,15
data/raw/hasyv2_download/hasy-data/v2-139476.png,infty,15
data/raw/hasyv2_download/hasy-data/v2-80258.png,div,13
data/raw/hasyv2_download/hasy-data/v2-139413.png,infty,15
data/raw/hasyv2_download/hasy-data/v2-30908.png,y,24
data/raw/hasyv2_download/hasy-data/v2-139149.png,infty,15
data/raw/hasyv2_download/hasy-data/v2-139037.png,infty,15
data/raw/hasyv2_download/hasy-data/v2-139226.png,infty,15
data/raw/hasyv2_download/hasy-data/v2-139144.png,infty,15
data/raw/hasyv2_download/hasy-data/v2-133526.png,rbracket,20
data/raw/hasyv2_download/hasy-data/v2-75556.png,times,22
data/raw/hasyv2_download/hasy-data/v2-80212.png,div,13
data/raw/hasyv2_download/hasy-data/v2-66649.png,plus,19
data/raw/hasyv2_download/hasy-data/v2-138584.png,infty,15
data/raw/hasyv2_download/hasy-data/v2-20384.png,4,4
data/raw/hasyv2_download/hasy-data/v2-137906.png,infty,15
data/raw/hasyv2_download/hasy-data/v2-145200.png,sqrt,21
data/raw/hasyv2_download/hasy-data/v2-66503.png,minus,18
data/raw/hasyv2_download/hasy-data/v2-66533.png,minus,18
data/raw/hasyv2_download/hasy-data/v2-138434.png,infty,15
data/raw/hasyv2_download/hasy-data/v2-61079.png,gt,14
data/raw/hasyv2_download/hasy-data/v2-20124.png,1,1
data/raw/hasyv2_download/hasy-data/v2-139842.png,infty,15
data/raw/hasyv2_download/hasy-data/v2-138849.png,infty,15
data/raw/hasyv2_download/hasy-data/v2-137867.png,infty,15
data/raw/hasyv2_download/hasy-data/v2-145313.png,sqrt,21
data/raw/hasyv2_download/hasy-data/v2-75688.png,times,22
data/raw/hasyv2_download/hasy-data/v2-20316.png,3,3
data/raw/hasyv2_download/hasy-data/v2-20826.png,9,9
data/raw/hasyv2_download/hasy-data/v2-139261.png,infty,15
data/raw/hasyv2_download/hasy-data/v2-01443.png,b,11
data/raw/hasyv2_download/hasy-data/v2-06715.png,times,22
data/raw/hasyv2_download/hasy-data/v2-144950.png,sqrt,21
data/raw/hasyv2_download/hasy-data/v2-139277.png,infty,15
data/raw/hasyv2_download/hasy-data/v2-20812.png,9,9
data/raw/hasyv2_download/hasy-data/v2-20011.png,0,0
data/raw/hasyv2_download/hasy-data/v2-132760.png,lbracket,16
data/raw/hasyv2_download/hasy-data/v2-76493.png,times,22
data/raw/hasyv2_download/hasy-data/v2-137388.png,infty,15
data/raw/hasyv2_download/hasy-data/v2-133172.png,lbracket,16
data/raw/hasyv2_download/hasy-data/v2-133453.png,rbracket,20
data/raw/hasyv2_download/hasy-data/v2-80473.png,div,13
data/raw/hasyv2_download/hasy-data/v2-76647.png,times,22
data/raw/hasyv2_download/hasy-data/v2-145093.png,sqrt,21
data/raw/hasyv2_download/hasy-data/v2-75760.png,times,22
data/raw/hasyv2_download/hasy-data/v2-145150.png,sqrt,21
data/raw/hasyv2_download/hasy-data/v2-132561.png,lbracket,16
data/raw/hasyv2_download/hasy-data/v2-75715.png,times,22
data/raw/hasyv2_download/hasy-data/v2-139040.png,infty,15
data/raw/hasyv2_download/hasy-data/v2-20574.png,7,7
data/raw/hasyv2_download/hasy-data/v2-144958.png,sqrt,21
data/raw/hasyv2_download/hasy-data/v2-13595.png,infty,15
data/raw/hasyv2_download/hasy-data/v2-75646.png,times,22
data/raw/hasyv2_download/hasy-data/v2-20365.png,4,4
data/raw/hasyv2_download/hasy-data/v2-145620.png,sqrt,21
data/raw/hasyv2_download/hasy-data/v2-138076.png,infty,15
data/raw/hasyv2_download/hasy-data/v2-145240.png,sqrt,21
data/raw/hasyv2_download/hasy-data/v2-145720.png,sqrt,21
data/raw/hasyv2_download/hasy-data/v2-138026.png,infty,15
data/raw/hasyv2_download/hasy-data/v2-76467.png,times,22
data/raw/hasyv2_download/hasy-data/v2-06707.png,times,22
data/raw/hasyv2_download/hasy-data/v2-20358.png,4,4
data/raw/hasyv2_download/hasy-data/v2-133529.png,rbracket,20
data/raw/hasyv2_download/hasy-data/v2-139604.png,infty,15
data/raw/hasyv2_download/hasy-data/v2-138272.png,infty,15
data/raw/hasyv2_download/hasy-data/v2-20136.png,1,1
data/raw/hasyv2_download/hasy-data/v2-133285.png,lbracket,16
data/raw/hasyv2_download/hasy-data/v2-00444.png,9,9
data/raw/hasyv2_download/hasy-data/v2-139502.png,infty,15
data/raw/hasyv2_download/hasy-data/v2-138287.png,infty,15
data/raw/hasyv2_download/hasy-data/v2-20139.png,2,2
data/raw/hasyv2_download/hasy-data/v2-75541.png,times,22
data/raw/hasyv2_download/hasy-data/v2-76400.png,times,22
data/raw/hasyv2_download/hasy-data/v2-76403.png,times,22
data/raw/hasyv2_download/hasy-data/v2-29667.png,a,10
data/raw/hasyv2_download/hasy-data/v2-66499.png,minus,18
data/raw/hasyv2_download/hasy-data/v2-145215.png,sqrt,21
data/raw/hasyv2_download/hasy-data/v2-133504.png,rbracket,20
data/raw/hasyv2_download/hasy-data/v2-13737.png,infty,15
data/raw/hasyv2_download/hasy-data/v2-138888.png,infty,15
data/raw/hasyv2_download/hasy-data/v2-20609.png,7,7
data/raw/hasyv2_download/hasy-data/v2-20671.png,8,8
data/raw/hasyv2_download/hasy-data/v2-138884.png,infty,15
data/raw/hasyv2_download/hasy-data/v2-145001.png,sqrt,21
data/raw/hasyv2_download/hasy-data/v2-20708.png,8,8
data/raw/hasyv2_download/hasy-data/v2-139481.png,infty,15
data/raw/hasyv2_download/hasy-data/v2-80382.png,div,13
data/raw/hasyv2_download/hasy-data/v2-138624.png,infty,15
data/raw/hasyv2_download/hasy-data/v2-133564.png,rbracket,20
data/raw/hasyv2_download/hasy-data/v2-61105.png,gt,14
data/raw/hasyv2_download/hasy-data/v2-80369.png,div,13
data/raw/hasyv2_download/hasy-data/v2-138633.png,infty,15
data/raw/hasyv2_download/hasy-data/v2-75769.png,times,22
data/raw/hasyv2_download/hasy-data/v2-14513.png,sqrt,21
data/raw/hasyv2_download/hasy-data/v2-20133.png,1,1
data/raw/hasyv2_download/hasy-data/v2-138752.png,infty,15
data/raw/hasyv2_download/hasy-data/v2-138922.png,infty,15
data/raw/hasyv2_download/hasy-data/v2-132840.png,lbracket,16
data/raw/hasyv2_download/hasy-data/v2-75968.png,times,22
data/raw/hasyv2_download/hasy-data/v2-80398.png,div,13
data/raw/hasyv2_download/hasy-data/v2-137405.png,infty,15
data/raw/hasyv2_download/hasy-data/v2-80194.png,div,13
data/raw/hasyv2_download/hasy-data/v2-139214.png,infty,15
data/raw/hasyv2_download/hasy-data/v2-137328.png,infty,15
data/raw/hasyv2_download/hasy-data/v2-05587.png,plus,19
data/raw/hasyv2_download/hasy-data/v2-133441.png,rbracket,20
data/raw/hasyv2_download/hasy-data/v2-132795.png,lbracket,16
data/raw/hasyv2_download/hasy-data/v2-138228.png,infty,15
data/raw/hasyv2_download/hasy-data/v2-138084.png,infty,15
data/raw/hasyv2_download/hasy-data/v2-07122.png,div,13
data/raw/hasyv2_download/hasy-data/v2-132704.png,lbracket,16
data/raw/hasyv2_download/hasy-data/v2-80449.png,div,13
data/raw/hasyv2_download/hasy-data/v2-145646.png,sqrt,21
data/raw/hasyv2_download/hasy-data/v2-20210.png,2,2
data/raw/hasyv2_download/hasy-data/v2-00391.png,3,3
data/raw/hasyv2_download/hasy-data/v2-139580.png,infty,15
data/raw/hasyv2_download/hasy-data/v2-145736.png,sqrt,21
data/raw/hasyv2_download/hasy-data/v2-76119.png,times,22
data/raw/hasyv2_download/hasy-data/v2-61086.png,gt,14
data/raw/hasyv2_download/hasy-data/v2-132898.png,lbracket,16
data/raw/hasyv2_download/hasy-data/v2-139393.png,infty,15
data/raw/hasyv2_download/hasy-data/v2-133183.png,lbracket,16
data/raw/hasyv2_download/hasy-data/v2-133234.png,lbracket,16
data/raw/hasyv2_download/hasy-data/v2-75538.png,times,22
data/raw/hasyv2_download/hasy-data/v2-132619.png,lbracket,16
data/raw/hasyv2_download/hasy-data/v2-133106.png,lbracket,16
data/raw/hasyv2_download/hasy-data/v2-144956.png,sqrt,21
data/raw/hasyv2_download/hasy-data/v2-138589.png,infty,15
data/raw/hasyv2_download/hasy-data/v2-29783.png,c,12
data/raw/hasyv2_download/hasy-data/v2-29642.png,a,10
data/raw/hasyv2_download/hasy-data/v2-13567.png,infty,15
data/raw/hasyv2_download/hasy-data/v2-132629.png,lbracket,16
data/raw/hasyv2_download/hasy-data/v2-75660.png,times,22
data/raw/hasyv2_download/hasy-data/v2-61061.png,gt,14
data/raw/hasyv2_download/hasy-data/v2-13582.png,infty,15
data/raw/hasyv2_download/hasy-data/v2-60998.png,lt,17
data/raw/hasyv2_download/hasy-data/v2-20719.png,8,8
data/raw/hasyv2_download/hasy-data/v2-75674.png,times,22
data/raw/hasyv2_download/hasy-data/v2-139703.png,infty,15
data/raw/hasyv2_download/hasy-data/v2-30899.png,y,24
data/raw/hasyv2_download/hasy-data/v2-139764.png,infty,15
data/raw/hasyv2_download/hasy-data/v2-137723.png,infty,15
data/raw/hasyv2_download/hasy-data/v2-132754.png,lbracket,16
data/raw/hasyv2_download/hasy-data/v2-145070.png,sqrt,21
data/raw/hasyv2_download/hasy-data/v2-66537.png,minus,18
data/raw/hasyv2_download/hasy-data/v2-137783.png,infty,15
data/raw/hasyv2_download/hasy-data/v2-13138.png,rbracket,20
data/raw/hasyv2_download/hasy-data/v2-138438.png,infty,15
data/raw/hasyv2_download/hasy-data/v2-20463.png,5,5
data/raw/hasyv2_download/hasy-data/v2-145090.png,sqrt,21
data/raw/hasyv2_download/hasy-data/v2-145075.png,sqrt,21
data/raw/hasyv2_download/hasy-data/v2-137794.png,infty,15
data/raw/hasyv2_download/hasy-data/v2-139330.png,infty,15
data/raw/hasyv2_download/hasy-data/v2-29669.png,a,10
data/raw/hasyv2_download/hasy-data/v2-06722.png,times,22
data/raw/hasyv2_download/hasy-data/v2-145308.png,sqrt,21
data/raw/hasyv2_download/hasy-data/v2-139626.png,infty,15
data/raw/hasyv2_download/hasy-data/v2-20172.png,2,2
data/raw/hasyv2_download/hasy-data/v2-20089.png,1,1
data/raw/hasyv2_download/hasy-data/v2-138123.png,infty,15
data/raw/hasyv2_download/hasy-data/v2-139852.png,infty,15
data/raw/hasyv2_download/hasy-data/v2-75889.png,times,22
data/raw/hasyv2_download/hasy-data/v2-139619.png,infty,15
data/raw/hasyv2_download/hasy-data/v2-145370.png,sqrt,21
data/raw/hasyv2_download/hasy-data/v2-145064.png,sqrt,21
data/raw/hasyv2_download/hasy-data/v2-00384.png,3,3
data/raw/hasyv2_download/hasy-data/v2-138828.png,infty,15
data/raw/hasyv2_download/hasy-data/v2-137442.png,infty,15
data/raw/hasyv2_download/hasy-data/v2-145049.png,sqrt,21
data/raw/hasyv2_download/hasy-data/v2-133148.png,lbracket,16
data/raw/hasyv2_download/hasy-data/v2-60965.png,lt,17
data/raw/hasyv2_download/hasy-data/v2-76000.png,times,22
data/raw/hasyv2_download/hasy-data/v2-139494.png,infty,15
data/raw/hasyv2_download/hasy-data/v2-06662.png,times,22
data/raw/hasyv2_download/hasy-data/v2-138552.png,infty,15
data/raw/hasyv2_download/hasy-data/v2-139073.png,infty,15
data/raw/hasyv2_download/hasy-data/v2-13698.png,infty,15
data/raw/hasyv2_download/hasy-data/v2-139030.png,infty,15
data/raw/hasyv2_download/hasy-data/v2-76029.png,times,22
data/raw/hasyv2_download/hasy-data/v2-13803.png,infty,15
data/raw/hasyv2_download/hasy-data/v2-132791.png,lbracket,16
data/raw/hasyv2_download/hasy-data/v2-00368.png,1,1
data/raw/hasyv2_download/hasy-data/v2-76303.png,times,22
data/raw/hasyv2_download/hasy-data/v2-137334.png,infty,15
data/raw/hasyv2_download/hasy-data/v2-80217.png,div,13
data/raw/hasyv2_download/hasy-data/v2-145095.png,sqrt,21
data/raw/hasyv2_download/hasy-data/v2-138932.png,infty,15
data/raw/hasyv2_download/hasy-data/v2-75919.png,times,22
data/raw/hasyv2_download/hasy-data/v2-137410.png,infty,15
data/raw/hasyv2_download/hasy-data/v2-133253.png,lbracket,16
data/raw/hasyv2_download/hasy-data/v2-20693.png,8,8
data/raw/hasyv2_download/hasy-data/v2-139488.png,infty,15
data/raw/hasyv2_download/hasy-data/v2-138273.png,infty,15
data/raw/hasyv2_download/hasy-data/v2-145767.png,sqrt,21
data/raw/hasyv2_download/hasy-data/v2-132794.png,lbracket,16
data/raw/hasyv2_download/hasy-data/v2-133392.png,rbracket,20
data/raw/hasyv2_download/hasy-data/v2-06664.png,times,22
data/raw/hasyv2_download/hasy-data/v2-145783.png,sqrt,21
data/raw/hasyv2_download/hasy-data/v2-20402.png,4,4
data/raw/hasyv2_download/hasy-data/v2-66549.png,minus,18
data/raw/hasyv2_download/hasy-data/v2-29815.png,c,12
data/raw/hasyv2_download/hasy-data/v2-20774.png,9,9
data/raw/hasyv2_download/hasy-data/v2-13807.png,infty,15
data/raw/hasyv2_download/hasy-data/v2-66486.png,minus,18
data/raw/hasyv2_download/hasy-data/v2-138387.png,infty,15
data/raw/hasyv2_download/hasy-data/v2-139193.png,infty,15
data/raw/hasyv2_download/hasy-data/v2-139384.png,infty,15
data/raw/hasyv2_download/hasy-data/v2-138193.png,infty,15
data/raw/hasyv2_download/hasy-data/v2-133502.png,rbracket,20
data/raw/hasyv2_download/hasy-data/v2-75872.png,times,22
data/raw/hasyv2_download/hasy-data/v2-137468.png,infty,15
data/raw/hasyv2_download/hasy-data/v2-75792.png,times,22
data/raw/hasyv2_download/hasy-data/v2-13679.png,infty,15
data/raw/hasyv2_download/hasy-data/v2-76410.png,times,22
data/raw/hasyv2_download/hasy-data/v2-20212.png,2,2
data/raw/hasyv2_download/hasy-data/v2-138267.png,infty,15
data/raw/hasyv2_download/hasy-data/v2-76088.png,times,22
data/raw/hasyv2_download/hasy-data/v2-29745.png,b,11
data/raw/hasyv2_download/hasy-data/v2-00436.png,8,8
data/raw/hasyv2_download/hasy-data/v2-61073.png,gt,14
data/raw/hasyv2_download/hasy-data/v2-145701.png,sqrt,21
data/raw/hasyv2_download/hasy-data/v2-76355.png,times,22
data/raw/hasyv2_download/hasy-data/v2-76530.png,times,22
data/raw/hasyv2_download/hasy-data/v2-139638.png,infty,15
data/raw/hasyv2_download/hasy-data/v2-138044.png,infty,15
data/raw/hasyv2_download/hasy-data/v2-145623.png,sqrt,21
data/raw/hasyv2_download/hasy-data/v2-139509.png,infty,15
data/raw/hasyv2_download/hasy-data/v2-29712.png,b,11
data/raw/hasyv2_download/hasy-data/v2-138052.png,infty,15
data/raw/hasyv2_download/hasy-data/v2-76533.png,times,22
data/raw/hasyv2_download/hasy-data/v2-138969.png,infty,15
data/raw/hasyv2_download/hasy-data/v2-137345.png,infty,15
data/raw/hasyv2_download/hasy-data/v2-76229.png,times,22
data/raw/hasyv2_download/hasy-data/v2-139520.png,infty,15
data/raw/hasyv2_download/hasy-data/v2-133362.png,rbracket,20
data/raw/hasyv2_download/hasy-data/v2-145409.png,sqrt,21
data/raw/hasyv2_download/hasy-data/v2-138965.png,infty,15
data/raw/hasyv2_download/hasy-data/v2-133397.png,rbracket,20
data/raw/hasyv2_download/hasy-data/v2-29672.png,a,10
data/raw/hasyv2_download/hasy-data/v2-133255.png,lbracket,16
data/raw/hasyv2_download/hasy-data/v2-145074.png,sqrt,21
data/raw/hasyv2_download/hasy-data/v2-132701.png,lbracket,16
data/raw/hasyv2_download/hasy-data/v2-00345.png,0,0
data/raw/hasyv2_download/hasy-data/v2-132833.png,lbracket,16
data/raw/hasyv2_download/hasy-data/v2-20528.png,6,6
data/raw/hasyv2_download/hasy-data/v2-133514.png,rbracket,20
data/raw/hasyv2_download/hasy-data/v2-138581.png,infty,15
data/raw/hasyv2_download/hasy-data/v2-80428.png,div,13
data/raw/hasyv2_download/hasy-data/v2-138942.png,infty,15
data/raw/hasyv2_download/hasy-data/v2-76109.png,times,22
data/raw/hasyv2_download/hasy-data/v2-137358.png,infty,15
data/raw/hasyv2_download/hasy-data/v2-76703.png,times,22
data/raw/hasyv2_download/hasy-data/v2-139694.png,infty,15
data/raw/hasyv2_download/hasy-data/v2-76623.png,times,22
data/raw/hasyv2_download/hasy-data/v2-76790.png,times,22
data/raw/hasyv2_download/hasy-data/v2-139111.png,infty,15
data/raw/hasyv2_download/hasy-data/v2-138351.png,infty,15
data/raw/hasyv2_download/hasy-data/v2-76249.png,times,22
data/raw/hasyv2_download/hasy-data/v2-80446.png,div,13
data/raw/hasyv2_download/hasy-data/v2-13121.png,rbracket,20
data/raw/hasyv2_download/hasy-data/v2-61050.png,gt,14
data/raw/hasyv2_download/hasy-data/v2-138699.png,infty,15
data/raw/hasyv2_download/hasy-data/v2-137572.png,infty,15
data/raw/hasyv2_download/hasy-data/v2-133181.png,lbracket,16
data/raw/hasyv2_download/hasy-data/v2-133347.png,lbracket,16
data/raw/hasyv2_download/hasy-data/v2-132777.png,lbracket,16
data/raw/hasyv2_download/hasy-data/v2-137947.png,infty,15
data/raw/hasyv2_download/hasy-data/v2-76480.png,times,22
data/raw/hasyv2_download/hasy-data/v2-133050.png,lbracket,16
data/raw/hasyv2_download/hasy-data/v2-75991.png,times,22
data/raw/hasyv2_download/hasy-data/v2-20086.png,1,1
data/raw/hasyv2_download/hasy-data/v2-76107.png,times,22
data/raw/hasyv2_download/hasy-data/v2-138367.png,infty,15
data/raw/hasyv2_download/hasy-data/v2-139235.png,infty,15
data/raw/hasyv2_download/hasy-data/v2-132902.png,lbracket,16
data/raw/hasyv2_download/hasy-data/v2-76428.png,times,22
data/raw/hasyv2_download/hasy-data/v2-76558.png,times,22
data/raw/hasyv2_download/hasy-data/v2-80277.png,div,13
data/raw/hasyv2_download/hasy-data/v2-132738.png,lbracket,16
data/raw/hasyv2_download/hasy-data/v2-145129.png,sqrt,21
data/raw/hasyv2_download/hasy-data/v2-60967.png,lt,17
data/raw/hasyv2_download/hasy-data/v2-76276.png,times,22
data/raw/hasyv2_download/hasy-data/v2-20730.png,8,8
data/raw/hasyv2_download/hasy-data/v2-76543.png,times,22
data/raw/hasyv2_download/hasy-data/v2-145350.png,sqrt,21
data/raw/hasyv2_download/hasy-data/v2-06686.png,times,22
data/raw/hasyv2_download/hasy-data/v2-138739.png,infty,15
data/raw/hasyv2_download/hasy-data/v2-133311.png,lbracket,16
data/raw/hasyv2_download/hasy-data/v2-139614.png,infty,15
data/raw/hasyv2_download/hasy-data/v2-20314.png,3,3
data/raw/hasyv2_download/hasy-data/v2-139390.png,infty,15
data/raw/hasyv2_download/hasy-data/v2-139444.png,infty,15
data/raw/hasyv2_download/hasy-data/v2-29692.png,a,10
data/raw/hasyv2_download/hasy-data/v2-139624.png,infty,15
data/raw/hasyv2_download/hasy-data/v2-75983.png,times,22
data/raw/hasyv2_download/hasy-data/v2-132745.png,lbracket,16
data/raw/hasyv2_download/hasy-data/v2-66550.png,minus,18
data/raw/hasyv2_download/hasy-data/v2-133458.png,rbracket,20
data/raw/hasyv2_download/hasy-data/v2-133340.png,lbracket,16
data/raw/hasyv2_download/hasy-data/v2-137316.png,infty,15
data/raw/hasyv2_download/hasy-data/v2-66616.png,plus,19
data/raw/hasyv2_download/hasy-data/v2-76182.png,times,22
data/raw/hasyv2_download/hasy-data/v2-137502.png,infty,15
data/raw/hasyv2_download/hasy-data/v2-139167.png,infty,15
data/raw/hasyv2_download/hasy-data/v2-145403.png,sqrt,21
data/raw/hasyv2_download/hasy-data/v2-07144.png,div,13
data/raw/hasyv2_download/hasy-data/v2-20441.png,5,5
data/raw/hasyv2_download/hasy-data/v2-145411.png,sqrt,21
data/raw/hasyv2_download/hasy-data/v2-139252.png,infty,15
data/raw/hasyv2_download/hasy-data/v2-133406.png,rbracket,20
data/raw/hasyv2_download/hasy-data/v2-137456.png,infty,15
data/raw/hasyv2_download/hasy-data/v2-133024.png,lbracket,16
data/raw/hasyv2_download/hasy-data/v2-76594.png,times,22
data/raw/hasyv2_download/hasy-data/v2-76277.png,times,22
data/raw/hasyv2_download/hasy-data/v2-75665.png,times,22
data/raw/hasyv2_download/hasy-data/v2-138795.png,infty,15
data/raw/hasyv2_download/hasy-data/v2-132581.png,lbracket,16
data/raw/hasyv2_download/hasy-data/v2-132730.png,lbracket,16
data/raw/hasyv2_download/hasy-data/v2-29764.png,c,12
data/raw/hasyv2_download/hasy-data/v2-76589.png,times,22
data/raw/hasyv2_download/hasy-data/v2-06640.png,times,22
data/raw/hasyv2_download/hasy-data/v2-139487.png,infty,15
data/raw/hasyv2_download/hasy-data/v2-139825.png,infty,15
data/raw/hasyv2_download/hasy-data/v2-20220.png,2,2
data/raw/hasyv2_download/hasy-data/v2-139612.png,infty,15
data/raw/hasyv2_download/hasy-data/v2-139524.png,infty,15
data/raw/hasyv2_download/hasy-data/v2-139607.png,infty,15
data/raw/hasyv2_download/hasy-data/v2-139577.png,infty,15
data/raw/hasyv2_download/hasy-data/v2-145365.png,sqrt,21
data/raw/hasyv2_download/hasy-data/v2-75870.png,times,22
data/raw/hasyv2_download/hasy-data/v2-132990.png,lbracket,16
data/raw/hasyv2_download/hasy-data/v2-138513.png,infty,15
data/raw/hasyv2_download/hasy-data/v2-138987.png,infty,15
data/raw/hasyv2_download/hasy-data/v2-20741.png,8,8
data/raw/hasyv2_download/hasy-data/v2-139521.png,infty,15
data/raw/hasyv2_download/hasy-data/v2-20623.png,7,7
data/raw/hasyv2_download/hasy-data/v2-138866.png,infty,15
data/raw/hasyv2_download/hasy-data/v2-75837.png,times,22
data/raw/hasyv2_download/hasy-data/v2-06621.png,times,22
data/raw/hasyv2_download/hasy-data/v2-137804.png,infty,15
data/raw/hasyv2_download/hasy-data/v2-138832.png,infty,15
data/raw/hasyv2_download/hasy-data/v2-145412.png,sqrt,21
data/raw/hasyv2_download/hasy-data/v2-80478.png,div,13
data/raw/hasyv2_download/hasy-data/v2-145065.png,sqrt,21
data/raw/hasyv2_download/hasy-data/v2-66546.png,minus,18
data/raw/hasyv2_download/hasy-data/v2-132946.png,lbracket,16
data/raw/hasyv2_download/hasy-data/v2-137862.png,infty,15
data/raw/hasyv2_download/hasy-data/v2-145157.png,sqrt,21
data/raw/hasyv2_download/hasy-data/v2-145548.png,sqrt,21
data/raw/hasyv2_download/hasy-data/v2-01437.png,a,10
data/raw/hasyv2_download/hasy-data/v2-137943.png,infty,15
data/raw/hasyv2_download/hasy-data/v2-20737.png,8,8
data/raw/hasyv2_download/hasy-data/v2-75750.png,times,22
data/raw/hasyv2_download/hasy-data/v2-138330.png,infty,15
data/raw/hasyv2_download/hasy-data/v2-75658.png,times,22
data/raw/hasyv2_download/hasy-data/v2-139057.png,infty,15
data/raw/hasyv2_download/hasy-data/v2-138572.png,infty,15
data/raw/hasyv2_download/hasy-data/v2-138121.png,infty,15
data/raw/hasyv2_download/hasy-data/v2-61022.png,lt,17
data/raw/hasyv2_download/hasy-data/v2-144974.png,sqrt,21
data/raw/hasyv2_download/hasy-data/v2-139511.png,infty,15
data/raw/hasyv2_download/hasy-data/v2-139546.png,infty,15
data/raw/hasyv2_download/hasy-data/v2-138912.png,infty,15
data/raw/hasyv2_download/hasy-data/v2-139280.png,infty,15
data/raw/hasyv2_download/hasy-data/v2-137583.png,infty,15
data/raw/hasyv2_download/hasy-data/v2-137303.png,infty,15
data/raw/hasyv2_download/hasy-data/v2-132744.png,lbracket,16
data/raw/hasyv2_download/hasy-data/v2-137964.png,infty,15
data/raw/hasyv2_download/hasy-data/v2-00418.png,6,6
data/raw/hasyv2_download/hasy-data/v2-133012.png,lbracket,16
data/raw/hasyv2_download/hasy-data/v2-13119.png,lbracket,16
data/raw/hasyv2_download/hasy-data/v2-30929.png,y,24
data/raw/hasyv2_download/hasy-data/v2-139094.png,infty,15
data/raw/hasyv2_download/hasy-data/v2-139746.png,infty,15
data/raw/hasyv2_download/hasy-data/v2-132892.png,lbracket,16
data/raw/hasyv2_download/hasy-data/v2-76291.png,times,22
data/raw/hasyv2_download/hasy-data/v2-132674.png,lbracket,16
data/raw/hasyv2_download/hasy-data/v2-133116.png,lbracket,16
data/raw/hasyv2_download/hasy-data/v2-76707.png,times,22
data/raw/hasyv2_download/hasy-data/v2-138766.png,infty,15
data/raw/hasyv2_download/hasy-data/v2-133394.png,rbracket,20
data/raw/hasyv2_download/hasy-data/v2-13598.png,infty,15
data/raw/hasyv2_download/hasy-data/v2-61100.png,gt,14
data/raw/hasyv2_download/hasy-data/v2-138365.png,infty,15
data/raw/hasyv2_download/hasy-data/v2-132684.png,lbracket,16
data/raw/hasyv2_download/hasy-data/v2-20822.png,9,9
data/raw/hasyv2_download/hasy-data/v2-137778.png,infty,15
data/raw/hasyv2_download/hasy-data/v2-80364.png,div,13
data/raw/hasyv2_download/hasy-data/v2-133364.png,rbracket,20
data/raw/hasyv2_download/hasy-data/v2-139142.png,infty,15
data/raw/hasyv2_download/hasy-data/v2-137285.png,infty,15
data/raw/hasyv2_download/hasy-data/v2-145127.png,sqrt,21
data/raw/hasyv2_download/hasy-data/v2-132896.png,lbracket,16
data/raw/hasyv2_download/hasy-data/v2-145094.png,sqrt,21
data/raw/hasyv2_download/hasy-data/v2-137528.png,infty,15
data/raw/hasyv2_download/hasy-data/v2-139712.png,infty,15
data/raw/hasyv2_download/hasy-data/v2-00416.png,6,6
data/raw/hasyv2_download/hasy-data/v2-132753.png,lbracket,16
data/raw/hasyv2_download/hasy-data/v2-145794.png,sqrt,21
data/raw/hasyv2_download/hasy-data/v2-132869.png,lbracket,16
data/raw/hasyv2_download/hasy-data/v2-20065.png,1,1
data/raw/hasyv2_download/hasy-data/v2-61126.png,gt,14
data/raw/hasyv2_download/hasy-data/v2-138489.png,infty,15
data/raw/hasyv2_download/hasy-data/v2-76384.png,times,22
data/raw/hasyv2_download/hasy-data/v2-138179.png,infty,15
data/raw/hasyv2_download/hasy-data/v2-13779.png,infty,15
data/raw/hasyv2_download/hasy-data/v2-14436.png,sqrt,21
data/raw/hasyv2_download/hasy-data/v2-145340.png,sqrt,21
data/raw/hasyv2_download/hasy-data/v2-80235.png,div,13
data/raw/hasyv2_download/hasy-data/v2-133119.png,lbracket,16
data/raw/hasyv2_download/hasy-data/v2-133111.png,lbracket,16
data/raw/hasyv2_download/hasy-data/v2-20728.png,8,8
data/raw/hasyv2_download/hasy-data/v2-76240.png,times,22
data/raw/hasyv2_download/hasy-data/v2-00348.png,0,0
data/raw/hasyv2_download/hasy-data/v2-145678.png,sqrt,21
data/raw/hasyv2_download/hasy-data/v2-13607.png,infty,15
data/raw/hasyv2_download/hasy-data/v2-145596.png,sqrt,21
data/raw/hasyv2_download/hasy-data/v2-13693.png,infty,15
data/raw/hasyv2_download/hasy-data/v2-139498.png,infty,15
data/raw/hasyv2_download/hasy-data/v2-145480.png,sqrt,21
data/raw/hasyv2_download/hasy-data/v2-138697.png,infty,15
data/raw/hasyv2_download/hasy-data/v2-139112.png,infty,15
data/raw/hasyv2_download/hasy-data/v2-76413.png,times,22
data/raw/hasyv2_download/hasy-data/v2-145341.png,sqrt,21
data/raw/hasyv2_download/hasy-data/v2-80332.png,div,13
data/raw/hasyv2_download/hasy-data/v2-76001.png,times,22
data/raw/hasyv2_download/hasy-data/v2-00425.png,7,7
data/raw/hasyv2_download/hasy-data/v2-145461.png,sqrt,21
data/raw/hasyv2_download/hasy-data/v2-60987.png,lt,17
data/raw/hasyv2_download/hasy-data/v2-13064.png,lbracket,16
data/raw/hasyv2_download/hasy-data/v2-75699.png,times,22
data/raw/hasyv2_download/hasy-data/v2-133518.png,rbracket,20
data/raw/hasyv2_download/hasy-data/v2-75724.png,times,22
data/raw/hasyv2_download/hasy-data/v2-138047.png,infty,15
data/raw/hasyv2_download/hasy-data/v2-06620.png,times,22
data/raw/hasyv2_download/hasy-data/v2-29687.png,a,10
data/raw/hasyv2_download/hasy-data/v2-20394.png,4,4
data/raw/hasyv2_download/hasy-data/v2-76016.png,times,22
data/raw/hasyv2_download/hasy-data/v2-75645.png,times,22
data/raw/hasyv2_download/hasy-data/v2-13122.png,rbracket,20
data/raw/hasyv2_download/hasy-data/v2-137815.png,infty,15
data/raw/hasyv2_download/hasy-data/v2-139313.png,infty,15
data/raw/hasyv2_download/hasy-data/v2-20408.png,4,4
data/raw/hasyv2_download/hasy-data/v2-138124.png,infty,15
data/raw/hasyv2_download/hasy-data/v2-137632.png,infty,15
data/raw/hasyv2_download/hasy-data/v2-20284.png,3,3
data/raw/hasyv2_download/hasy-data/v2-80475.png,div,13
data/raw/hasyv2_download/hasy-data/v2-138094.png,infty,15
data/raw/hasyv2_download/hasy-data/v2-137278.png,infty,15
data/raw/hasyv2_download/hasy-data/v2-13850.png,infty,15
data/raw/hasyv2_download/hasy-data/v2-20767.png,9,9
data/raw/hasyv2_download/hasy-data/v2-133257.png,lbracket,16
data/raw/hasyv2_download/hasy-data/v2-132599.png,lbracket,16
data/raw/hasyv2_download/hasy-data/v2-30848.png,x,23
data/raw/hasyv2_download/hasy-data/v2-145029.png,sqrt,21
data/raw/hasyv2_download/hasy-data/v2-76689.png,times,22
data/raw/hasyv2_download/hasy-data/v2-132895.png,lbracket,16
data/raw/hasyv2_download/hasy-data/v2-30935.png,y,24
data/raw/hasyv2_download/hasy-data/v2-145145.png,sqrt,21
data/raw/hasyv2_download/hasy-data/v2-133236.png,lbracket,16
data/raw/hasyv2_download/hasy-data/v2-133456.png,rbracket,20
data/raw/hasyv2_download/hasy-data/v2-80448.png,div,13
data/raw/hasyv2_download/hasy-data/v2-76452.png,times,22
data/raw/hasyv2_download/hasy-data/v2-29775.png,c,12
data/raw/hasyv2_download/hasy-data/v2-20628.png,7,7
data/raw/hasyv2_download/hasy-data/v2-139263.png,infty,15
data/raw/hasyv2_download/hasy-data/v2-75798.png,times,22
data/raw/hasyv2_download/hasy-data/v2-30837.png,x,23
data/raw/hasyv2_download/hasy-data/v2-145396.png,sqrt,21
data/raw/hasyv2_download/hasy-data/v2-30913.png,y,24
data/raw/hasyv2_download/hasy-data/v2-06594.png,times,22
data/raw/hasyv2_download/hasy-data/v2-132605.png,lbracket,16
data/raw/hasyv2_download/hasy-data/v2-76288.png,times,22
data/raw/hasyv2_download/hasy-data/v2-75779.png,times,22
data/raw/hasyv2_download/hasy-data/v2-29677.png,a,10
data/raw/hasyv2_download/hasy-data/v2-137987.png,infty,15
data/raw/hasyv2_download/hasy-data/v2-75618.png,times,22
data/raw/hasyv2_download/hasy-data/v2-137342.png,infty,15
data/raw/hasyv2_download/hasy-data/v2-61062.png,gt,14
data/raw/hasyv2_download/hasy-data/v2-76513.png,times,22
data/raw/hasyv2_download/hasy-data/v2-138996.png,infty,15
data/raw/hasyv2_download/hasy-data/v2-139428.png,infty,15
data/raw/hasyv2_download/hasy-data/v2-13749.png,infty,15
data/raw/hasyv2_download/hasy-data/v2-138776.png,infty,15
data/raw/hasyv2_download/hasy-data/v2-80297.png,div,13
data/raw/hasyv2_download/hasy-data/v2-06672.png,times,22
data/raw/hasyv2_download/hasy-data/v2-66527.png,minus,18
data/raw/hasyv2_download/hasy-data/v2-137850.png,infty,15
data/raw/hasyv2_download/hasy-data/v2-145773.png,sqrt,21
data/raw/hasyv2_download/hasy-data/v2-20578.png,7,7
data/raw/hasyv2_download/hasy-data/v2-133140.png,lbracket,16
data/raw/hasyv2_download/hasy-data/v2-145774.png,sqrt,21
data/raw/hasyv2_download/hasy-data/v2-76367.png,times,22
data/raw/hasyv2_download/hasy-data/v2-137837.png,infty,15
data/raw/hasyv2_download/hasy-data/v2-76601.png,times,22
data/raw/hasyv2_download/hasy-data/v2-20057.png,1,1
data/raw/hasyv2_download/hasy-data/v2-13816.png,infty,15
data/raw/hasyv2_download/hasy-data/v2-137635.png,infty,15
data/raw/hasyv2_download/hasy-data/v2-75799.png,times,22
data/raw/hasyv2_download/hasy-data/v2-75936.png,times,22
data/raw/hasyv2_download/hasy-data/v2-76328.png,times,22
data/raw/hasyv2_download/hasy-data/v2-75649.png,times,22
data/raw/hasyv2_download/hasy-data/v2-145314.png,sqrt,21
data/raw/hasyv2_download/hasy-data/v2-138913.png,infty,15
data/raw/hasyv2_download/hasy-data/v2-80343.png,div,13
data/raw/hasyv2_download/hasy-data/v2-139045.png,infty,15
data/raw/hasyv2_download/hasy-data/v2-76141.png,times,22
data/raw/hasyv2_download/hasy-data/v2-145732.png,sqrt,21
data/raw/hasyv2_download/hasy-data/v2-133058.png,lbracket,16
data/raw/hasyv2_download/hasy-data/v2-137623.png,infty,15
data/raw/hasyv2_download/hasy-data/v2-137429.png,infty,15
data/raw/hasyv2_download/hasy-data/v2-133404.png,rbracket,20
data/raw/hasyv2_download/hasy-data/v2-139290.png,infty,15
data/raw/hasyv2_download/hasy-data/v2-145185.png,sqrt,21
data/raw/hasyv2_download/hasy-data/v2-75593.png,times,22
data/raw/hasyv2_download/hasy-data/v2-137331.png,infty,15
data/raw/hasyv2_download/hasy-data/v2-29785.png,c,12
data/raw/hasyv2_download/hasy-data/v2-06704.png,times,22
data/raw/hasyv2_download/hasy-data/v2-133576.png,rbracket,20
data/raw/hasyv2_download/hasy-data/v2-138104.png,infty,15
data/raw/hasyv2_download/hasy-data/v2-76143.png,times,22
data/raw/hasyv2_download/hasy-data/v2-13591.png,infty,15
data/raw/hasyv2_download/hasy-data/v2-14501.png,sqrt,21
data/raw/hasyv2_download/hasy-data/v2-139829.png,infty,15
data/raw/hasyv2_download/hasy-data/v2-05586.png,plus,19
data/raw/hasyv2_download/hasy-data/v2-145056.png,sqrt,21
data/raw/hasyv2_download/hasy-data/v2-145092.png,sqrt,21
data/raw/hasyv2_download/hasy-data/v2-137836.png,infty,15
data/raw/hasyv2_download/hasy-data/v2-00357.png,0,0
data/raw/hasyv2_download/hasy-data/v2-137845.png,infty,15
data/raw/hasyv2_download/hasy-data/v2-139272.png,infty,15
data/raw/hasyv2_download/hasy-data/v2-145381.png,sqrt,21
data/raw/hasyv2_download/hasy-data/v2-61098.png,gt,14
data/raw/hasyv2_download/hasy-data/v2-76438.png,times,22
data/raw/hasyv2_download/hasy-data/v2-76806.png,times,22
data/raw/hasyv2_download/hasy-data/v2-132683.png,lbracket,16
data/raw/hasyv2_download/hasy-data/v2-132615.png,lbracket,16
data/raw/hasyv2_download/hasy-data/v2-145734.png,sqrt,21
data/raw/hasyv2_download/hasy-data/v2-139442.png,infty,15
data/raw/hasyv2_download/hasy-data/v2-13048.png,lbracket,16
data/raw/hasyv2_download/hasy-data/v2-66577.png,minus,18
data/raw/hasyv2_download/hasy-data/v2-138195.png,infty,15
data/raw/hasyv2_download/hasy-data/v2-20670.png,8,8
data/raw/hasyv2_download/hasy-data/v2-75694.png,times,22
data/raw/hasyv2_download/hasy-data/v2-20585.png,7,7
data/raw/hasyv2_download/hasy-data/v2-76131.png,times,22
data/raw/hasyv2_download/hasy-data/v2-76674.png,times,22
data/raw/hasyv2_download/hasy-data/v2-138118.png,infty,15
data/raw/hasyv2_download/hasy-data/v2-133042.png,lbracket,16
data/raw/hasyv2_download/hasy-data/v2-75955.png,times,22
data/raw/hasyv2_download/hasy-data/v2-137276.png,infty,15
data/raw/hasyv2_download/hasy-data/v2-138143.png,infty,15
data/raw/hasyv2_download/hasy-data/v2-75626.png,times,22
data/raw/hasyv2_download/hasy-data/v2-13782.png,infty,15
data/raw/hasyv2_download/hasy-data/v2-75847.png,times,22
data/raw/hasyv2_download/hasy-data/v2-133137.png,lbracket,16
data/raw/hasyv2_download/hasy-data/v2-138327.png,infty,15
data/raw/hasyv2_download/hasy-data/v2-13052.png,lbracket,16
data/raw/hasyv2_download/hasy-data/v2-139477.png,infty,15
data/raw/hasyv2_download/hasy-data/v2-20197.png,2,2
data/raw/hasyv2_download/hasy-data/v2-20151.png,2,2
data/raw/hasyv2_download/hasy-data/v2-80450.png,div,13
data/raw/hasyv2_download/hasy-data/v2-139431.png,infty,15
data/raw/hasyv2_download/hasy-data/v2-137493.png,infty,15
data/raw/hasyv2_download/hasy-data/v2-137685.png,infty,15
data/raw/hasyv2_download/hasy-data/v2-138541.png,infty,15
data/raw/hasyv2_download/hasy-data/v2-30953.png,z,25
data/raw/hasyv2_download/hasy-data/v2-30884.png,y,24
data/raw/hasyv2_download/hasy-data/v2-133071.png,lbracket,16
data/raw/hasyv2_download/hasy-data/v2-76347.png,times,22
data/raw/hasyv2_download/hasy-data/v2-133379.png,rbracket,20
data/raw/hasyv2_download/hasy-data/v2-139597.png,infty,15
data/raw/hasyv2_download/hasy-data/v2-132742.png,lbracket,16
data/raw/hasyv2_download/hasy-data/v2-133264.png,lbracket,16
data/raw/hasyv2_download/hasy-data/v2-75739.png,times,22
data/raw/hasyv2_download/hasy-data/v2-20155.png,2,2
data/raw/hasyv2_download/hasy-data/v2-20643.png,8,8
data/raw/hasyv2_download/hasy-data/v2-145737.png,sqrt,21
data/raw/hasyv2_download/hasy-data/v2-132609.png,lbracket,16
data/raw/hasyv2_download/hasy-data/v2-06724.png,times,22
data/raw/hasyv2_download/hasy-data/v2-138802.png,infty,15
data/raw/hasyv2_download/hasy-data/v2-145699.png,sqrt,21
data/raw/hasyv2_download/hasy-data/v2-137266.png,infty,15
data/raw/hasyv2_download/hasy-data/v2-139701.png,infty,15
data/raw/hasyv2_download/hasy-data/v2-137253.png,infty,15
data/raw/hasyv2_download/hasy-data/v2-145700.png,sqrt,21
data/raw/hasyv2_download/hasy-data/v2-138761.png,infty,15
data/raw/hasyv2_download/hasy-data/v2-145290.png,sqrt,21
data/raw/hasyv2_download/hasy-data/v2-20754.png,9,9
data/raw/hasyv2_download/hasy-data/v2-76770.png,times,22
data/raw/hasyv2_download/hasy-data/v2-20437.png,5,5
data/raw/hasyv2_download/hasy-data/v2-145563.png,sqrt,21
data/raw/hasyv2_download/hasy-data/v2-76136.png,times,22
data/raw/hasyv2_download/hasy-data/v2-80322.png,div,13
data/raw/hasyv2_download/hasy-data/v2-80352.png,div,13
data/raw/hasyv2_download/hasy-data/v2-137764.png,infty,15
data/raw/hasyv2_download/hasy-data/v2-75945.png,times,22
data/raw/hasyv2_download/hasy-data/v2-138616.png,infty,15
data/raw/hasyv2_download/hasy-data/v2-139592.png,infty,15
data/raw/hasyv2_download/hasy-data/v2-20181.png,2,2
data/raw/hasyv2_download/hasy-data/v2-20572.png,7,7
data/raw/hasyv2_download/hasy-data/v2-75793.png,times,22
data/raw/hasyv2_download/hasy-data/v2-138175.png,infty,15
data/raw/hasyv2_download/hasy-data/v2-75824.png,times,22
data/raw/hasyv2_download/hasy-data/v2-13683.png,infty,15
data/raw/hasyv2_download/hasy-data/v2-20798.png,9,9
data/raw/hasyv2_download/hasy-data/v2-132569.png,lbracket,16
data/raw/hasyv2_download/hasy-data/v2-132958.png,lbracket,16
data/raw/hasyv2_download/hasy-data/v2-145467.png,sqrt,21
data/raw/hasyv2_download/hasy-data/v2-137735.png,infty,15
data/raw/hasyv2_download/hasy-data/v2-80274.png,div,13
data/raw/hasyv2_download/hasy-data/v2-132634.png,lbracket,16
data/raw/hasyv2_download/hasy-data/v2-13822.png,infty,15
data/raw/hasyv2_download/hasy-data/v2-145645.png,sqrt,21
data/raw/hasyv2_download/hasy-data/v2-133175.png,lbracket,16
data/raw/hasyv2_download/hasy-data/v2-137369.png,infty,15
data/raw/hasyv2_download/hasy-data/v2-138213.png,infty,15
data/raw/hasyv2_download/hasy-data/v2-20689.png,8,8
data/raw/hasyv2_download/hasy-data/v2-75515.png,times,22
data/raw/hasyv2_download/hasy-data/v2-14421.png,sqrt,21
data/raw/hasyv2_download/hasy-data/v2-80275.png,div,13
data/raw/hasyv2_download/hasy-data/v2-76618.png,times,22
data/raw/hasyv2_download/hasy-data/v2-20522.png,6,6
data/raw/hasyv2_download/hasy-data/v2-145088.png,sqrt,21
data/raw/hasyv2_download/hasy-data/v2-139469.png,infty,15
data/raw/hasyv2_download/hasy-data/v2-76040.png,times,22
data/raw/hasyv2_download/hasy-data/v2-138255.png,infty,15
data/raw/hasyv2_download/hasy-data/v2-138314.png,infty,15
data/raw/hasyv2_download/hasy-data/v2-133155.png,lbracket,16
data/raw/hasyv2_download/hasy-data/v2-80370.png,div,13
data/raw/hasyv2_download/hasy-data/v2-76390.png,times,22
data/raw/hasyv2_download/hasy-data/v2-29699.png,a,10
data/raw/hasyv2_download/hasy-data/v2-76236.png,times,22
data/raw/hasyv2_download/hasy-data/v2-133088.png,lbracket,16
data/raw/hasyv2_download/hasy-data/v2-137601.png,infty,15
data/raw/hasyv2_download/hasy-data/v2-61127.png,gt,14
data/raw/hasyv2_download/hasy-data/v2-20665.png,8,8
data/raw/hasyv2_download/hasy-data/v2-145469.png,sqrt,21
data/raw/hasyv2_download/hasy-data/v2-75611.png,times,22
data/raw/hasyv2_download/hasy-data/v2-20523.png,6,6
data/raw/hasyv2_download/hasy-data/v2-138385.png,infty,15
data/raw/hasyv2_download/hasy-data/v2-145735.png,sqrt,21
data/raw/hasyv2_download/hasy-data/v2-20237.png,2,2
data/raw/hasyv2_download/hasy-data/v2-20653.png,8,8
data/raw/hasyv2_download/hasy-data/v2-06731.png,times,22
data/raw/hasyv2_download/hasy-data/v2-76502.png,times,22
data/raw/hasyv2_download/hasy-data/v2-80467.png,div,13
data/raw/hasyv2_download/hasy-data/v2-139771.png,infty,15
data/raw/hasyv2_download/hasy-data/v2-75552.png,times,22
data/raw/hasyv2_download/hasy-data/v2-76644.png,times,22
data/raw/hasyv2_download/hasy-data/v2-13615.png,infty,15
data/raw/hasyv2_download/hasy-data/v2-01587.png,y,24
data/raw/hasyv2_download/hasy-data/v2-80365.png,div,13
data/raw/hasyv2_download/hasy-data/v2-145589.png,sqrt,21
data/raw/hasyv2_download/hasy-data/v2-145342.png,sqrt,21
data/raw/hasyv2_download/hasy-data/v2-75794.png,times,22
data/raw/hasyv2_download/hasy-data/v2-29778.png,c,12
data/raw/hasyv2_download/hasy-data/v2-137337.png,infty,15
data/raw/hasyv2_download/hasy-data/v2-76111.png,times,22
data/raw/hasyv2_download/hasy-data/v2-139859.png,infty,15
data/raw/hasyv2_download/hasy-data/v2-20503.png,6,6
data/raw/hasyv2_download/hasy-data/v2-133439.png,rbracket,20
data/raw/hasyv2_download/hasy-data/v2-60973.png,lt,17
data/raw/hasyv2_download/hasy-data/v2-133162.png,lbracket,16
data/raw/hasyv2_download/hasy-data/v2-75835.png,times,22
data/raw/hasyv2_download/hasy-data/v2-20050.png,1,1
data/raw/hasyv2_download/hasy-data/v2-145182.png,sqrt,21
data/raw/hasyv2_download/hasy-data/v2-138075.png,infty,15
data/raw/hasyv2_download/hasy-data/v2-145554.png,sqrt,21
data/raw/hasyv2_download/hasy-data/v2-145544.png,sqrt,21
data/raw/hasyv2_download/hasy-data/v2-13691.png,infty,15
data/raw/hasyv2_download/hasy-data/v2-133215.png,lbracket,16
data/raw/hasyv2_download/hasy-data/v2-06667.png,times,22
data/raw/hasyv2_download/hasy-data/v2-138994.png,infty,15
data/raw/hasyv2_download/hasy-data/v2-137975.png,infty,15
data/raw/hasyv2_download/hasy-data/v2-20773.png,9,9
data/raw/hasyv2_download/hasy-data/v2-138544.png,infty,15
data/raw/hasyv2_download/hasy-data/v2-76681.png,times,22
data/raw/hasyv2_download/hasy-data/v2-133101.png,lbracket,16
data/raw/hasyv2_download/hasy-data/v2-137724.png,infty,15
data/raw/hasyv2_download/hasy-data/v2-145362.png,sqrt,21
data/raw/hasyv2_download/hasy-data/v2-144957.png,sqrt,21
data/raw/hasyv2_download/hasy-data/v2-13729.png,infty,15
data/raw/hasyv2_download/hasy-data/v2-133081.png,lbracket,16
data/raw/hasyv2_download/hasy-data/v2-01585.png,y,24
data/raw/hasyv2_download/hasy-data/v2-13673.png,infty,15
data/raw/hasyv2_download/hasy-data/v2-145326.png,sqrt,21
data/raw/hasyv2_download/hasy-data/v2-133305.png,lbracket,16
data/raw/hasyv2_download/hasy-data/v2-139658.png,infty,15
data/raw/hasyv2_download/hasy-data/v2-07133.png,div,13
data/raw/hasyv2_download/hasy-data/v2-132920.png,lbracket,16
data/raw/hasyv2_download/hasy-data/v2-76192.png,times,22
data/raw/hasyv2_download/hasy-data/v2-61087.png,gt,14
data/raw/hasyv2_download/hasy-data/v2-76427.png,times,22
data/raw/hasyv2_download/hasy-data/v2-80405.png,div,13
data/raw/hasyv2_download/hasy-data/v2-76762.png,times,22
data/raw/hasyv2_download/hasy-data/v2-138095.png,infty,15
data/raw/hasyv2_download/hasy-data/v2-13709.png,infty,15
data/raw/hasyv2_download/hasy-data/v2-132873.png,lbracket,16
data/raw/hasyv2_download/hasy-data/v2-75566.png,times,22
data/raw/hasyv2_download/hasy-data/v2-20107.png,1,1
data/raw/hasyv2_download/hasy-data/v2-13053.png,lbracket,16
data/raw/hasyv2_download/hasy-data/v2-145722.png,sqrt,21
data/raw/hasyv2_download/hasy-data/v2-139359.png,infty,15
data/raw/hasyv2_download/hasy-data/v2-145731.png,sqrt,21
data/raw/hasyv2_download/hasy-data/v2-06693.png,times,22
data/raw/hasyv2_download/hasy-data/v2-132841.png,lbracket,16
data/raw/hasyv2_download/hasy-data/v2-80229.png,div,13
data/raw/hasyv2_download/hasy-data/v2-76196.png,times,22
data/raw/hasyv2_download/hasy-data/v2-76439.png,times,22
data/raw/hasyv2_download/hasy-data/v2-75844.png,times,22
data/raw/hasyv2_download/hasy-data/v2-139598.png,infty,15
data/raw/hasyv2_download/hasy-data/v2-139501.png,infty,15
data/raw/hasyv2_download/hasy-data/v2-138814.png,infty,15
data/raw/hasyv2_download/hasy-data/v2-75885.png,times,22
data/raw/hasyv2_download/hasy-data/v2-139423.png,infty,15
data/raw/hasyv2_download/hasy-data/v2-13751.png,infty,15
data/raw/hasyv2_download/hasy-data/v2-137889.png,infty,15
data/raw/hasyv2_download/hasy-data/v2-137978.png,infty,15
data/raw/hasyv2_download/hasy-data/v2-66656.png,plus,19
data/raw/hasyv2_download/hasy-data/v2-75594.png,times,22
data/raw/hasyv2_download/hasy-data/v2-139332.png,infty,15
data/raw/hasyv2_download/hasy-data/v2-20322.png,3,3
data/raw/hasyv2_download/hasy-data/v2-137550.png,infty,15
data/raw/hasyv2_download/hasy-data/v2-139229.png,infty,15
data/raw/hasyv2_download/hasy-data/v2-76810.png,times,22
data/raw/hasyv2_download/hasy-data/v2-145429.png,sqrt,21
data/raw/hasyv2_download/hasy-data/v2-138516.png,infty,15
data/raw/hasyv2_download/hasy-data/v2-138547.png,infty,15
data/raw/hasyv2_download/hasy-data/v2-145803.png,sqrt,21
data/raw/hasyv2_download/hasy-data/v2-20624.png,7,7
data/raw/hasyv2_download/hasy-data/v2-66668.png,plus,19
data/raw/hasyv2_download/hasy-data/v2-76692.png,times,22
data/raw/hasyv2_download/hasy-data/v2-20622.png,7,7
data/raw/hasyv2_download/hasy-data/v2-138746.png,infty,15
data/raw/hasyv2_download/hasy-data/v2-20272.png,3,3
data/raw/hasyv2_download/hasy-data/v2-132689.png,lbracket,16
data/raw/hasyv2_download/hasy-data/v2-145572.png,sqrt,21
data/raw/hasyv2_download/hasy-data/v2-137667.png,infty,15
data/raw/hasyv2_download/hasy-data/v2-138007.png,infty,15
data/raw/hasyv2_download/hasy-data/v2-13813.png,infty,15
data/raw/hasyv2_download/hasy-data/v2-60972.png,lt,17
data/raw/hasyv2_download/hasy-data/v2-13777.png,infty,15
data/raw/hasyv2_download/hasy-data/v2-30858.png,x,23
data/raw/hasyv2_download/hasy-data/v2-145542.png,sqrt,21
data/raw/hasyv2_download/hasy-data/v2-139066.png,infty,15
data/raw/hasyv2_download/hasy-data/v2-138851.png,infty,15
data/raw/hasyv2_download/hasy-data/v2-06696.png,times,22
data/raw/hasyv2_download/hasy-data/v2-20100.png,1,1
data/raw/hasyv2_download/hasy-data/v2-06610.png,times,22
data/raw/hasyv2_download/hasy-data/v2-137613.png,infty,15
data/raw/hasyv2_download/hasy-data/v2-66522.png,minus,18
data/raw/hasyv2_download/hasy-data/v2-76215.png,times,22
data/raw/hasyv2_download/hasy-data/v2-75789.png,times,22
data/raw/hasyv2_download/hasy-data/v2-139525.png,infty,15
data/raw/hasyv2_download/hasy-data/v2-138230.png,infty,15
data/raw/hasyv2_download/hasy-data/v2-14460.png,sqrt,21
data/raw/hasyv2_download/hasy-data/v2-75685.png,times,22
data/raw/hasyv2_download/hasy-data/v2-138901.png,infty,15
data/raw/hasyv2_download/hasy-data/v2-13651.png,infty,15
data/raw/hasyv2_download/hasy-data/v2-80225.png,div,13
data/raw/hasyv2_download/hasy-data/v2-76227.png,times,22
data/raw/hasyv2_download/hasy-data/v2-132548.png,lbracket,16
data/raw/hasyv2_download/hasy-data/v2-13051.png,lbracket,16
data/raw/hasyv2_download/hasy-data/v2-61092.png,gt,14
data/raw/hasyv2_download/hasy-data/v2-20127.png,1,1
data/raw/hasyv2_download/hasy-data/v2-139281.png,infty,15
data/raw/hasyv2_download/hasy-data/v2-139130.png,infty,15
data/raw/hasyv2_download/hasy-data/v2-145785.png,sqrt,21
data/raw/hasyv2_download/hasy-data/v2-133057.png,lbracket,16
data/raw/hasyv2_download/hasy-data/v2-30850.png,x,23
data/raw/hasyv2_download/hasy-data/v2-133341.png,lbracket,16
data/raw/hasyv2_download/hasy-data/v2-133465.png,rbracket,20
data/raw/hasyv2_download/hasy-data/v2-30932.png,y,24
data/raw/hasyv2_download/hasy-data/v2-20035.png,1,1
data/raw/hasyv2_download/hasy-data/v2-137326.png,infty,15
data/raw/hasyv2_download/hasy-data/v2-145410.png,sqrt,21
data/raw/hasyv2_download/hasy-data/v2-137376.png,infty,15
data/raw/hasyv2_download/hasy-data/v2-132669.png,lbracket,16
data/raw/hasyv2_download/hasy-data/v2-139242.png,infty,15
data/raw/hasyv2_download/hasy-data/v2-145379.png,sqrt,21
data/raw/hasyv2_download/hasy-data/v2-75597.png,times,22
data/raw/hasyv2_download/hasy-data/v2-132979.png,lbracket,16
data/raw/hasyv2_download/hasy-data/v2-139667.png,infty,15
data/raw/hasyv2_download/hasy-data/v2-132960.png,lbracket,16
data/raw/hasyv2_download/hasy-data/v2-13842.png,infty,15
data/raw/hasyv2_download/hasy-data/v2-75621.png,times,22
data/raw/hasyv2_download/hasy-data/v2-06727.png,times,22
data/raw/hasyv2_download/hasy-data/v2-76741.png,times,22
data/raw/hasyv2_download/hasy-data/v2-138843.png,infty,15
data/raw/hasyv2_download/hasy-data/v2-75627.png,times,22
data/raw/hasyv2_download/hasy-data/v2-80366.png,div,13
data/raw/hasyv2_download/hasy-data/v2-138378.png,infty,15
data/raw/hasyv2_download/hasy-data/v2-137309.png,infty,15
data/raw/hasyv2_download/hasy-data/v2-138501.png,infty,15
data/raw/hasyv2_download/hasy-data/v2-133289.png,lbracket,16
data/raw/hasyv2_download/hasy-data/v2-75981.png,times,22
data/raw/hasyv2_download/hasy-data/v2-20072.png,1,1
data/raw/hasyv2_download/hasy-data/v2-76695.png,times,22
data/raw/hasyv2_download/hasy-data/v2-137714.png,infty,15
data/raw/hasyv2_download/hasy-data/v2-138627.png,infty,15
data/raw/hasyv2_download/hasy-data/v2-138320.png,infty,15
data/raw/hasyv2_download/hasy-data/v2-137939.png,infty,15
data/raw/hasyv2_download/hasy-data/v2-138102.png,infty,15
data/raw/hasyv2_download/hasy-data/v2-20153.png,2,2
data/raw/hasyv2_download/hasy-data/v2-61082.png,gt,14
data/raw/hasyv2_download/hasy-data/v2-19952.png,0,0
data/raw/hasyv2_download/hasy-data/v2-20410.png,4,4
data/raw/hasyv2_download/hasy-data/v2-138768.png,infty,15
data/raw/hasyv2_download/hasy-data/v2-13712.png,infty,15
data/raw/hasyv2_download/hasy-data/v2-132975.png,lbracket,16
data/raw/hasyv2_download/hasy-data/v2-138551.png,infty,15
data/raw/hasyv2_download/hasy-data/v2-14487.png,sqrt,21
data/raw/hasyv2_download/hasy-data/v2-139729.png,infty,15
data/raw/hasyv2_download/hasy-data/v2-138599.png,infty,15
data/raw/hasyv2_download/hasy-data/v2-138929.png,infty,15
data/raw/hasyv2_download/hasy-data/v2-20553.png,6,6
data/raw/hasyv2_download/hasy-data/v2-138860.png,infty,15
data/raw/hasyv2_download/hasy-data/v2-76130.png,times,22
data/raw/hasyv2_download/hasy-data/v2-13139.png,rbracket,20
data/raw/hasyv2_download/hasy-data/v2-145221.png,sqrt,21
data/raw/hasyv2_download/hasy-data/v2-133343.png,lbracket,16
data/raw/hasyv2_download/hasy-data/v2-145043.png,sqrt,21
data/raw/hasyv2_download/hasy-data/v2-00446.png,9,9
data/raw/hasyv2_download/hasy-data/v2-132630.png,lbracket,16
data/raw/hasyv2_download/hasy-data/v2-20803.png,9,9
data/raw/hasyv2_download/hasy-data/v2-76221.png,times,22
data/raw/hasyv2_download/hasy-data/v2-14485.png,sqrt,21
data/raw/hasyv2_download/hasy-data/v2-20436.png,5,5
data/raw/hasyv2_download/hasy-data/v2-75670.png,times,22
data/raw/hasyv2_download/hasy-data/v2-138337.png,infty,15
data/raw/hasyv2_download/hasy-data/v2-132844.png,lbracket,16
data/raw/hasyv2_download/hasy-data/v2-138848.png,infty,15
data/raw/hasyv2_download/hasy-data/v2-75881.png,times,22
data/raw/hasyv2_download/hasy-data/v2-132985.png,lbracket,16
data/raw/hasyv2_download/hasy-data/v2-139568.png,infty,15
data/raw/hasyv2_download/hasy-data/v2-137922.png,infty,15
data/raw/hasyv2_download/hasy-data/v2-06717.png,times,22
data/raw/hasyv2_download/hasy-data/v2-137329.png,infty,15
data/raw/hasyv2_download/hasy-data/v2-13703.png,infty,15
data/raw/hasyv2_download/hasy-data/v2-138687.png,infty,15
data/raw/hasyv2_download/hasy-data/v2-139711.png,infty,15
data/raw/hasyv2_download/hasy-data/v2-20320.png,3,3
data/raw/hasyv2_download/hasy-data/v2-138823.png,infty,15
data/raw/hasyv2_download/hasy-data/v2-29758.png,b,11
data/raw/hasyv2_download/hasy-data/v2-137638.png,infty,15
data/raw/hasyv2_download/hasy-data/v2-138923.png,infty,15
data/raw/hasyv2_download/hasy-data/v2-20745.png,8,8
data/raw/hasyv2_download/hasy-data/v2-139855.png,infty,15
data/raw/hasyv2_download/hasy-data/v2-29674.png,a,10
data/raw/hasyv2_download/hasy-data/v2-75729.png,times,22
data/raw/hasyv2_download/hasy-data/v2-132642.png,lbracket,16
data/raw/hasyv2_download/hasy-data/v2-138777.png,infty,15
data/raw/hasyv2_download/hasy-data/v2-145514.png,sqrt,21
data/raw/hasyv2_download/hasy-data/v2-138487.png,infty,15
data/raw/hasyv2_download/hasy-data/v2-20461.png,5,5
data/raw/hasyv2_download/hasy-data/v2-133579.png,rbracket,20
data/raw/hasyv2_download/hasy-data/v2-76445.png,times,22
data/raw/hasyv2_download/hasy-data/v2-76084.png,times,22
data/raw/hasyv2_download/hasy-data/v2-145433.png,sqrt,21
data/raw/hasyv2_download/hasy-data/v2-13050.png,lbracket,16
data/raw/hasyv2_download/hasy-data/v2-138412.png,infty,15
data/raw/hasyv2_download/hasy-data/v2-76426.png,times,22
data/raw/hasyv2_download/hasy-data/v2-20658.png,8,8
data/raw/hasyv2_download/hasy-data/v2-145356.png,sqrt,21
data/raw/hasyv2_download/hasy-data/v2-05576.png,minus,18
data/raw/hasyv2_download/hasy-data/v2-139321.png,infty,15
data/raw/hasyv2_download/hasy-data/v2-13105.png,lbracket,16
data/raw/hasyv2_download/hasy-data/v2-76365.png,times,22
data/raw/hasyv2_download/hasy-data/v2-138630.png,infty,15
data/raw/hasyv2_download/hasy-data/v2-139008.png,infty,15
data/raw/hasyv2_download/hasy-data/v2-20142.png,2,2
data/raw/hasyv2_download/hasy-data/v2-137950.png,infty,15
data/raw/hasyv2_download/hasy-data/v2-76177.png,times,22
data/raw/hasyv2_download/hasy-data/v2-145549.png,sqrt,21
data/raw/hasyv2_download/hasy-data/v2-14510.png,sqrt,21
data/raw/hasyv2_download/hasy-data/v2-80451.png,div,13
data/raw/hasyv2_download/hasy-data/v2-61003.png,lt,17
data/raw/hasyv2_download/hasy-data/v2-60989.png,lt,17
data/raw/hasyv2_download/hasy-data/v2-20305.png,3,3
data/raw/hasyv2_download/hasy-data/v2-138931.png,infty,15
data/raw/hasyv2_download/hasy-data/v2-76526.png,times,22
data/raw/hasyv2_download/hasy-data/v2-76791.png,times,22
data/raw/hasyv2_download/hasy-data/v2-139613.png,infty,15
data/raw/hasyv2_download/hasy-data/v2-13626.png,infty,15
data/raw/hasyv2_download/hasy-data/v2-137534.png,infty,15
data/raw/hasyv2_download/hasy-data/v2-76565.png,times,22
data/raw/hasyv2_download/hasy-data/v2-138846.png,infty,15
data/raw/hasyv2_download/hasy-data/v2-133418.png,rbracket,20
data/raw/hasyv2_download/hasy-data/v2-06718.png,times,22
data/raw/hasyv2_download/hasy-data/v2-61029.png,lt,17
data/raw/hasyv2_download/hasy-data/v2-133144.png,lbracket,16
data/raw/hasyv2_download/hasy-data/v2-138033.png,infty,15
data/raw/hasyv2_download/hasy-data/v2-66651.png,plus,19
data/raw/hasyv2_download/hasy-data/v2-145023.png,sqrt,21
data/raw/hasyv2_download/hasy-data/v2-139273.png,infty,15
data/raw/hasyv2_download/hasy-data/v2-137437.png,infty,15
data/raw/hasyv2_download/hasy-data/v2-132697.png,lbracket,16
data/raw/hasyv2_download/hasy-data/v2-145222.png,sqrt,21
data/raw/hasyv2_download/hasy-data/v2-19944.png,0,0
data/raw/hasyv2_download/hasy-data/v2-13658.png,infty,15
data/raw/hasyv2_download/hasy-data/v2-139713.png,infty,15
data/raw/hasyv2_download/hasy-data/v2-145725.png,sqrt,21
data/raw/hasyv2_download/hasy-data/v2-133100.png,lbracket,16
data/raw/hasyv2_download/hasy-data/v2-138109.png,infty,15
data/raw/hasyv2_download/hasy-data/v2-76619.png,times,22
data/raw/hasyv2_download/hasy-data/v2-20372.png,4,4
data/raw/hasyv2_download/hasy-data/v2-145415.png,sqrt,21
data/raw/hasyv2_download/hasy-data/v2-61119.png,gt,14
data/raw/hasyv2_download/hasy-data/v2-137818.png,infty,15
data/raw/hasyv2_download/hasy-data/v2-132822.png,lbracket,16
data/raw/hasyv2_download/hasy-data/v2-138660.png,infty,15
data/raw/hasyv2_download/hasy-data/v2-137380.png,infty,15
data/raw/hasyv2_download/hasy-data/v2-06639.png,times,22
data/raw/hasyv2_download/hasy-data/v2-76782.png,times,22
data/raw/hasyv2_download/hasy-data/v2-144978.png,sqrt,21
data/raw/hasyv2_download/hasy-data/v2-133549.png,rbracket,20
data/raw/hasyv2_download/hasy-data/v2-133242.png,lbracket,16
data/raw/hasyv2_download/hasy-data/v2-132612.png,lbracket,16
data/raw/hasyv2_download/hasy-data/v2-75821.png,times,22
data/raw/hasyv2_download/hasy-data/v2-75909.png,times,22
data/raw/hasyv2_download/hasy-data/v2-137563.png,infty,15
data/raw/hasyv2_download/hasy-data/v2-139599.png,infty,15
data/raw/hasyv2_download/hasy-data/v2-133505.png,rbracket,20
data/raw/hasyv2_download/hasy-data/v2-13791.png,infty,15
data/raw/hasyv2_download/hasy-data/v2-20684.png,8,8
data/raw/hasyv2_download/hasy-data/v2-139022.png,infty,15
data/raw/hasyv2_download/hasy-data/v2-138811.png,infty,15
data/raw/hasyv2_download/hasy-data/v2-132805.png,lbracket,16
data/raw/hasyv2_download/hasy-data/v2-20338.png,3,3
data/raw/hasyv2_download/hasy-data/v2-76354.png,times,22
data/raw/hasyv2_download/hasy-data/v2-145309.png,sqrt,21
data/raw/hasyv2_download/hasy-data/v2-137822.png,infty,15
data/raw/hasyv2_download/hasy-data/v2-137762.png,infty,15
data/raw/hasyv2_download/hasy-data/v2-75913.png,times,22
data/raw/hasyv2_download/hasy-data/v2-20450.png,5,5
data/raw/hasyv2_download/hasy-data/v2-20620.png,7,7
data/raw/hasyv2_download/hasy-data/v2-137911.png,infty,15
data/raw/hasyv2_download/hasy-data/v2-137576.png,infty,15
data/raw/hasyv2_download/hasy-data/v2-20809.png,9,9
data/raw/hasyv2_download/hasy-data/v2-80402.png,div,13
data/raw/hasyv2_download/hasy-data/v2-13761.png,infty,15
data/raw/hasyv2_download/hasy-data/v2-76313.png,times,22
data/raw/hasyv2_download/hasy-data/v2-145213.png,sqrt,21
data/raw/hasyv2_download/hasy-data/v2-13736.png,infty,15
data/raw/hasyv2_download/hasy-data/v2-139028.png,infty,15
data/raw/hasyv2_download/hasy-data/v2-132860.png,lbracket,16
data/raw/hasyv2_download/hasy-data/v2-133041.png,lbracket,16
data/raw/hasyv2_download/hasy-data/v2-139025.png,infty,15
data/raw/hasyv2_download/hasy-data/v2-145782.png,sqrt,21
data/raw/hasyv2_download/hasy-data/v2-13036.png,lbracket,16
data/raw/hasyv2_download/hasy-data/v2-75765.png,times,22
data/raw/hasyv2_download/hasy-data/v2-13069.png,lbracket,16
data/raw/hasyv2_download/hasy-data/v2-138864.png,infty,15
data/raw/hasyv2_download/hasy-data/v2-20123.png,1,1
data/raw/hasyv2_download/hasy-data/v2-20718.png,8,8
data/raw/hasyv2_download/hasy-data/v2-75933.png,times,22
data/raw/hasyv2_download/hasy-data/v2-13733.png,infty,15
data/raw/hasyv2_download/hasy-data/v2-75860.png,times,22
data/raw/hasyv2_download/hasy-data/v2-145492.png,sqrt,21
data/raw/hasyv2_download/hasy-data/v2-133428.png,rbracket,20
data/raw/hasyv2_download/hasy-data/v2-61058.png,gt,14
data/raw/hasyv2_download/hasy-data/v2-138085.png,infty,15
data/raw/hasyv2_download/hasy-data/v2-138679.png,infty,15
data/raw/hasyv2_download/hasy-data/v2-133324.png,lbracket,16
data/raw/hasyv2_download/hasy-data/v2-145174.png,sqrt,21
data/raw/hasyv2_download/hasy-data/v2-137896.png,infty,15
data/raw/hasyv2_download/hasy-data/v2-00352.png,0,0
data/raw/hasyv2_download/hasy-data/v2-75630.png,times,22
data/raw/hasyv2_download/hasy-data/v2-13847.png,infty,15
data/raw/hasyv2_download/hasy-data/v2-132978.png,lbracket,16
data/raw/hasyv2_download/hasy-data/v2-133251.png,lbracket,16
data/raw/hasyv2_download/hasy-data/v2-145582.png,sqrt,21
data/raw/hasyv2_download/hasy-data/v2-75816.png,times,22
data/raw/hasyv2_download/hasy-data/v2-137868.png,infty,15
data/raw/hasyv2_download/hasy-data/v2-139003.png,infty,15
data/raw/hasyv2_download/hasy-data/v2-133149.png,lbracket,16
data/raw/hasyv2_download/hasy-data/v2-76259.png,times,22
data/raw/hasyv2_download/hasy-data/v2-138119.png,infty,15
data/raw/hasyv2_download/hasy-data/v2-145427.png,sqrt,21
data/raw/hasyv2_download/hasy-data/v2-75831.png,times,22
data/raw/hasyv2_download/hasy-data/v2-13759.png,infty,15
data/raw/hasyv2_download/hasy-data/v2-20235.png,2,2
data/raw/hasyv2_download/hasy-data/v2-138711.png,infty,15
data/raw/hasyv2_download/hasy-data/v2-76568.png,times,22
data/raw/hasyv2_download/hasy-data/v2-132659.png,lbracket,16
data/raw/hasyv2_download/hasy-data/v2-13145.png,rbracket,20
data/raw/hasyv2_download/hasy-data/v2-76465.png,times,22
data/raw/hasyv2_download/hasy-data/v2-145627.png,sqrt,21
data/raw/hasyv2_download/hasy-data/v2-14476.png,sqrt,21
data/raw/hasyv2_download/hasy-data/v2-133497.png,rbracket,20
data/raw/hasyv2_download/hasy-data/v2-133177.png,lbracket,16
data/raw/hasyv2_download/hasy-data/v2-137476.png,infty,15
data/raw/hasyv2_download/hasy-data/v2-20764.png,9,9
data/raw/hasyv2_download/hasy-data/v2-145481.png,sqrt,21
data/raw/hasyv2_download/hasy-data/v2-145284.png,sqrt,21
data/raw/hasyv2_download/hasy-data/v2-76075.png,times,22
data/raw/hasyv2_download/hasy-data/v2-137322.png,infty,15
data/raw/hasyv2_download/hasy-data/v2-138062.png,infty,15
data/raw/hasyv2_download/hasy-data/v2-133490.png,rbracket,20
data/raw/hasyv2_download/hasy-data/v2-13723.png,infty,15
data/raw/hasyv2_download/hasy-data/v2-137832.png,infty,15
data/raw/hasyv2_download/hasy-data/v2-137961.png,infty,15
data/raw/hasyv2_download/hasy-data/v2-138519.png,infty,15
data/raw/hasyv2_download/hasy-data/v2-145399.png,sqrt,21
data/raw/hasyv2_download/hasy-data/v2-20547.png,6,6
data/raw/hasyv2_download/hasy-data/v2-133204.png,lbracket,16
data/raw/hasyv2_download/hasy-data/v2-133512.png,rbracket,20
data/raw/hasyv2_download/hasy-data/v2-145264.png,sqrt,21
data/raw/hasyv2_download/hasy-data/v2-13622.png,infty,15
data/raw/hasyv2_download/hasy-data/v2-139055.png,infty,15
data/raw/hasyv2_download/hasy-data/v2-133342.png,lbracket,16
data/raw/hasyv2_download/hasy-data/v2-76711.png,times,22
data/raw/hasyv2_download/hasy-data/v2-145715.png,sqrt,21
data/raw/hasyv2_download/hasy-data/v2-132705.png,lbracket,16
data/raw/hasyv2_download/hasy-data/v2-75725.png,times,22
data/raw/hasyv2_download/hasy-data/v2-138669.png,infty,15
data/raw/hasyv2_download/hasy-data/v2-137531.png,infty,15
data/raw/hasyv2_download/hasy-data/v2-20630.png,7,7
data/raw/hasyv2_download/hasy-data/v2-75704.png,times,22
data/raw/hasyv2_download/hasy-data/v2-138422.png,infty,15
data/raw/hasyv2_download/hasy-data/v2-137959.png,infty,15
data/raw/hasyv2_download/hasy-data/v2-137589.png,infty,15
data/raw/hasyv2_download/hasy-data/v2-13787.png,infty,15
data/raw/hasyv2_download/hasy-data/v2-137760.png,infty,15
data/raw/hasyv2_download/hasy-data/v2-133001.png,lbracket,16
data/raw/hasyv2_download/hasy-data/v2-139422.png,infty,15
data/raw/hasyv2_download/hasy-data/v2-06734.png,times,22
data/raw/hasyv2_download/hasy-data/v2-145138.png,sqrt,21
data/raw/hasyv2_download/hasy-data/v2-139341.png,infty,15
data/raw/hasyv2_download/hasy-data/v2-61020.png,lt,17
data/raw/hasyv2_download/hasy-data/v2-138467.png,infty,15
data/raw/hasyv2_download/hasy-data/v2-80316.png,div,13
data/raw/hasyv2_download/hasy-data/v2-133348.png,lbracket,16
data/raw/hasyv2_download/hasy-data/v2-145484.png,sqrt,21
data/raw/hasyv2_download/hasy-data/v2-76380.png,times,22
data/raw/hasyv2_download/hasy-data/v2-139417.png,infty,15
data/raw/hasyv2_download/hasy-data/v2-20039.png,1,1
data/raw/hasyv2_download/hasy-data/v2-137511.png,infty,15
data/raw/hasyv2_download/hasy-data/v2-133416.png,rbracket,20
data/raw/hasyv2_download/hasy-data/v2-13134.png,rbracket,20
data/raw/hasyv2_download/hasy-data/v2-20208.png,2,2
data/raw/hasyv2_download/hasy-data/v2-20333.png,3,3
data/raw/hasyv2_download/hasy-data/v2-145245.png,sqrt,21
data/raw/hasyv2_download/hasy-data/v2-139625.png,infty,15
data/raw/hasyv2_download/hasy-data/v2-138817.png,infty,15
data/raw/hasyv2_download/hasy-data/v2-145508.png,sqrt,21
data/raw/hasyv2_download/hasy-data/v2-145002.png,sqrt,21
data/raw/hasyv2_download/hasy-data/v2-137496.png,infty,15
data/raw/hasyv2_download/hasy-data/v2-139283.png,infty,15
data/raw/hasyv2_download/hasy-data/v2-14474.png,sqrt,21
data/raw/hasyv2_download/hasy-data/v2-20203.png,2,2
data/raw/hasyv2_download/hasy-data/v2-133165.png,lbracket,16
data/raw/hasyv2_download/hasy-data/v2-137277.png,infty,15
data/raw/hasyv2_download/hasy-data/v2-19949.png,0,0
data/raw/hasyv2_download/hasy-data/v2-20414.png,5,5
data/raw/hasyv2_download/hasy-data/v2-137458.png,infty,15
data/raw/hasyv2_download/hasy-data/v2-145391.png,sqrt,21
data/raw/hasyv2_download/hasy-data/v2-137890.png,infty,15
data/raw/hasyv2_download/hasy-data/v2-13614.png,infty,15
data/raw/hasyv2_download/hasy-data/v2-145601.png,sqrt,21
data/raw/hasyv2_download/hasy-data/v2-133015.png,lbracket,16
data/raw/hasyv2_download/hasy-data/v2-137482.png,infty,15
data/raw/hasyv2_download/hasy-data/v2-76731.png,times,22
data/raw/hasyv2_download/hasy-data/v2-132762.png,lbracket,16
data/raw/hasyv2_download/hasy-data/v2-60961.png,lt,17
data/raw/hasyv2_download/hasy-data/v2-133104.png,lbracket,16
data/raw/hasyv2_download/hasy-data/v2-05575.png,minus,18
data/raw/hasyv2_download/hasy-data/v2-61094.png,gt,14
data/raw/hasyv2_download/hasy-data/v2-75529.png,times,22
data/raw/hasyv2_download/hasy-data/v2-145704.png,sqrt,21
data/raw/hasyv2_download/hasy-data/v2-80433.png,div,13
data/raw/hasyv2_download/hasy-data/v2-138407.png,infty,15
data/raw/hasyv2_download/hasy-data/v2-145495.png,sqrt,21
data/raw/hasyv2_download/hasy-data/v2-137683.png,infty,15
data/raw/hasyv2_download/hasy-data/v2-75961.png,times,22
data/raw/hasyv2_download/hasy-data/v2-138696.png,infty,15
data/raw/hasyv2_download/hasy-data/v2-137512.png,infty,15
data/raw/hasyv2_download/hasy-data/v2-76664.png,times,22
data/raw/hasyv2_download/hasy-data/v2-138902.png,infty,15
data/raw/hasyv2_download/hasy-data/v2-20204.png,2,2
data/raw/hasyv2_download/hasy-data/v2-13833.png,infty,15
data/raw/hasyv2_download/hasy-data/v2-137453.png,infty,15
data/raw/hasyv2_download/hasy-data/v2-139663.png,infty,15
data/raw/hasyv2_download/hasy-data/v2-139421.png,infty,15
data/raw/hasyv2_download/hasy-data/v2-145175.png,sqrt,21
data/raw/hasyv2_download/hasy-data/v2-06651.png,times,22
data/raw/hasyv2_download/hasy-data/v2-133472.png,rbracket,20
data/raw/hasyv2_download/hasy-data/v2-06588.png,times,22
data/raw/hasyv2_download/hasy-data/v2-139224.png,infty,15
data/raw/hasyv2_download/hasy-data/v2-138023.png,infty,15
data/raw/hasyv2_download/hasy-data/v2-138475.png,infty,15
data/raw/hasyv2_download/hasy-data/v2-138442.png,infty,15
data/raw/hasyv2_download/hasy-data/v2-80487.png,div,13
data/raw/hasyv2_download/hasy-data/v2-138822.png,infty,15
data/raw/hasyv2_download/hasy-data/v2-76675.png,times,22
data/raw/hasyv2_download/hasy-data/v2-139047.png,infty,15
data/raw/hasyv2_download/hasy-data/v2-76298.png,times,22
data/raw/hasyv2_download/hasy-data/v2-14422.png,sqrt,21
data/raw/hasyv2_download/hasy-data/v2-145243.png,sqrt,21
data/raw/hasyv2_download/hasy-data/v2-76201.png,times,22
data/raw/hasyv2_download/hasy-data/v2-137464.png,infty,15
data/raw/hasyv2_download/hasy-data/v2-06613.png,times,22
data/raw/hasyv2_download/hasy-data/v2-145164.png,sqrt,21
data/raw/hasyv2_download/hasy-data/v2-133214.png,lbracket,16
data/raw/hasyv2_download/hasy-data/v2-20483.png,6,6
data/raw/hasyv2_download/hasy-data/v2-76534.png,times,22
data/raw/hasyv2_download/hasy-data/v2-132954.png,lbracket,16
data/raw/hasyv2_download/hasy-data/v2-145330.png,sqrt,21
data/raw/hasyv2_download/hasy-data/v2-139364.png,infty,15
data/raw/hasyv2_download/hasy-data/v2-20660.png,8,8
data/raw/hasyv2_download/hasy-data/v2-144960.png,sqrt,21
data/raw/hasyv2_download/hasy-data/v2-137403.png,infty,15
data/raw/hasyv2_download/hasy-data/v2-30979.png,z,25
data/raw/hasyv2_download/hasy-data/v2-137923.png,infty,15
data/raw/hasyv2_download/hasy-data/v2-80190.png,div,13
data/raw/hasyv2_download/hasy-data/v2-138698.png,infty,15
data/raw/hasyv2_download/hasy-data/v2-139787.png,infty,15
data/raw/hasyv2_download/hasy-data/v2-139574.png,infty,15
data/raw/hasyv2_download/hasy-data/v2-133423.png,rbracket,20
data/raw/hasyv2_download/hasy-data/v2-137562.png,infty,15
data/raw/hasyv2_download/hasy-data/v2-30977.png,z,25
data/raw/hasyv2_download/hasy-data/v2-76292.png,times,22
data/raw/hasyv2_download/hasy-data/v2-29652.png,a,10
data/raw/hasyv2_download/hasy-data/v2-133402.png,rbracket,20
data/raw/hasyv2_download/hasy-data/v2-29752.png,b,11
data/raw/hasyv2_download/hasy-data/v2-139031.png,infty,15
data/raw/hasyv2_download/hasy-data/v2-29664.png,a,10
data/raw/hasyv2_download/hasy-data/v2-145738.png,sqrt,21
data/raw/hasyv2_download/hasy-data/v2-144965.png,sqrt,21
data/raw/hasyv2_download/hasy-data/v2-76648.png,times,22
data/raw/hasyv2_download/hasy-data/v2-20577.png,7,7
data/raw/hasyv2_download/hasy-data/v2-137610.png,infty,15
data/raw/hasyv2_download/hasy-data/v2-145034.png,sqrt,21
data/raw/hasyv2_download/hasy-data/v2-137927.png,infty,15
data/raw/hasyv2_download/hasy-data/v2-20508.png,6,6
data/raw/hasyv2_download/hasy-data/v2-20816.png,9,9
data/raw/hasyv2_download/hasy-data/v2-137681.png,infty,15
data/raw/hasyv2_download/hasy-data/v2-138919.png,infty,15
data/raw/hasyv2_download/hasy-data/v2-138636.png,infty,15
data/raw/hasyv2_download/hasy-data/v2-138530.png,infty,15
data/raw/hasyv2_download/hasy-data/v2-145612.png,sqrt,21
data/raw/hasyv2_download/hasy-data/v2-145170.png,sqrt,21
data/raw/hasyv2_download/hasy-data/v2-139856.png,infty,15
data/raw/hasyv2_download/hasy-data/v2-137817.png,infty,15
data/raw/hasyv2_download/hasy-data/v2-137492.png,infty,15
data/raw/hasyv2_download/hasy-data/v2-20357.png,3,3
data/raw/hasyv2_download/hasy-data/v2-133319.png,lbracket,16
data/raw/hasyv2_download/hasy-data/v2-05569.png,minus,18
data/raw/hasyv2_download/hasy-data/v2-76118.png,times,22
data/raw/hasyv2_download/hasy-data/v2-138735.png,infty,15
data/raw/hasyv2_download/hasy-data/v2-133378.png,rbracket,20
data/raw/hasyv2_download/hasy-data/v2-76178.png,times,22
data/raw/hasyv2_download/hasy-data/v2-76487.png,times,22
data/raw/hasyv2_download/hasy-data/v2-06595.png,times,22
data/raw/hasyv2_download/hasy-data/v2-66523.png,minus,18
data/raw/hasyv2_download/hasy-data/v2-13849.png,infty,15
data/raw/hasyv2_download/hasy-data/v2-80335.png,div,13
data/raw/hasyv2_download/hasy-data/v2-20280.png,3,3
data/raw/hasyv2_download/hasy-data/v2-133485.png,rbracket,20
data/raw/hasyv2_download/hasy-data/v2-137969.png,infty,15
data/raw/hasyv2_download/hasy-data/v2-138709.png,infty,15
data/raw/hasyv2_download/hasy-data/v2-137870.png,infty,15
data/raw/hasyv2_download/hasy-data/v2-145769.png,sqrt,21
data/raw/hasyv2_download/hasy-data/v2-137600.png,infty,15
data/raw/hasyv2_download/hasy-data/v2-76431.png,times,22
data/raw/hasyv2_download/hasy-data/v2-145784.png,sqrt,21
data/raw/hasyv2_download/hasy-data/v2-76366.png,times,22
data/raw/hasyv2_download/hasy-data/v2-75849.png,times,22
data/raw/hasyv2_download/hasy-data/v2-139249.png,infty,15
data/raw/hasyv2_download/hasy-data/v2-139795.png,infty,15
data/raw/hasyv2_download/hasy-data/v2-133450.png,rbracket,20
data/raw/hasyv2_download/hasy-data/v2-133135.png,lbracket,16
data/raw/hasyv2_download/hasy-data/v2-66644.png,plus,19
data/raw/hasyv2_download/hasy-data/v2-137381.png,infty,15
data/raw/hasyv2_download/hasy-data/v2-13647.png,infty,15
data/raw/hasyv2_download/hasy-data/v2-132691.png,lbracket,16
data/raw/hasyv2_download/hasy-data/v2-137257.png,infty,15
data/raw/hasyv2_download/hasy-data/v2-145748.png,sqrt,21
data/raw/hasyv2_download/hasy-data/v2-80286.png,div,13
data/raw/hasyv2_download/hasy-data/v2-76489.png,times,22
data/raw/hasyv2_download/hasy-data/v2-132977.png,lbracket,16
data/raw/hasyv2_download/hasy-data/v2-138691.png,infty,15
data/raw/hasyv2_download/hasy-data/v2-139123.png,infty,15
data/raw/hasyv2_download/hasy-data/v2-137991.png,infty,15
data/raw/hasyv2_download/hasy-data/v2-139620.png,infty,15
data/raw/hasyv2_download/hasy-data/v2-00435.png,8,8
data/raw/hasyv2_download/hasy-data/v2-20576.png,7,7
data/raw/hasyv2_download/hasy-data/v2-137289.png,infty,15
data/raw/hasyv2_download/hasy-data/v2-133386.png,rbracket,20
data/raw/hasyv2_download/hasy-data/v2-138253.png,infty,15
data/raw/hasyv2_download/hasy-data/v2-30864.png,x,23
data/raw/hasyv2_download/hasy-data/v2-76517.png,times,22
data/raw/hasyv2_download/hasy-data/v2-138816.png,infty,15
data/raw/hasyv2_download/hasy-data/v2-139251.png,infty,15
data/raw/hasyv2_download/hasy-data/v2-139171.png,infty,15
data/raw/hasyv2_download/hasy-data/v2-05571.png,minus,18
data/raw/hasyv2_download/hasy-data/v2-66564.png,minus,18
data/raw/hasyv2_download/hasy-data/v2-13666.png,infty,15
data/raw/hasyv2_download/hasy-data/v2-138560.png,infty,15
data/raw/hasyv2_download/hasy-data/v2-76135.png,times,22
data/raw/hasyv2_download/hasy-data/v2-20430.png,5,5
data/raw/hasyv2_download/hasy-data/v2-138191.png,infty,15
data/raw/hasyv2_download/hasy-data/v2-132567.png,lbracket,16
data/raw/hasyv2_download/hasy-data/v2-80372.png,div,13
data/raw/hasyv2_download/hasy-data/v2-20099.png,1,1
data/raw/hasyv2_download/hasy-data/v2-20398.png,4,4
data/raw/hasyv2_download/hasy-data/v2-76124.png,times,22
data/raw/hasyv2_download/hasy-data/v2-76451.png,times,22
data/raw/hasyv2_download/hasy-data/v2-76750.png,times,22
data/raw/hasyv2_download/hasy-data/v2-20474.png,5,5
data/raw/hasyv2_download/hasy-data/v2-145276.png,sqrt,21
data/raw/hasyv2_download/hasy-data/v2-145750.png,sqrt,21
data/raw/hasyv2_download/hasy-data/v2-137530.png,infty,15
data/raw/hasyv2_download/hasy-data/v2-76597.png,times,22
data/raw/hasyv2_download/hasy-data/v2-138956.png,infty,15
data/raw/hasyv2_download/hasy-data/v2-07136.png,div,13
data/raw/hasyv2_download/hasy-data/v2-138233.png,infty,15
data/raw/hasyv2_download/hasy-data/v2-138132.png,infty,15
data/raw/hasyv2_download/hasy-data/v2-29813.png,c,12
data/raw/hasyv2_download/hasy-data/v2-20687.png,8,8
data/raw/hasyv2_download/hasy-data/v2-137426.png,infty,15
data/raw/hasyv2_download/hasy-data/v2-20056.png,1,1
data/raw/hasyv2_download/hasy-data/v2-76030.png,times,22
data/raw/hasyv2_download/hasy-data/v2-76665.png,times,22
data/raw/hasyv2_download/hasy-data/v2-145790.png,sqrt,21
data/raw/hasyv2_download/hasy-data/v2-133027.png,lbracket,16
data/raw/hasyv2_download/hasy-data/v2-76186.png,times,22
data/raw/hasyv2_download/hasy-data/v2-75971.png,times,22
data/raw/hasyv2_download/hasy-data/v2-138553.png,infty,15
data/raw/hasyv2_download/hasy-data/v2-138794.png,infty,15
data/raw/hasyv2_download/hasy-data/v2-20191.png,2,2
data/raw/hasyv2_download/hasy-data/v2-138300.png,infty,15
data/raw/hasyv2_download/hasy-data/v2-20824.png,9,9
data/raw/hasyv2_download/hasy-data/v2-132553.png,lbracket,16
data/raw/hasyv2_download/hasy-data/v2-133301.png,lbracket,16
data/raw/hasyv2_download/hasy-data/v2-01453.png,c,12
data/raw/hasyv2_download/hasy-data/v2-137349.png,infty,15
data/raw/hasyv2_download/hasy-data/v2-20469.png,5,5
data/raw/hasyv2_download/hasy-data/v2-76094.png,times,22
data/raw/hasyv2_download/hasy-data/v2-138342.png,infty,15
data/raw/hasyv2_download/hasy-data/v2-20102.png,1,1
data/raw/hasyv2_download/hasy-data/v2-138171.png,infty,15
data/raw/hasyv2_download/hasy-data/v2-20380.png,4,4
data/raw/hasyv2_download/hasy-data/v2-145637.png,sqrt,21
data/raw/hasyv2_download/hasy-data/v2-20421.png,5,5
data/raw/hasyv2_download/hasy-data/v2-138740.png,infty,15
data/raw/hasyv2_download/hasy-data/v2-29700.png,a,10
data/raw/hasyv2_download/hasy-data/v2-144997.png,sqrt,21
data/raw/hasyv2_download/hasy-data/v2-132714.png,lbracket,16
data/raw/hasyv2_download/hasy-data/v2-13559.png,infty,15
data/raw/hasyv2_download/hasy-data/v2-05568.png,minus,18
data/raw/hasyv2_download/hasy-data/v2-133452.png,rbracket,20
data/raw/hasyv2_download/hasy-data/v2-30968.png,z,25
data/raw/hasyv2_download/hasy-data/v2-13786.png,infty,15
data/raw/hasyv2_download/hasy-data/v2-138266.png,infty,15
data/raw/hasyv2_download/hasy-data/v2-145444.png,sqrt,21
data/raw/hasyv2_download/hasy-data/v2-132650.png,lbracket,16
data/raw/hasyv2_download/hasy-data/v2-76535.png,times,22
data/raw/hasyv2_download/hasy-data/v2-07120.png,div,13
data/raw/hasyv2_download/hasy-data/v2-06622.png,times,22
data/raw/hasyv2_download/hasy-data/v2-144983.png,sqrt,21
data/raw/hasyv2_download/hasy-data/v2-20515.png,6,6
data/raw/hasyv2_download/hasy-data/v2-20815.png,9,9
data/raw/hasyv2_download/hasy-data/v2-137936.png,infty,15
data/raw/hasyv2_download/hasy-data/v2-138440.png,infty,15
data/raw/hasyv2_download/hasy-data/v2-138737.png,infty,15
data/raw/hasyv2_download/hasy-data/v2-145575.png,sqrt,21
data/raw/hasyv2_download/hasy-data/v2-139255.png,infty,15
data/raw/hasyv2_download/hasy-data/v2-76330.png,times,22
data/raw/hasyv2_download/hasy-data/v2-138983.png,infty,15
data/raw/hasyv2_download/hasy-data/v2-75830.png,times,22
data/raw/hasyv2_download/hasy-data/v2-20023.png,0,0
data/raw/hasyv2_download/hasy-data/v2-139222.png,infty,15
data/raw/hasyv2_download/hasy-data/v2-30983.png,z,25
data/raw/hasyv2_download/hasy-data/v2-75932.png,times,22
data/raw/hasyv2_download/hasy-data/v2-133121.png,lbracket,16
data/raw/hasyv2_download/hasy-data/v2-145024.png,sqrt,21
data/raw/hasyv2_download/hasy-data/v2-30868.png,x,23
data/raw/hasyv2_download/hasy-data/v2-61136.png,gt,14
data/raw/hasyv2_download/hasy-data/v2-138558.png,infty,15
data/raw/hasyv2_download/hasy-data/v2-76106.png,times,22
data/raw/hasyv2_download/hasy-data/v2-75802.png,times,22
data/raw/hasyv2_download/hasy-data/v2-138178.png,infty,15
data/raw/hasyv2_download/hasy-data/v2-20379.png,4,4
data/raw/hasyv2_download/hasy-data/v2-13619.png,infty,15
data/raw/hasyv2_download/hasy-data/v2-138775.png,infty,15
data/raw/hasyv2_download/hasy-data/v2-20286.png,3,3
data/raw/hasyv2_download/hasy-data/v2-20683.png,8,8
data/raw/hasyv2_download/hasy-data/v2-138031.png,infty,15
data/raw/hasyv2_download/hasy-data/v2-137824.png,infty,15
data/raw/hasyv2_download/hasy-data/v2-20524.png,6,6
data/raw/hasyv2_download/hasy-data/v2-145047.png,sqrt,21
data/raw/hasyv2_download/hasy-data/v2-138029.png,infty,15
data/raw/hasyv2_download/hasy-data/v2-137689.png,infty,15
data/raw/hasyv2_download/hasy-data/v2-06629.png,times,22
data/raw/hasyv2_download/hasy-data/v2-133020.png,lbracket,16
data/raw/hasyv2_download/hasy-data/v2-20265.png,3,3
data/raw/hasyv2_download/hasy-data/v2-76773.png,times,22
data/raw/hasyv2_download/hasy-data/v2-76105.png,times,22
data/raw/hasyv2_download/hasy-data/v2-137904.png,infty,15
data/raw/hasyv2_download/hasy-data/v2-20353.png,3,3
data/raw/hasyv2_download/hasy-data/v2-139534.png,infty,15
data/raw/hasyv2_download/hasy-data/v2-75912.png,times,22
data/raw/hasyv2_download/hasy-data/v2-76482.png,times,22
data/raw/hasyv2_download/hasy-data/v2-145656.png,sqrt,21
data/raw/hasyv2_download/hasy-data/v2-76490.png,times,22
data/raw/hasyv2_download/hasy-data/v2-132606.png,lbracket,16
data/raw/hasyv2_download/hasy-data/v2-80455.png,div,13
data/raw/hasyv2_download/hasy-data/v2-137883.png,infty,15
data/raw/hasyv2_download/hasy-data/v2-137854.png,infty,15
data/raw/hasyv2_download/hasy-data/v2-14482.png,sqrt,21
data/raw/hasyv2_download/hasy-data/v2-66661.png,plus,19
data/raw/hasyv2_download/hasy-data/v2-138778.png,infty,15
data/raw/hasyv2_download/hasy-data/v2-20036.png,1,1
data/raw/hasyv2_download/hasy-data/v2-132800.png,lbracket,16
data/raw/hasyv2_download/hasy-data/v2-13829.png,infty,15
data/raw/hasyv2_download/hasy-data/v2-138601.png,infty,15
data/raw/hasyv2_download/hasy-data/v2-139499.png,infty,15
data/raw/hasyv2_download/hasy-data/v2-139661.png,infty,15
data/raw/hasyv2_download/hasy-data/v2-138894.png,infty,15
data/raw/hasyv2_download/hasy-data/v2-139719.png,infty,15
data/raw/hasyv2_download/hasy-data/v2-19923.png,0,0
data/raw/hasyv2_download/hasy-data/v2-80454.png,div,13
data/raw/hasyv2_download/hasy-data/v2-76212.png,times,22
data/raw/hasyv2_download/hasy-data/v2-20749.png,9,9
data/raw/hasyv2_download/hasy-data/v2-137611.png,infty,15
data/raw/hasyv2_download/hasy-data/v2-139673.png,infty,15
data/raw/hasyv2_download/hasy-data/v2-138694.png,infty,15
data/raw/hasyv2_download/hasy-data/v2-06669.png,times,22
data/raw/hasyv2_download/hasy-data/v2-60988.png,lt,17
data/raw/hasyv2_download/hasy-data/v2-75691.png,times,22
data/raw/hasyv2_download/hasy-data/v2-145533.png,sqrt,21
data/raw/hasyv2_download/hasy-data/v2-145625.png,sqrt,21
data/raw/hasyv2_download/hasy-data/v2-138597.png,infty,15
data/raw/hasyv2_download/hasy-data/v2-138819.png,infty,15
data/raw/hasyv2_download/hasy-data/v2-138019.png,infty,15
data/raw/hasyv2_download/hasy-data/v2-139239.png,infty,15
data/raw/hasyv2_download/hasy-data/v2-13757.png,infty,15
data/raw/hasyv2_download/hasy-data/v2-80309.png,div,13
data/raw/hasyv2_download/hasy-data/v2-139223.png,infty,15
data/raw/hasyv2_download/hasy-data/v2-139350.png,infty,15
data/raw/hasyv2_download/hasy-data/v2-139155.png,infty,15
data/raw/hasyv2_download/hasy-data/v2-29749.png,b,11
data/raw/hasyv2_download/hasy-data/v2-14470.png,sqrt,21
data/raw/hasyv2_download/hasy-data/v2-14468.png,sqrt,21
data/raw/hasyv2_download/hasy-data/v2-139791.png,infty,15
data/raw/hasyv2_download/hasy-data/v2-76263.png,times,22
data/raw/hasyv2_download/hasy-data/v2-20819.png,9,9
data/raw/hasyv2_download/hasy-data/v2-137666.png,infty,15
data/raw/hasyv2_download/hasy-data/v2-145039.png,sqrt,21
data/raw/hasyv2_download/hasy-data/v2-138127.png,infty,15
data/raw/hasyv2_download/hasy-data/v2-145404.png,sqrt,21
data/raw/hasyv2_download/hasy-data/v2-80259.png,div,13
data/raw/hasyv2_download/hasy-data/v2-138429.png,infty,15
data/raw/hasyv2_download/hasy-data/v2-133321.png,lbracket,16
data/raw/hasyv2_download/hasy-data/v2-139304.png,infty,15
data/raw/hasyv2_download/hasy-data/v2-145304.png,sqrt,21
data/raw/hasyv2_download/hasy-data/v2-137353.png,infty,15
data/raw/hasyv2_download/hasy-data/v2-132811.png,lbracket,16
data/raw/hasyv2_download/hasy-data/v2-132653.png,lbracket,16
data/raw/hasyv2_download/hasy-data/v2-145579.png,sqrt,21
data/raw/hasyv2_download/hasy-data/v2-138750.png,infty,15
data/raw/hasyv2_download/hasy-data/v2-132769.png,lbracket,16
data/raw/hasyv2_download/hasy-data/v2-20656.png,8,8
data/raw/hasyv2_download/hasy-data/v2-138592.png,infty,15
data/raw/hasyv2_download/hasy-data/v2-20154.png,2,2
data/raw/hasyv2_download/hasy-data/v2-137934.png,infty,15
data/raw/hasyv2_download/hasy-data/v2-137784.png,infty,15
data/raw/hasyv2_download/hasy-data/v2-14463.png,sqrt,21
data/raw/hasyv2_download/hasy-data/v2-20641.png,8,8
data/raw/hasyv2_download/hasy-data/v2-137698.png,infty,15
data/raw/hasyv2_download/hasy-data/v2-145261.png,sqrt,21
data/raw/hasyv2_download/hasy-data/v2-138847.png,infty,15
data/raw/hasyv2_download/hasy-data/v2-137455.png,infty,15
data/raw/hasyv2_download/hasy-data/v2-61109.png,gt,14
data/raw/hasyv2_download/hasy-data/v2-06644.png,times,22
data/raw/hasyv2_download/hasy-data/v2-145437.png,sqrt,21
data/raw/hasyv2_download/hasy-data/v2-138719.png,infty,15
data/raw/hasyv2_download/hasy-data/v2-137605.png,infty,15
data/raw/hasyv2_download/hasy-data/v2-133145.png,lbracket,16
data/raw/hasyv2_download/hasy-data/v2-138505.png,infty,15
data/raw/hasyv2_download/hasy-data/v2-133229.png,lbracket,16
data/raw/hasyv2_download/hasy-data/v2-139816.png,infty,15
data/raw/hasyv2_download/hasy-data/v2-139173.png,infty,15
data/raw/hasyv2_download/hasy-data/v2-139800.png,infty,15
data/raw/hasyv2_download/hasy-data/v2-145668.png,sqrt,21
data/raw/hasyv2_download/hasy-data/v2-137739.png,infty,15
data/raw/hasyv2_download/hasy-data/v2-13643.png,infty,15
data/raw/hasyv2_download/hasy-data/v2-138780.png,infty,15
data/raw/hasyv2_download/hasy-data/v2-145016.png,sqrt,21
data/raw/hasyv2_download/hasy-data/v2-75742.png,times,22
data/raw/hasyv2_download/hasy-data/v2-139115.png,infty,15
data/raw/hasyv2_download/hasy-data/v2-29733.png,b,11
data/raw/hasyv2_download/hasy-data/v2-133180.png,lbracket,16
data/raw/hasyv2_download/hasy-data/v2-20569.png,6,6
data/raw/hasyv2_download/hasy-data/v2-14430.png,sqrt,21
data/raw/hasyv2_download/hasy-data/v2-144961.png,sqrt,21
data/raw/hasyv2_download/hasy-data/v2-80397.png,div,13
data/raw/hasyv2_download/hasy-data/v2-139843.png,infty,15
data/raw/hasyv2_download/hasy-data/v2-138421.png,infty,15
data/raw/hasyv2_download/hasy-data/v2-137706.png,infty,15
data/raw/hasyv2_download/hasy-data/v2-75871.png,times,22
data/raw/hasyv2_download/hasy-data/v2-75880.png,times,22
data/raw/hasyv2_download/hasy-data/v2-145573.png,sqrt,21
data/raw/hasyv2_download/hasy-data/v2-138198.png,infty,15
data/raw/hasyv2_download/hasy-data/v2-133216.png,lbracket,16
data/raw/hasyv2_download/hasy-data/v2-132633.png,lbracket,16
data/raw/hasyv2_download/hasy-data/v2-137729.png,infty,15
data/raw/hasyv2_download/hasy-data/v2-13730.png,infty,15
data/raw/hasyv2_download/hasy-data/v2-13823.png,infty,15
data/raw/hasyv2_download/hasy-data/v2-76753.png,times,22
data/raw/hasyv2_download/hasy-data/v2-139871.png,infty,15
data/raw/hasyv2_download/hasy-data/v2-76511.png,times,22
data/raw/hasyv2_download/hasy-data/v2-139195.png,infty,15
data/raw/hasyv2_download/hasy-data/v2-80281.png,div,13
data/raw/hasyv2_download/hasy-data/v2-139854.png,infty,15
data/raw/hasyv2_download/hasy-data/v2-06711.png,times,22
data/raw/hasyv2_download/hasy-data/v2-133367.png,rbracket,20
data/raw/hasyv2_download/hasy-data/v2-13826.png,infty,15
data/raw/hasyv2_download/hasy-data/v2-145577.png,sqrt,21
data/raw/hasyv2_download/hasy-data/v2-137315.png,infty,15
data/raw/hasyv2_download/hasy-data/v2-75578.png,times,22
data/raw/hasyv2_download/hasy-data/v2-76488.png,times,22
data/raw/hasyv2_download/hasy-data/v2-20093.png,1,1
data/raw/hasyv2_download/hasy-data/v2-20669.png,8,8
data/raw/hasyv2_download/hasy-data/v2-75829.png,times,22
data/raw/hasyv2_download/hasy-data/v2-60985.png,lt,17
data/raw/hasyv2_download/hasy-data/v2-29678.png,a,10
data/raw/hasyv2_download/hasy-data/v2-145561.png,sqrt,21
data/raw/hasyv2_download/hasy-data/v2-20383.png,4,4
data/raw/hasyv2_download/hasy-data/v2-29646.png,a,10
data/raw/hasyv2_download/hasy-data/v2-60990.png,lt,17
data/raw/hasyv2_download/hasy-data/v2-137999.png,infty,15
data/raw/hasyv2_download/hasy-data/v2-13694.png,infty,15
data/raw/hasyv2_download/hasy-data/v2-19995.png,0,0
data/raw/hasyv2_download/hasy-data/v2-66510.png,minus,18
data/raw/hasyv2_download/hasy-data/v2-138470.png,infty,15
data/raw/hasyv2_download/hasy-data/v2-29691.png,a,10
data/raw/hasyv2_download/hasy-data/v2-132764.png,lbracket,16
data/raw/hasyv2_download/hasy-data/v2-145402.png,sqrt,21
data/raw/hasyv2_download/hasy-data/v2-00420.png,7,7
data/raw/hasyv2_download/hasy-data/v2-145743.png,sqrt,21
data/raw/hasyv2_download/hasy-data/v2-76813.png,times,22
data/raw/hasyv2_download/hasy-data/v2-20616.png,7,7
data/raw/hasyv2_download/hasy-data/v2-75579.png,times,22
data/raw/hasyv2_download/hasy-data/v2-76663.png,times,22
data/raw/hasyv2_download/hasy-data/v2-20739.png,8,8
data/raw/hasyv2_download/hasy-data/v2-144940.png,sqrt,21
data/raw/hasyv2_download/hasy-data/v2-13845.png,infty,15
data/raw/hasyv2_download/hasy-data/v2-76749.png,times,22
data/raw/hasyv2_download/hasy-data/v2-29644.png,a,10
data/raw/hasyv2_download/hasy-data/v2-132980.png,lbracket,16
data/raw/hasyv2_download/hasy-data/v2-139709.png,infty,15
data/raw/hasyv2_download/hasy-data/v2-61051.png,gt,14
data/raw/hasyv2_download/hasy-data/v2-139821.png,infty,15
data/raw/hasyv2_download/hasy-data/v2-132678.png,lbracket,16
data/raw/hasyv2_download/hasy-data/v2-139096.png,infty,15
data/raw/hasyv2_download/hasy-data/v2-76514.png,times,22
data/raw/hasyv2_download/hasy-data/v2-144949.png,sqrt,21
data/raw/hasyv2_download/hasy-data/v2-138106.png,infty,15
data/raw/hasyv2_download/hasy-data/v2-20413.png,5,5
data/raw/hasyv2_download/hasy-data/v2-138556.png,infty,15
data/raw/hasyv2_download/hasy-data/v2-145287.png,sqrt,21
data/raw/hasyv2_download/hasy-data/v2-138876.png,infty,15
data/raw/hasyv2_download/hasy-data/v2-29682.png,a,10
data/raw/hasyv2_download/hasy-data/v2-139052.png,infty,15
data/raw/hasyv2_download/hasy-data/v2-06697.png,times,22
data/raw/hasyv2_download/hasy-data/v2-133320.png,lbracket,16
data/raw/hasyv2_download/hasy-data/v2-138593.png,infty,15
data/raw/hasyv2_download/hasy-data/v2-60949.png,lt,17
data/raw/hasyv2_download/hasy-data/v2-139285.png,infty,15
data/raw/hasyv2_download/hasy-data/v2-145739.png,sqrt,21
data/raw/hasyv2_download/hasy-data/v2-139725.png,infty,15
data/raw/hasyv2_download/hasy-data/v2-132953.png,lbracket,16
data/raw/hasyv2_download/hasy-data/v2-139527.png,infty,15
data/raw/hasyv2_download/hasy-data/v2-29676.png,a,10
data/raw/hasyv2_download/hasy-data/v2-20233.png,2,2
data/raw/hasyv2_download/hasy-data/v2-13846.png,infty,15
data/raw/hasyv2_download/hasy-data/v2-137554.png,infty,15
data/raw/hasyv2_download/hasy-data/v2-137983.png,infty,15
data/raw/hasyv2_download/hasy-data/v2-137390.png,infty,15
data/raw/hasyv2_download/hasy-data/v2-139185.png,infty,15
data/raw/hasyv2_download/hasy-data/v2-80394.png,div,13
data/raw/hasyv2_download/hasy-data/v2-145439.png,sqrt,21
data/raw/hasyv2_download/hasy-data/v2-138678.png,infty,15
data/raw/hasyv2_download/hasy-data/v2-138017.png,infty,15
data/raw/hasyv2_download/hasy-data/v2-133179.png,lbracket,16
data/raw/hasyv2_download/hasy-data/v2-133300.png,lbracket,16
data/raw/hasyv2_download/hasy-data/v2-139440.png,infty,15
data/raw/hasyv2_download/hasy-data/v2-138904.png,infty,15
data/raw/hasyv2_download/hasy-data/v2-145610.png,sqrt,21
data/raw/hasyv2_download/hasy-data/v2-76003.png,times,22
data/raw/hasyv2_download/hasy-data/v2-06680.png,times,22
data/raw/hasyv2_download/hasy-data/v2-145283.png,sqrt,21
data/raw/hasyv2_download/hasy-data/v2-137910.png,infty,15
data/raw/hasyv2_download/hasy-data/v2-138515.png,infty,15
data/raw/hasyv2_download/hasy-data/v2-139217.png,infty,15
data/raw/hasyv2_download/hasy-data/v2-76801.png,times,22
data/raw/hasyv2_download/hasy-data/v2-145517.png,sqrt,21
data/raw/hasyv2_download/hasy-data/v2-139297.png,infty,15
data/raw/hasyv2_download/hasy-data/v2-66501.png,minus,18
data/raw/hasyv2_download/hasy-data/v2-76625.png,times,22
data/raw/hasyv2_download/hasy-data/v2-138468.png,infty,15
data/raw/hasyv2_download/hasy-data/v2-06653.png,times,22
data/raw/hasyv2_download/hasy-data/v2-76793.png,times,22
data/raw/hasyv2_download/hasy-data/v2-138877.png,infty,15
data/raw/hasyv2_download/hasy-data/v2-76310.png,times,22
data/raw/hasyv2_download/hasy-data/v2-76024.png,times,22
data/raw/hasyv2_download/hasy-data/v2-00428.png,8,8
data/raw/hasyv2_download/hasy-data/v2-132779.png,lbracket,16
data/raw/hasyv2_download/hasy-data/v2-138727.png,infty,15
data/raw/hasyv2_download/hasy-data/v2-30947.png,z,25
data/raw/hasyv2_download/hasy-data/v2-66648.png,plus,19
data/raw/hasyv2_download/hasy-data/v2-137954.png,infty,15
data/raw/hasyv2_download/hasy-data/v2-132957.png,lbracket,16
data/raw/hasyv2_download/hasy-data/v2-04960.png,gt,14
data/raw/hasyv2_download/hasy-data/v2-133513.png,rbracket,20
data/raw/hasyv2_download/hasy-data/v2-76677.png,times,22
data/raw/hasyv2_download/hasy-data/v2-137415.png,infty,15
data/raw/hasyv2_download/hasy-data/v2-145662.png,sqrt,21
data/raw/hasyv2_download/hasy-data/v2-20348.png,3,3
data/raw/hasyv2_download/hasy-data/v2-133530.png,rbracket,20
data/raw/hasyv2_download/hasy-data/v2-00421.png,7,7
data/raw/hasyv2_download/hasy-data/v2-139194.png,infty,15
data/raw/hasyv2_download/hasy-data/v2-145597.png,sqrt,21
data/raw/hasyv2_download/hasy-data/v2-20686.png,8,8
data/raw/hasyv2_download/hasy-data/v2-138492.png,infty,15
data/raw/hasyv2_download/hasy-data/v2-139050.png,infty,15
data/raw/hasyv2_download/hasy-data/v2-137585.png,infty,15
data/raw/hasyv2_download/hasy-data/v2-29793.png,c,12
data/raw/hasyv2_download/hasy-data/v2-139526.png,infty,15
data/raw/hasyv2_download/hasy-data/v2-137466.png,infty,15
data/raw/hasyv2_download/hasy-data/v2-20347.png,3,3
data/raw/hasyv2_download/hasy-data/v2-132608.png,lbracket,16
data/raw/hasyv2_download/hasy-data/v2-20712.png,8,8
data/raw/hasyv2_download/hasy-data/v2-137886.png,infty,15
data/raw/hasyv2_download/hasy-data/v2-145091.png,sqrt,21
data/raw/hasyv2_download/hasy-data/v2-133426.png,rbracket,20
data/raw/hasyv2_download/hasy-data/v2-132565.png,lbracket,16
data/raw/hasyv2_download/hasy-data/v2-145749.png,sqrt,21
data/raw/hasyv2_download/hasy-data/v2-138567.png,infty,15
data/raw/hasyv2_download/hasy-data/v2-137659.png,infty,15
data/raw/hasyv2_download/hasy-data/v2-19924.png,0,0
data/raw/hasyv2_download/hasy-data/v2-137680.png,infty,15
data/raw/hasyv2_download/hasy-data/v2-76860.png,times,22
data/raw/hasyv2_download/hasy-data/v2-138021.png,infty,15
data/raw/hasyv2_download/hasy-data/v2-76470.png,times,22
data/raw/hasyv2_download/hasy-data/v2-30897.png,y,24
data/raw/hasyv2_download/hasy-data/v2-138235.png,infty,15
data/raw/hasyv2_download/hasy-data/v2-139183.png,infty,15
data/raw/hasyv2_download/hasy-data/v2-06617.png,times,22
data/raw/hasyv2_download/hasy-data/v2-145539.png,sqrt,21
data/raw/hasyv2_download/hasy-data/v2-133138.png,lbracket,16
data/raw/hasyv2_download/hasy-data/v2-20236.png,2,2
data/raw/hasyv2_download/hasy-data/v2-145754.png,sqrt,21
data/raw/hasyv2_download/hasy-data/v2-30950.png,z,25
data/raw/hasyv2_download/hasy-data/v2-76678.png,times,22
data/raw/hasyv2_download/hasy-data/v2-138437.png,infty,15
data/raw/hasyv2_download/hasy-data/v2-75941.png,times,22
data/raw/hasyv2_download/hasy-data/v2-139535.png,infty,15
data/raw/hasyv2_download/hasy-data/v2-80368.png,div,13
data/raw/hasyv2_download/hasy-data/v2-76053.png,times,22
data/raw/hasyv2_download/hasy-data/v2-137697.png,infty,15
data/raw/hasyv2_download/hasy-data/v2-76527.png,times,22
data/raw/hasyv2_download/hasy-data/v2-145012.png,sqrt,21
data/raw/hasyv2_download/hasy-data/v2-137986.png,infty,15
data/raw/hasyv2_download/hasy-data/v2-66642.png,plus,19
data/raw/hasyv2_download/hasy-data/v2-20726.png,8,8
data/raw/hasyv2_download/hasy-data/v2-06673.png,times,22
data/raw/hasyv2_download/hasy-data/v2-13676.png,infty,15
data/raw/hasyv2_download/hasy-data/v2-13721.png,infty,15
data/raw/hasyv2_download/hasy-data/v2-138336.png,infty,15
data/raw/hasyv2_download/hasy-data/v2-139547.png,infty,15
data/raw/hasyv2_download/hasy-data/v2-137648.png,infty,15
data/raw/hasyv2_download/hasy-data/v2-75759.png,times,22
data/raw/hasyv2_download/hasy-data/v2-139175.png,infty,15
data/raw/hasyv2_download/hasy-data/v2-29800.png,c,12
data/raw/hasyv2_download/hasy-data/v2-137915.png,infty,15
data/raw/hasyv2_download/hasy-data/v2-76754.png,times,22
data/raw/hasyv2_download/hasy-data/v2-137408.png,infty,15
data/raw/hasyv2_download/hasy-data/v2-138608.png,infty,15
data/raw/hasyv2_download/hasy-data/v2-20519.png,6,6
data/raw/hasyv2_download/hasy-data/v2-137250.png,infty,15
data/raw/hasyv2_download/hasy-data/v2-138049.png,infty,15
data/raw/hasyv2_download/hasy-data/v2-61054.png,gt,14
data/raw/hasyv2_download/hasy-data/v2-139812.png,infty,15
data/raw/hasyv2_download/hasy-data/v2-76656.png,times,22
data/raw/hasyv2_download/hasy-data/v2-145609.png,sqrt,21
data/raw/hasyv2_download/hasy-data/v2-14438.png,sqrt,21
data/raw/hasyv2_download/hasy-data/v2-76383.png,times,22
data/raw/hasyv2_download/hasy-data/v2-133053.png,lbracket,16
data/raw/hasyv2_download/hasy-data/v2-145663.png,sqrt,21
data/raw/hasyv2_download/hasy-data/v2-76393.png,times,22
data/raw/hasyv2_download/hasy-data/v2-76006.png,times,22
data/raw/hasyv2_download/hasy-data/v2-137692.png,infty,15
data/raw/hasyv2_download/hasy-data/v2-137662.png,infty,15
data/raw/hasyv2_download/hasy-data/v2-20030.png,0,0
data/raw/hasyv2_download/hasy-data/v2-00392.png,3,3
data/raw/hasyv2_download/hasy-data/v2-139270.png,infty,15
data/raw/hasyv2_download/hasy-data/v2-30964.png,z,25
data/raw/hasyv2_download/hasy-data/v2-139033.png,infty,15
data/raw/hasyv2_download/hasy-data/v2-60982.png,lt,17
data/raw/hasyv2_download/hasy-data/v2-20291.png,3,3
data/raw/hasyv2_download/hasy-data/v2-80481.png,div,13
data/raw/hasyv2_download/hasy-data/v2-61043.png,lt,17
data/raw/hasyv2_download/hasy-data/v2-20550.png,6,6
data/raw/hasyv2_download/hasy-data/v2-138060.png,infty,15
data/raw/hasyv2_download/hasy-data/v2-137670.png,infty,15
data/raw/hasyv2_download/hasy-data/v2-13603.png,infty,15
data/raw/hasyv2_download/hasy-data/v2-137775.png,infty,15
data/raw/hasyv2_download/hasy-data/v2-00401.png,5,5
data/raw/hasyv2_download/hasy-data/v2-61004.png,lt,17
data/raw/hasyv2_download/hasy-data/v2-133010.png,lbracket,16
data/raw/hasyv2_download/hasy-data/v2-137791.png,infty,15
data/raw/hasyv2_download/hasy-data/v2-80252.png,div,13
data/raw/hasyv2_download/hasy-data/v2-139020.png,infty,15
data/raw/hasyv2_download/hasy-data/v2-137925.png,infty,15
data/raw/hasyv2_download/hasy-data/v2-30849.png,x,23
data/raw/hasyv2_download/hasy-data/v2-20424.png,5,5
data/raw/hasyv2_download/hasy-data/v2-75647.png,times,22
data/raw/hasyv2_download/hasy-data/v2-138380.png,infty,15
data/raw/hasyv2_download/hasy-data/v2-139601.png,infty,15
data/raw/hasyv2_download/hasy-data/v2-75785.png,times,22
data/raw/hasyv2_download/hasy-data/v2-06706.png,times,22
data/raw/hasyv2_download/hasy-data/v2-80290.png,div,13
data/raw/hasyv2_download/hasy-data/v2-138827.png,infty,15
data/raw/hasyv2_download/hasy-data/v2-20662.png,8,8
data/raw/hasyv2_download/hasy-data/v2-132829.png,lbracket,16
data/raw/hasyv2_download/hasy-data/v2-132909.png,lbracket,16
data/raw/hasyv2_download/hasy-data/v2-132813.png,lbracket,16
data/raw/hasyv2_download/hasy-data/v2-138304.png,infty,15
data/raw/hasyv2_download/hasy-data/v2-20459.png,5,5
data/raw/hasyv2_download/hasy-data/v2-00402.png,5,5
data/raw/hasyv2_download/hasy-data/v2-138861.png,infty,15
data/raw/hasyv2_download/hasy-data/v2-137396.png,infty,15
data/raw/hasyv2_download/hasy-data/v2-20049.png,1,1
data/raw/hasyv2_download/hasy-data/v2-19934.png,0,0
data/raw/hasyv2_download/hasy-data/v2-76049.png,times,22
data/raw/hasyv2_download/hasy-data/v2-138607.png,infty,15
data/raw/hasyv2_download/hasy-data/v2-76356.png,times,22
data/raw/hasyv2_download/hasy-data/v2-76369.png,times,22
data/raw/hasyv2_download/hasy-data/v2-20570.png,6,6
data/raw/hasyv2_download/hasy-data/v2-75700.png,times,22
data/raw/hasyv2_download/hasy-data/v2-20470.png,5,5
data/raw/hasyv2_download/hasy-data/v2-80461.png,div,13
data/raw/hasyv2_download/hasy-data/v2-14443.png,sqrt,21
data/raw/hasyv2_download/hasy-data/v2-132976.png,lbracket,16
data/raw/hasyv2_download/hasy-data/v2-132804.png,lbracket,16
data/raw/hasyv2_download/hasy-data/v2-137501.png,infty,15
data/raw/hasyv2_download/hasy-data/v2-138010.png,infty,15
data/raw/hasyv2_download/hasy-data/v2-29805.png,c,12
data/raw/hasyv2_download/hasy-data/v2-145745.png,sqrt,21
data/raw/hasyv2_download/hasy-data/v2-145140.png,sqrt,21
data/raw/hasyv2_download/hasy-data/v2-80395.png,div,13
data/raw/hasyv2_download/hasy-data/v2-00382.png,3,3
data/raw/hasyv2_download/hasy-data/v2-04965.png,gt,14
data/raw/hasyv2_download/hasy-data/v2-138990.png,infty,15
data/raw/hasyv2_download/hasy-data/v2-20520.png,6,6
data/raw/hasyv2_download/hasy-data/v2-138120.png,infty,15
data/raw/hasyv2_download/hasy-data/v2-66653.png,plus,19
data/raw/hasyv2_download/hasy-data/v2-139557.png,infty,15
data/raw/hasyv2_download/hasy-data/v2-132802.png,lbracket,16
data/raw/hasyv2_download/hasy-data/v2-75752.png,times,22
data/raw/hasyv2_download/hasy-data/v2-137383.png,infty,15
data/raw/hasyv2_download/hasy-data/v2-20277.png,3,3
data/raw/hasyv2_download/hasy-data/v2-80292.png,div,13
data/raw/hasyv2_download/hasy-data/v2-29816.png,c,12
data/raw/hasyv2_download/hasy-data/v2-145171.png,sqrt,21
data/raw/hasyv2_download/hasy-data/v2-145003.png,sqrt,21
data/raw/hasyv2_download/hasy-data/v2-133123.png,lbracket,16
data/raw/hasyv2_download/hasy-data/v2-145209.png,sqrt,21
data/raw/hasyv2_download/hasy-data/v2-13045.png,lbracket,16
data/raw/hasyv2_download/hasy-data/v2-138141.png,infty,15
data/raw/hasyv2_download/hasy-data/v2-29702.png,a,10
data/raw/hasyv2_download/hasy-data/v2-76672.png,times,22
data/raw/hasyv2_download/hasy-data/v2-145443.png,sqrt,21
data/raw/hasyv2_download/hasy-data/v2-138585.png,infty,15
data/raw/hasyv2_download/hasy-data/v2-00406.png,5,5
data/raw/hasyv2_download/hasy-data/v2-138895.png,infty,15
data/raw/hasyv2_download/hasy-data/v2-06647.png,times,22
data/raw/hasyv2_download/hasy-data/v2-133534.png,rbracket,20
data/raw/hasyv2_download/hasy-data/v2-145651.png,sqrt,21
data/raw/hasyv2_download/hasy-data/v2-139077.png,infty,15
data/raw/hasyv2_download/hasy-data/v2-29688.png,a,10
data/raw/hasyv2_download/hasy-data/v2-80189.png,div,13
data/raw/hasyv2_download/hasy-data/v2-145525.png,sqrt,21
data/raw/hasyv2_download/hasy-data/v2-20013.png,0,0
data/raw/hasyv2_download/hasy-data/v2-132801.png,lbracket,16
data/raw/hasyv2_download/hasy-data/v2-133395.png,rbracket,20
data/raw/hasyv2_download/hasy-data/v2-145547.png,sqrt,21
data/raw/hasyv2_download/hasy-data/v2-13670.png,infty,15
data/raw/hasyv2_download/hasy-data/v2-133210.png,lbracket,16
data/raw/hasyv2_download/hasy-data/v2-138151.png,infty,15
data/raw/hasyv2_download/hasy-data/v2-76683.png,times,22
data/raw/hasyv2_download/hasy-data/v2-20312.png,3,3
data/raw/hasyv2_download/hasy-data/v2-138734.png,infty,15
data/raw/hasyv2_download/hasy-data/v2-145269.png,sqrt,21
data/raw/hasyv2_download/hasy-data/v2-75984.png,times,22
data/raw/hasyv2_download/hasy-data/v2-132827.png,lbracket,16
data/raw/hasyv2_download/hasy-data/v2-139813.png,infty,15
data/raw/hasyv2_download/hasy-data/v2-75570.png,times,22
data/raw/hasyv2_download/hasy-data/v2-30890.png,y,24
data/raw/hasyv2_download/hasy-data/v2-137573.png,infty,15
data/raw/hasyv2_download/hasy-data/v2-75682.png,times,22
data/raw/hasyv2_download/hasy-data/v2-139689.png,infty,15
data/raw/hasyv2_download/hasy-data/v2-29768.png,c,12
data/raw/hasyv2_download/hasy-data/v2-20765.png,9,9
data/raw/hasyv2_download/hasy-data/v2-137401.png,infty,15
data/raw/hasyv2_download/hasy-data/v2-61047.png,gt,14
data/raw/hasyv2_download/hasy-data/v2-20274.png,3,3
data/raw/hasyv2_download/hasy-data/v2-75843.png,times,22
data/raw/hasyv2_download/hasy-data/v2-139668.png,infty,15
data/raw/hasyv2_download/hasy-data/v2-29738.png,b,11
data/raw/hasyv2_download/hasy-data/v2-80337.png,div,13
data/raw/hasyv2_download/hasy-data/v2-13848.png,infty,15
data/raw/hasyv2_download/hasy-data/v2-138733.png,infty,15
data/raw/hasyv2_download/hasy-data/v2-76730.png,times,22
data/raw/hasyv2_download/hasy-data/v2-60959.png,lt,17
data/raw/hasyv2_download/hasy-data/v2-132867.png,lbracket,16
data/raw/hasyv2_download/hasy-data/v2-20116.png,1,1
data/raw/hasyv2_download/hasy-data/v2-139344.png,infty,15
data/raw/hasyv2_download/hasy-data/v2-145262.png,sqrt,21
data/raw/hasyv2_download/hasy-data/v2-137263.png,infty,15
data/raw/hasyv2_download/hasy-data/v2-13044.png,lbracket,16
data/raw/hasyv2_download/hasy-data/v2-76593.png,times,22
data/raw/hasyv2_download/hasy-data/v2-133448.png,rbracket,20
data/raw/hasyv2_download/hasy-data/v2-145258.png,sqrt,21
data/raw/hasyv2_download/hasy-data/v2-145256.png,sqrt,21
data/raw/hasyv2_download/hasy-data/v2-66582.png,minus,18
data/raw/hasyv2_download/hasy-data/v2-06619.png,times,22
data/raw/hasyv2_download/hasy-data/v2-20134.png,1,1
data/raw/hasyv2_download/hasy-data/v2-132776.png,lbracket,16
data/raw/hasyv2_download/hasy-data/v2-138134.png,infty,15
data/raw/hasyv2_download/hasy-data/v2-138279.png,infty,15
data/raw/hasyv2_download/hasy-data/v2-133322.png,lbracket,16
data/raw/hasyv2_download/hasy-data/v2-60948.png,lt,17
data/raw/hasyv2_download/hasy-data/v2-13747.png,infty,15
data/raw/hasyv2_download/hasy-data/v2-139301.png,infty,15
data/raw/hasyv2_download/hasy-data/v2-20010.png,0,0
data/raw/hasyv2_download/hasy-data/v2-66666.png,plus,19
data/raw/hasyv2_download/hasy-data/v2-137748.png,infty,15
data/raw/hasyv2_download/hasy-data/v2-75975.png,times,22
data/raw/hasyv2_download/hasy-data/v2-75540.png,times,22
data/raw/hasyv2_download/hasy-data/v2-66555.png,minus,18
data/raw/hasyv2_download/hasy-data/v2-139056.png,infty,15
data/raw/hasyv2_download/hasy-data/v2-132537.png,lbracket,16
data/raw/hasyv2_download/hasy-data/v2-75696.png,times,22
data/raw/hasyv2_download/hasy-data/v2-30978.png,z,25
data/raw/hasyv2_download/hasy-data/v2-145353.png,sqrt,21
data/raw/hasyv2_download/hasy-data/v2-80216.png,div,13
data/raw/hasyv2_download/hasy-data/v2-14495.png,sqrt,21
data/raw/hasyv2_download/hasy-data/v2-139489.png,infty,15
data/raw/hasyv2_download/hasy-data/v2-20679.png,8,8
data/raw/hasyv2_download/hasy-data/v2-145320.png,sqrt,21
data/raw/hasyv2_download/hasy-data/v2-66525.png,minus,18
data/raw/hasyv2_download/hasy-data/v2-137561.png,infty,15
data/raw/hasyv2_download/hasy-data/v2-75895.png,times,22
data/raw/hasyv2_download/hasy-data/v2-75834.png,times,22
data/raw/hasyv2_download/hasy-data/v2-145486.png,sqrt,21
data/raw/hasyv2_download/hasy-data/v2-80342.png,div,13
data/raw/hasyv2_download/hasy-data/v2-20640.png,8,8
data/raw/hasyv2_download/hasy-data/v2-138436.png,infty,15
data/raw/hasyv2_download/hasy-data/v2-20170.png,2,2
data/raw/hasyv2_download/hasy-data/v2-19979.png,0,0
data/raw/hasyv2_download/hasy-data/v2-30903.png,y,24
data/raw/hasyv2_download/hasy-data/v2-138460.png,infty,15
data/raw/hasyv2_download/hasy-data/v2-133267.png,lbracket,16
data/raw/hasyv2_download/hasy-data/v2-75735.png,times,22
data/raw/hasyv2_download/hasy-data/v2-20009.png,0,0
data/raw/hasyv2_download/hasy-data/v2-76074.png,times,22
data/raw/hasyv2_download/hasy-data/v2-05580.png,plus,19
data/raw/hasyv2_download/hasy-data/v2-75795.png,times,22
data/raw/hasyv2_download/hasy-data/v2-20544.png,6,6
data/raw/hasyv2_download/hasy-data/v2-132571.png,lbracket,16
data/raw/hasyv2_download/hasy-data/v2-138485.png,infty,15
data/raw/hasyv2_download/hasy-data/v2-19939.png,0,0
data/raw/hasyv2_download/hasy-data/v2-76834.png,times,22
data/raw/hasyv2_download/hasy-data/v2-137761.png,infty,15
data/raw/hasyv2_download/hasy-data/v2-80210.png,div,13
data/raw/hasyv2_download/hasy-data/v2-138578.png,infty,15
data/raw/hasyv2_download/hasy-data/v2-20004.png,0,0
data/raw/hasyv2_download/hasy-data/v2-139736.png,infty,15
data/raw/hasyv2_download/hasy-data/v2-145683.png,sqrt,21
data/raw/hasyv2_download/hasy-data/v2-20612.png,7,7
data/raw/hasyv2_download/hasy-data/v2-80420.png,div,13
data/raw/hasyv2_download/hasy-data/v2-20526.png,6,6
data/raw/hasyv2_download/hasy-data/v2-132974.png,lbracket,16
data/raw/hasyv2_download/hasy-data/v2-132759.png,lbracket,16
data/raw/hasyv2_download/hasy-data/v2-139125.png,infty,15
data/raw/hasyv2_download/hasy-data/v2-139508.png,infty,15
data/raw/hasyv2_download/hasy-data/v2-76662.png,times,22
data/raw/hasyv2_download/hasy-data/v2-13632.png,infty,15
data/raw/hasyv2_download/hasy-data/v2-13817.png,infty,15
data/raw/hasyv2_download/hasy-data/v2-138540.png,infty,15
data/raw/hasyv2_download/hasy-data/v2-139116.png,infty,15
data/raw/hasyv2_download/hasy-data/v2-139867.png,infty,15
data/raw/hasyv2_download/hasy-data/v2-75893.png,times,22
data/raw/hasyv2_download/hasy-data/v2-137516.png,infty,15
data/raw/hasyv2_download/hasy-data/v2-06646.png,times,22
data/raw/hasyv2_download/hasy-data/v2-139863.png,infty,15
data/raw/hasyv2_download/hasy-data/v2-76742.png,times,22
data/raw/hasyv2_download/hasy-data/v2-138152.png,infty,15
data/raw/hasyv2_download/hasy-data/v2-75684.png,times,22
data/raw/hasyv2_download/hasy-data/v2-133425.png,rbracket,20
data/raw/hasyv2_download/hasy-data/v2-139456.png,infty,15
data/raw/hasyv2_download/hasy-data/v2-76698.png,times,22
data/raw/hasyv2_download/hasy-data/v2-76165.png,times,22
data/raw/hasyv2_download/hasy-data/v2-76673.png,times,22
data/raw/hasyv2_download/hasy-data/v2-137508.png,infty,15
data/raw/hasyv2_download/hasy-data/v2-76402.png,times,22
data/raw/hasyv2_download/hasy-data/v2-138294.png,infty,15
data/raw/hasyv2_download/hasy-data/v2-20485.png,6,6
data/raw/hasyv2_download/hasy-data/v2-139774.png,infty,15
data/raw/hasyv2_download/hasy-data/v2-139259.png,infty,15
data/raw/hasyv2_download/hasy-data/v2-133363.png,rbracket,20
data/raw/hasyv2_download/hasy-data/v2-133419.png,rbracket,20
data/raw/hasyv2_download/hasy-data/v2-137696.png,infty,15
data/raw/hasyv2_download/hasy-data/v2-133486.png,rbracket,20
data/raw/hasyv2_download/hasy-data/v2-20038.png,1,1
data/raw/hasyv2_download/hasy-data/v2-80260.png,div,13
data/raw/hasyv2_download/hasy-data/v2-76154.png,times,22
data/raw/hasyv2_download/hasy-data/v2-138308.png,infty,15
data/raw/hasyv2_download/hasy-data/v2-75786.png,times,22
data/raw/hasyv2_download/hasy-data/v2-132938.png,lbracket,16
data/raw/hasyv2_download/hasy-data/v2-138211.png,infty,15
data/raw/hasyv2_download/hasy-data/v2-29651.png,a,10
data/raw/hasyv2_download/hasy-data/v2-76598.png,times,22
data/raw/hasyv2_download/hasy-data/v2-20492.png,6,6
data/raw/hasyv2_download/hasy-data/v2-20675.png,8,8
data/raw/hasyv2_download/hasy-data/v2-80289.png,div,13
data/raw/hasyv2_download/hasy-data/v2-75749.png,times,22
data/raw/hasyv2_download/hasy-data/v2-14475.png,sqrt,21
data/raw/hasyv2_download/hasy-data/v2-138446.png,infty,15
data/raw/hasyv2_download/hasy-data/v2-145445.png,sqrt,21
data/raw/hasyv2_download/hasy-data/v2-20298.png,3,3
data/raw/hasyv2_download/hasy-data/v2-76329.png,times,22
data/raw/hasyv2_download/hasy-data/v2-133206.png,lbracket,16
data/raw/hasyv2_download/hasy-data/v2-20283.png,3,3
data/raw/hasyv2_download/hasy-data/v2-137703.png,infty,15
data/raw/hasyv2_download/hasy-data/v2-13585.png,infty,15
data/raw/hasyv2_download/hasy-data/v2-20309.png,3,3
data/raw/hasyv2_download/hasy-data/v2-66647.png,plus,19
data/raw/hasyv2_download/hasy-data/v2-137755.png,infty,15
data/raw/hasyv2_download/hasy-data/v2-138319.png,infty,15
data/raw/hasyv2_download/hasy-data/v2-133273.png,lbracket,16
data/raw/hasyv2_download/hasy-data/v2-139309.png,infty,15
data/raw/hasyv2_download/hasy-data/v2-01581.png,x,23
data/raw/hasyv2_download/hasy-data/v2-139539.png,infty,15
data/raw/hasyv2_download/hasy-data/v2-138448.png,infty,15
data/raw/hasyv2_download/hasy-data/v2-133310.png,lbracket,16
data/raw/hasyv2_download/hasy-data/v2-29776.png,c,12
data/raw/hasyv2_download/hasy-data/v2-132604.png,lbracket,16
data/raw/hasyv2_download/hasy-data/v2-138402.png,infty,15
data/raw/hasyv2_download/hasy-data/v2-132914.png,lbracket,16
data/raw/hasyv2_download/hasy-data/v2-66556.png,minus,18
data/raw/hasyv2_download/hasy-data/v2-75791.png,times,22
data/raw/hasyv2_download/hasy-data/v2-138536.png,infty,15
data/raw/hasyv2_download/hasy-data/v2-133163.png,lbracket,16
data/raw/hasyv2_download/hasy-data/v2-132851.png,lbracket,16
data/raw/hasyv2_download/hasy-data/v2-138358.png,infty,15
data/raw/hasyv2_download/hasy-data/v2-29649.png,a,10
data/raw/hasyv2_download/hasy-data/v2-20766.png,9,9
data/raw/hasyv2_download/hasy-data/v2-76056.png,times,22
data/raw/hasyv2_download/hasy-data/v2-139007.png,infty,15
data/raw/hasyv2_download/hasy-data/v2-00427.png,7,7
data/raw/hasyv2_download/hasy-data/v2-61056.png,gt,14
data/raw/hasyv2_download/hasy-data/v2-76144.png,times,22
data/raw/hasyv2_download/hasy-data/v2-138532.png,infty,15
data/raw/hasyv2_download/hasy-data/v2-66596.png,plus,19
data/raw/hasyv2_download/hasy-data/v2-145131.png,sqrt,21
data/raw/hasyv2_download/hasy-data/v2-139244.png,infty,15
data/raw/hasyv2_download/hasy-data/v2-76446.png,times,22
data/raw/hasyv2_download/hasy-data/v2-76173.png,times,22
data/raw/hasyv2_download/hasy-data/v2-13815.png,infty,15
data/raw/hasyv2_download/hasy-data/v2-139653.png,infty,15
data/raw/hasyv2_download/hasy-data/v2-20354.png,3,3
data/raw/hasyv2_download/hasy-data/v2-145541.png,sqrt,21
data/raw/hasyv2_download/hasy-data/v2-137774.png,infty,15
data/raw/hasyv2_download/hasy-data/v2-20008.png,0,0
data/raw/hasyv2_download/hasy-data/v2-138215.png,infty,15
data/raw/hasyv2_download/hasy-data/v2-76070.png,times,22
data/raw/hasyv2_download/hasy-data/v2-76098.png,times,22
data/raw/hasyv2_download/hasy-data/v2-75801.png,times,22
data/raw/hasyv2_download/hasy-data/v2-20206.png,2,2
data/raw/hasyv2_download/hasy-data/v2-137772.png,infty,15
data/raw/hasyv2_download/hasy-data/v2-145478.png,sqrt,21
data/raw/hasyv2_download/hasy-data/v2-133429.png,rbracket,20
data/raw/hasyv2_download/hasy-data/v2-137811.png,infty,15
data/raw/hasyv2_download/hasy-data/v2-137953.png,infty,15
data/raw/hasyv2_download/hasy-data/v2-20319.png,3,3
data/raw/hasyv2_download/hasy-data/v2-133067.png,lbracket,16
data/raw/hasyv2_download/hasy-data/v2-13657.png,infty,15
data/raw/hasyv2_download/hasy-data/v2-138820.png,infty,15
data/raw/hasyv2_download/hasy-data/v2-30910.png,y,24
data/raw/hasyv2_download/hasy-data/v2-132568.png,lbracket,16
data/raw/hasyv2_download/hasy-data/v2-132703.png,lbracket,16
data/raw/hasyv2_download/hasy-data/v2-75559.png,times,22
data/raw/hasyv2_download/hasy-data/v2-61118.png,gt,14
data/raw/hasyv2_download/hasy-data/v2-133252.png,lbracket,16
data/raw/hasyv2_download/hasy-data/v2-20163.png,2,2
data/raw/hasyv2_download/hasy-data/v2-137421.png,infty,15
data/raw/hasyv2_download/hasy-data/v2-66662.png,plus,19
data/raw/hasyv2_download/hasy-data/v2-138859.png,infty,15
data/raw/hasyv2_download/hasy-data/v2-29641.png,a,10
data/raw/hasyv2_download/hasy-data/v2-145306.png,sqrt,21
data/raw/hasyv2_download/hasy-data/v2-76065.png,times,22
data/raw/hasyv2_download/hasy-data/v2-76726.png,times,22
data/raw/hasyv2_download/hasy-data/v2-132886.png,lbracket,16
data/raw/hasyv2_download/hasy-data/v2-138416.png,infty,15
data/raw/hasyv2_download/hasy-data/v2-13114.png,lbracket,16
data/raw/hasyv2_download/hasy-data/v2-76699.png,times,22
data/raw/hasyv2_download/hasy-data/v2-20554.png,6,6
data/raw/hasyv2_download/hasy-data/v2-19977.png,0,0
data/raw/hasyv2_download/hasy-data/v2-76412.png,times,22
data/raw/hasyv2_download/hasy-data/v2-137722.png,infty,15
data/raw/hasyv2_download/hasy-data/v2-138801.png,infty,15
data/raw/hasyv2_download/hasy-data/v2-145613.png,sqrt,21
data/raw/hasyv2_download/hasy-data/v2-133519.png,rbracket,20
data/raw/hasyv2_download/hasy-data/v2-145194.png,sqrt,21
data/raw/hasyv2_download/hasy-data/v2-29660.png,a,10
data/raw/hasyv2_download/hasy-data/v2-145153.png,sqrt,21
data/raw/hasyv2_download/hasy-data/v2-145487.png,sqrt,21
data/raw/hasyv2_download/hasy-data/v2-138360.png,infty,15
data/raw/hasyv2_download/hasy-data/v2-145305.png,sqrt,21
data/raw/hasyv2_download/hasy-data/v2-20189.png,2,2
data/raw/hasyv2_download/hasy-data/v2-14424.png,sqrt,21
data/raw/hasyv2_download/hasy-data/v2-76572.png,times,22
data/raw/hasyv2_download/hasy-data/v2-20495.png,6,6
data/raw/hasyv2_download/hasy-data/v2-76830.png,times,22
data/raw/hasyv2_download/hasy-data/v2-75590.png,times,22
data/raw/hasyv2_download/hasy-data/v2-00364.png,1,1
data/raw/hasyv2_download/hasy-data/v2-145664.png,sqrt,21
data/raw/hasyv2_download/hasy-data/v2-145560.png,sqrt,21
data/raw/hasyv2_download/hasy-data/v2-20239.png,2,2
data/raw/hasyv2_download/hasy-data/v2-30967.png,z,25
data/raw/hasyv2_download/hasy-data/v2-20657.png,8,8
data/raw/hasyv2_download/hasy-data/v2-145058.png,sqrt,21
data/raw/hasyv2_download/hasy-data/v2-20400.png,4,4
data/raw/hasyv2_download/hasy-data/v2-75644.png,times,22
data/raw/hasyv2_download/hasy-data/v2-76580.png,times,22
data/raw/hasyv2_download/hasy-data/v2-139451.png,infty,15
data/raw/hasyv2_download/hasy-data/v2-20760.png,9,9
data/raw/hasyv2_download/hasy-data/v2-139172.png,infty,15
data/raw/hasyv2_download/hasy-data/v2-13764.png,infty,15
data/raw/hasyv2_download/hasy-data/v2-139135.png,infty,15
data/raw/hasyv2_download/hasy-data/v2-76567.png,times,22
data/raw/hasyv2_download/hasy-data/v2-139412.png,infty,15
data/raw/hasyv2_download/hasy-data/v2-80224.png,div,13
data/raw/hasyv2_download/hasy-data/v2-20558.png,6,6
data/raw/hasyv2_download/hasy-data/v2-20076.png,1,1
data/raw/hasyv2_download/hasy-data/v2-20088.png,1,1
data/raw/hasyv2_download/hasy-data/v2-145770.png,sqrt,21
data/raw/hasyv2_download/hasy-data/v2-138972.png,infty,15
data/raw/hasyv2_download/hasy-data/v2-139622.png,infty,15
data/raw/hasyv2_download/hasy-data/v2-75923.png,times,22
data/raw/hasyv2_download/hasy-data/v2-07115.png,div,13
data/raw/hasyv2_download/hasy-data/v2-75525.png,times,22
data/raw/hasyv2_download/hasy-data/v2-145798.png,sqrt,21
data/raw/hasyv2_download/hasy-data/v2-137884.png,infty,15
data/raw/hasyv2_download/hasy-data/v2-76616.png,times,22
data/raw/hasyv2_download/hasy-data/v2-137690.png,infty,15
data/raw/hasyv2_download/hasy-data/v2-138751.png,infty,15
data/raw/hasyv2_download/hasy-data/v2-145177.png,sqrt,21
data/raw/hasyv2_download/hasy-data/v2-76156.png,times,22
data/raw/hasyv2_download/hasy-data/v2-80426.png,div,13
data/raw/hasyv2_download/hasy-data/v2-20478.png,5,5
data/raw/hasyv2_download/hasy-data/v2-138359.png,infty,15
data/raw/hasyv2_download/hasy-data/v2-00407.png,5,5
data/raw/hasyv2_download/hasy-data/v2-145098.png,sqrt,21
data/raw/hasyv2_download/hasy-data/v2-80202.png,div,13
data/raw/hasyv2_download/hasy-data/v2-75755.png,times,22
data/raw/hasyv2_download/hasy-data/v2-145118.png,sqrt,21
data/raw/hasyv2_download/hasy-data/v2-00413.png,6,6
data/raw/hasyv2_download/hasy-data/v2-132672.png,lbracket,16
data/raw/hasyv2_download/hasy-data/v2-133064.png,lbracket,16
data/raw/hasyv2_download/hasy-data/v2-145324.png,sqrt,21
data/raw/hasyv2_download/hasy-data/v2-29695.png,a,10
data/raw/hasyv2_download/hasy-data/v2-76035.png,times,22
data/raw/hasyv2_download/hasy-data/v2-138236.png,infty,15
data/raw/hasyv2_download/hasy-data/v2-138061.png,infty,15
data/raw/hasyv2_download/hasy-data/v2-145205.png,sqrt,21
data/raw/hasyv2_download/hasy-data/v2-66574.png,minus,18
data/raw/hasyv2_download/hasy-data/v2-80288.png,div,13
data/raw/hasyv2_download/hasy-data/v2-76610.png,times,22
data/raw/hasyv2_download/hasy-data/v2-139496.png,infty,15
data/raw/hasyv2_download/hasy-data/v2-139128.png,infty,15
data/raw/hasyv2_download/hasy-data/v2-76037.png,times,22
data/raw/hasyv2_download/hasy-data/v2-20180.png,2,2
data/raw/hasyv2_download/hasy-data/v2-20619.png,7,7
data/raw/hasyv2_download/hasy-data/v2-145581.png,sqrt,21
data/raw/hasyv2_download/hasy-data/v2-20650.png,8,8
data/raw/hasyv2_download/hasy-data/v2-13743.png,infty,15
data/raw/hasyv2_download/hasy-data/v2-13604.png,infty,15
data/raw/hasyv2_download/hasy-data/v2-138009.png,infty,15
data/raw/hasyv2_download/hasy-data/v2-139036.png,infty,15
data/raw/hasyv2_download/hasy-data/v2-76242.png,times,22
data/raw/hasyv2_download/hasy-data/v2-139655.png,infty,15
data/raw/hasyv2_download/hasy-data/v2-13610.png,infty,15
data/raw/hasyv2_download/hasy-data/v2-13649.png,infty,15
data/raw/hasyv2_download/hasy-data/v2-20232.png,2,2
data/raw/hasyv2_download/hasy-data/v2-76503.png,times,22
data/raw/hasyv2_download/hasy-data/v2-20292.png,3,3
data/raw/hasyv2_download/hasy-data/v2-139153.png,infty,15
data/raw/hasyv2_download/hasy-data/v2-139203.png,infty,15
data/raw/hasyv2_download/hasy-data/v2-01592.png,z,25
data/raw/hasyv2_download/hasy-data/v2-20306.png,3,3
data/raw/hasyv2_download/hasy-data/v2-60986.png,lt,17
data/raw/hasyv2_download/hasy-data/v2-137475.png,infty,15
data/raw/hasyv2_download/hasy-data/v2-13835.png,infty,15
data/raw/hasyv2_download/hasy-data/v2-14446.png,sqrt,21
data/raw/hasyv2_download/hasy-data/v2-132721.png,lbracket,16
data/raw/hasyv2_download/hasy-data/v2-137339.png,infty,15
data/raw/hasyv2_download/hasy-data/v2-145602.png,sqrt,21
data/raw/hasyv2_download/hasy-data/v2-139679.png,infty,15
data/raw/hasyv2_download/hasy-data/v2-138459.png,infty,15
data/raw/hasyv2_download/hasy-data/v2-138804.png,infty,15
data/raw/hasyv2_download/hasy-data/v2-145488.png,sqrt,21
data/raw/hasyv2_download/hasy-data/v2-139606.png,infty,15
data/raw/hasyv2_download/hasy-data/v2-04963.png,gt,14
data/raw/hasyv2_download/hasy-data/v2-76855.png,times,22
data/raw/hasyv2_download/hasy-data/v2-133044.png,lbracket,16
data/raw/hasyv2_download/hasy-data/v2-137340.png,infty,15
data/raw/hasyv2_download/hasy-data/v2-137933.png,infty,15
data/raw/hasyv2_download/hasy-data/v2-137793.png,infty,15
data/raw/hasyv2_download/hasy-data/v2-75937.png,times,22
data/raw/hasyv2_download/hasy-data/v2-19914.png,0,0
data/raw/hasyv2_download/hasy-data/v2-30955.png,z,25
data/raw/hasyv2_download/hasy-data/v2-145524.png,sqrt,21
data/raw/hasyv2_download/hasy-data/v2-20110.png,1,1
data/raw/hasyv2_download/hasy-data/v2-29798.png,c,12
data/raw/hasyv2_download/hasy-data/v2-01448.png,b,11
data/raw/hasyv2_download/hasy-data/v2-29707.png,a,10
data/raw/hasyv2_download/hasy-data/v2-20472.png,5,5
data/raw/hasyv2_download/hasy-data/v2-139210.png,infty,15
data/raw/hasyv2_download/hasy-data/v2-75628.png,times,22
data/raw/hasyv2_download/hasy-data/v2-75803.png,times,22
data/raw/hasyv2_download/hasy-data/v2-132725.png,lbracket,16
data/raw/hasyv2_download/hasy-data/v2-138247.png,infty,15
data/raw/hasyv2_download/hasy-data/v2-137745.png,infty,15
data/raw/hasyv2_download/hasy-data/v2-145031.png,sqrt,21
data/raw/hasyv2_download/hasy-data/v2-138511.png,infty,15
data/raw/hasyv2_download/hasy-data/v2-76795.png,times,22
data/raw/hasyv2_download/hasy-data/v2-137937.png,infty,15
data/raw/hasyv2_download/hasy-data/v2-30958.png,z,25
data/raw/hasyv2_download/hasy-data/v2-138554.png,infty,15
data/raw/hasyv2_download/hasy-data/v2-139241.png,infty,15
data/raw/hasyv2_download/hasy-data/v2-30945.png,z,25
data/raw/hasyv2_download/hasy-data/v2-138741.png,infty,15
data/raw/hasyv2_download/hasy-data/v2-76825.png,times,22
data/raw/hasyv2_download/hasy-data/v2-145297.png,sqrt,21
data/raw/hasyv2_download/hasy-data/v2-20462.png,5,5
data/raw/hasyv2_download/hasy-data/v2-132916.png,lbracket,16
data/raw/hasyv2_download/hasy-data/v2-14471.png,sqrt,21
data/raw/hasyv2_download/hasy-data/v2-66561.png,minus,18
data/raw/hasyv2_download/hasy-data/v2-75528.png,times,22
data/raw/hasyv2_download/hasy-data/v2-75853.png,times,22
data/raw/hasyv2_download/hasy-data/v2-76863.png,times,22
data/raw/hasyv2_download/hasy-data/v2-132816.png,lbracket,16
data/raw/hasyv2_download/hasy-data/v2-76073.png,times,22
data/raw/hasyv2_download/hasy-data/v2-145251.png,sqrt,21
data/raw/hasyv2_download/hasy-data/v2-145115.png,sqrt,21
data/raw/hasyv2_download/hasy-data/v2-138284.png,infty,15
data/raw/hasyv2_download/hasy-data/v2-133434.png,rbracket,20
data/raw/hasyv2_download/hasy-data/v2-14481.png,sqrt,21
data/raw/hasyv2_download/hasy-data/v2-61059.png,gt,14
data/raw/hasyv2_download/hasy-data/v2-132880.png,lbracket,16
data/raw/hasyv2_download/hasy-data/v2-00355.png,0,0
data/raw/hasyv2_download/hasy-data/v2-138000.png,infty,15
data/raw/hasyv2_download/hasy-data/v2-30936.png,z,25
data/raw/hasyv2_download/hasy-data/v2-75534.png,times,22
data/raw/hasyv2_download/hasy-data/v2-138126.png,infty,15
data/raw/hasyv2_download/hasy-data/v2-138302.png,infty,15
data/raw/hasyv2_download/hasy-data/v2-76050.png,times,22
data/raw/hasyv2_download/hasy-data/v2-137523.png,infty,15
data/raw/hasyv2_download/hasy-data/v2-06615.png,times,22
data/raw/hasyv2_download/hasy-data/v2-75751.png,times,22
data/raw/hasyv2_download/hasy-data/v2-76219.png,times,22
data/raw/hasyv2_download/hasy-data/v2-145787.png,sqrt,21
data/raw/hasyv2_download/hasy-data/v2-139011.png,infty,15
data/raw/hasyv2_download/hasy-data/v2-145666.png,sqrt,21
data/raw/hasyv2_download/hasy-data/v2-76723.png,times,22
data/raw/hasyv2_download/hasy-data/v2-133459.png,rbracket,20
data/raw/hasyv2_download/hasy-data/v2-133536.png,rbracket,20
data/raw/hasyv2_download/hasy-data/v2-132682.png,lbracket,16
data/raw/hasyv2_download/hasy-data/v2-75667.png,times,22
data/raw/hasyv2_download/hasy-data/v2-13140.png,rbracket,20
data/raw/hasyv2_download/hasy-data/v2-132591.png,lbracket,16
data/raw/hasyv2_download/hasy-data/v2-20135.png,1,1
data/raw/hasyv2_download/hasy-data/v2-19921.png,0,0
data/raw/hasyv2_download/hasy-data/v2-00349.png,0,0
data/raw/hasyv2_download/hasy-data/v2-30970.png,z,25
data/raw/hasyv2_download/hasy-data/v2-138155.png,infty,15
data/raw/hasyv2_download/hasy-data/v2-138610.png,infty,15
data/raw/hasyv2_download/hasy-data/v2-138641.png,infty,15
data/raw/hasyv2_download/hasy-data/v2-139104.png,infty,15
data/raw/hasyv2_download/hasy-data/v2-30939.png,z,25
data/raw/hasyv2_download/hasy-data/v2-139578.png,infty,15
data/raw/hasyv2_download/hasy-data/v2-145274.png,sqrt,21
data/raw/hasyv2_download/hasy-data/v2-133572.png,rbracket,20
data/raw/hasyv2_download/hasy-data/v2-76774.png,times,22
data/raw/hasyv2_download/hasy-data/v2-132915.png,lbracket,16
data/raw/hasyv2_download/hasy-data/v2-19942.png,0,0
data/raw/hasyv2_download/hasy-data/v2-137892.png,infty,15
data/raw/hasyv2_download/hasy-data/v2-66563.png,minus,18
data/raw/hasyv2_download/hasy-data/v2-139269.png,infty,15
data/raw/hasyv2_download/hasy-data/v2-133114.png,lbracket,16
data/raw/hasyv2_download/hasy-data/v2-139590.png,infty,15
data/raw/hasyv2_download/hasy-data/v2-20473.png,5,5
data/raw/hasyv2_download/hasy-data/v2-13716.png,infty,15
data/raw/hasyv2_download/hasy-data/v2-76789.png,times,22
data/raw/hasyv2_download/hasy-data/v2-139424.png,infty,15
data/raw/hasyv2_download/hasy-data/v2-76520.png,times,22
data/raw/hasyv2_download/hasy-data/v2-137255.png,infty,15
data/raw/hasyv2_download/hasy-data/v2-138490.png,infty,15
data/raw/hasyv2_download/hasy-data/v2-80351.png,div,13
data/raw/hasyv2_download/hasy-data/v2-20454.png,5,5
data/raw/hasyv2_download/hasy-data/v2-29796.png,c,12
data/raw/hasyv2_download/hasy-data/v2-75676.png,times,22
data/raw/hasyv2_download/hasy-data/v2-139407.png,infty,15
data/raw/hasyv2_download/hasy-data/v2-76686.png,times,22
data/raw/hasyv2_download/hasy-data/v2-20729.png,8,8
data/raw/hasyv2_download/hasy-data/v2-133398.png,rbracket,20
data/raw/hasyv2_download/hasy-data/v2-20817.png,9,9
data/raw/hasyv2_download/hasy-data/v2-75809.png,times,22
data/raw/hasyv2_download/hasy-data/v2-133298.png,lbracket,16
data/raw/hasyv2_download/hasy-data/v2-76646.png,times,22
data/raw/hasyv2_download/hasy-data/v2-29666.png,a,10
data/raw/hasyv2_download/hasy-data/v2-132809.png,lbracket,16
data/raw/hasyv2_download/hasy-data/v2-145193.png,sqrt,21
data/raw/hasyv2_download/hasy-data/v2-29744.png,b,11
data/raw/hasyv2_download/hasy-data/v2-76078.png,times,22
data/raw/hasyv2_download/hasy-data/v2-145466.png,sqrt,21
data/raw/hasyv2_download/hasy-data/v2-20431.png,5,5
data/raw/hasyv2_download/hasy-data/v2-133389.png,rbracket,20
data/raw/hasyv2_download/hasy-data/v2-20311.png,3,3
data/raw/hasyv2_download/hasy-data/v2-139271.png,infty,15
data/raw/hasyv2_download/hasy-data/v2-132573.png,lbracket,16
data/raw/hasyv2_download/hasy-data/v2-76019.png,times,22
data/raw/hasyv2_download/hasy-data/v2-20591.png,7,7
data/raw/hasyv2_download/hasy-data/v2-139649.png,infty,15
data/raw/hasyv2_download/hasy-data/v2-20140.png,2,2
data/raw/hasyv2_download/hasy-data/v2-139032.png,infty,15
data/raw/hasyv2_download/hasy-data/v2-138074.png,infty,15
data/raw/hasyv2_download/hasy-data/v2-145006.png,sqrt,21
data/raw/hasyv2_download/hasy-data/v2-20598.png,7,7
data/raw/hasyv2_download/hasy-data/v2-00434.png,8,8
data/raw/hasyv2_download/hasy-data/v2-14442.png,sqrt,21
data/raw/hasyv2_download/hasy-data/v2-139282.png,infty,15
data/raw/hasyv2_download/hasy-data/v2-139455.png,infty,15
data/raw/hasyv2_download/hasy-data/v2-139371.png,infty,15
data/raw/hasyv2_download/hasy-data/v2-145595.png,sqrt,21
data/raw/hasyv2_download/hasy-data/v2-138472.png,infty,15
data/raw/hasyv2_download/hasy-data/v2-139062.png,infty,15
data/raw/hasyv2_download/hasy-data/v2-145059.png,sqrt,21
data/raw/hasyv2_download/hasy-data/v2-133130.png,lbracket,16
data/raw/hasyv2_download/hasy-data/v2-20432.png,5,5
data/raw/hasyv2_download/hasy-data/v2-145250.png,sqrt,21
data/raw/hasyv2_download/hasy-data/v2-145434.png,sqrt,21
data/raw/hasyv2_download/hasy-data/v2-138479.png,infty,15
data/raw/hasyv2_download/hasy-data/v2-139327.png,infty,15
data/raw/hasyv2_download/hasy-data/v2-76786.png,times,22
data/raw/hasyv2_download/hasy-data/v2-20231.png,2,2
data/raw/hasyv2_download/hasy-data/v2-76632.png,times,22
data/raw/hasyv2_download/hasy-data/v2-133018.png,lbracket,16
data/raw/hasyv2_download/hasy-data/v2-76076.png,times,22
data/raw/hasyv2_download/hasy-data/v2-145312.png,sqrt,21
data/raw/hasyv2_download/hasy-data/v2-132535.png,lbracket,16
data/raw/hasyv2_download/hasy-data/v2-76485.png,times,22
data/raw/hasyv2_download/hasy-data/v2-138539.png,infty,15
data/raw/hasyv2_download/hasy-data/v2-61072.png,gt,14
data/raw/hasyv2_download/hasy-data/v2-29708.png,b,11
data/raw/hasyv2_download/hasy-data/v2-139657.png,infty,15
data/raw/hasyv2_download/hasy-data/v2-75693.png,times,22
data/raw/hasyv2_download/hasy-data/v2-139286.png,infty,15
data/raw/hasyv2_download/hasy-data/v2-76200.png,times,22
data/raw/hasyv2_download/hasy-data/v2-138512.png,infty,15
data/raw/hasyv2_download/hasy-data/v2-30853.png,x,23
data/raw/hasyv2_download/hasy-data/v2-133237.png,lbracket,16
data/raw/hasyv2_download/hasy-data/v2-133422.png,rbracket,20
data/raw/hasyv2_download/hasy-data/v2-137679.png,infty,15
data/raw/hasyv2_download/hasy-data/v2-76415.png,times,22
data/raw/hasyv2_download/hasy-data/v2-75717.png,times,22
data/raw/hasyv2_download/hasy-data/v2-132711.png,lbracket,16
data/raw/hasyv2_download/hasy-data/v2-80333.png,div,13
data/raw/hasyv2_download/hasy-data/v2-132910.png,lbracket,16
data/raw/hasyv2_download/hasy-data/v2-138147.png,infty,15
data/raw/hasyv2_download/hasy-data/v2-20639.png,8,8
data/raw/hasyv2_download/hasy-data/v2-61021.png,lt,17
data/raw/hasyv2_download/hasy-data/v2-138303.png,infty,15
data/raw/hasyv2_download/hasy-data/v2-20568.png,6,6
data/raw/hasyv2_download/hasy-data/v2-75907.png,times,22
data/raw/hasyv2_download/hasy-data/v2-76399.png,times,22
data/raw/hasyv2_download/hasy-data/v2-138645.png,infty,15
data/raw/hasyv2_download/hasy-data/v2-145686.png,sqrt,21
data/raw/hasyv2_download/hasy-data/v2-13103.png,lbracket,16
data/raw/hasyv2_download/hasy-data/v2-138623.png,infty,15
data/raw/hasyv2_download/hasy-data/v2-145359.png,sqrt,21
data/raw/hasyv2_download/hasy-data/v2-139480.png,infty,15
data/raw/hasyv2_download/hasy-data/v2-133128.png,lbracket,16
data/raw/hasyv2_download/hasy-data/v2-75533.png,times,22
data/raw/hasyv2_download/hasy-data/v2-29720.png,b,11
data/raw/hasyv2_download/hasy-data/v2-132618.png,lbracket,16
data/raw/hasyv2_download/hasy-data/v2-137728.png,infty,15
data/raw/hasyv2_download/hasy-data/v2-20605.png,7,7
data/raw/hasyv2_download/hasy-data/v2-20751.png,9,9
data/raw/hasyv2_download/hasy-data/v2-61133.png,gt,14
data/raw/hasyv2_download/hasy-data/v2-137459.png,infty,15
data/raw/hasyv2_download/hasy-data/v2-132527.png,lbracket,16
data/raw/hasyv2_download/hasy-data/v2-29648.png,a,10
data/raw/hasyv2_download/hasy-data/v2-133399.png,rbracket,20
data/raw/hasyv2_download/hasy-data/v2-75673.png,times,22
data/raw/hasyv2_download/hasy-data/v2-66488.png,minus,18
data/raw/hasyv2_download/hasy-data/v2-133440.png,rbracket,20
data/raw/hasyv2_download/hasy-data/v2-144938.png,sqrt,21
data/raw/hasyv2_download/hasy-data/v2-75546.png,times,22
data/raw/hasyv2_download/hasy-data/v2-13792.png,infty,15
data/raw/hasyv2_download/hasy-data/v2-138160.png,infty,15
data/raw/hasyv2_download/hasy-data/v2-138673.png,infty,15
data/raw/hasyv2_download/hasy-data/v2-137612.png,infty,15
data/raw/hasyv2_download/hasy-data/v2-29769.png,c,12
data/raw/hasyv2_download/hasy-data/v2-76279.png,times,22
data/raw/hasyv2_download/hasy-data/v2-20613.png,7,7
data/raw/hasyv2_download/hasy-data/v2-05577.png,minus,18
data/raw/hasyv2_download/hasy-data/v2-76332.png,times,22
data/raw/hasyv2_download/hasy-data/v2-138765.png,infty,15
data/raw/hasyv2_download/hasy-data/v2-139245.png,infty,15
data/raw/hasyv2_download/hasy-data/v2-132681.png,lbracket,16
data/raw/hasyv2_download/hasy-data/v2-138036.png,infty,15
data/raw/hasyv2_download/hasy-data/v2-07126.png,div,13
data/raw/hasyv2_download/hasy-data/v2-29680.png,a,10
data/raw/hasyv2_download/hasy-data/v2-76307.png,times,22
data/raw/hasyv2_download/hasy-data/v2-145036.png,sqrt,21
data/raw/hasyv2_download/hasy-data/v2-132675.png,lbracket,16
data/raw/hasyv2_download/hasy-data/v2-20456.png,5,5
data/raw/hasyv2_download/hasy-data/v2-30989.png,z,25
data/raw/hasyv2_download/hasy-data/v2-20101.png,1,1
data/raw/hasyv2_download/hasy-data/v2-80425.png,div,13
data/raw/hasyv2_download/hasy-data/v2-75877.png,times,22
data/raw/hasyv2_download/hasy-data/v2-133228.png,lbracket,16
data/raw/hasyv2_download/hasy-data/v2-139395.png,infty,15
data/raw/hasyv2_download/hasy-data/v2-01589.png,y,24
data/raw/hasyv2_download/hasy-data/v2-133134.png,lbracket,16
data/raw/hasyv2_download/hasy-data/v2-75522.png,times,22
data/raw/hasyv2_download/hasy-data/v2-137640.png,infty,15
data/raw/hasyv2_download/hasy-data/v2-20325.png,3,3
data/raw/hasyv2_download/hasy-data/v2-137443.png,infty,15
data/raw/hasyv2_download/hasy-data/v2-145405.png,sqrt,21
data/raw/hasyv2_download/hasy-data/v2-75656.png,times,22
data/raw/hasyv2_download/hasy-data/v2-145401.png,sqrt,21
data/raw/hasyv2_download/hasy-data/v2-133045.png,lbracket,16
data/raw/hasyv2_download/hasy-data/v2-137597.png,infty,15
data/raw/hasyv2_download/hasy-data/v2-133034.png,lbracket,16
data/raw/hasyv2_download/hasy-data/v2-06636.png,times,22
data/raw/hasyv2_download/hasy-data/v2-01577.png,x,23
data/raw/hasyv2_download/hasy-data/v2-61116.png,gt,14
data/raw/hasyv2_download/hasy-data/v2-138259.png,infty,15
data/raw/hasyv2_download/hasy-data/v2-61005.png,lt,17
data/raw/hasyv2_download/hasy-data/v2-76090.png,times,22
data/raw/hasyv2_download/hasy-data/v2-80468.png,div,13
data/raw/hasyv2_download/hasy-data/v2-137894.png,infty,15
data/raw/hasyv2_download/hasy-data/v2-138723.png,infty,15
data/raw/hasyv2_download/hasy-data/v2-132853.png,lbracket,16
data/raw/hasyv2_download/hasy-data/v2-145413.png,sqrt,21
data/raw/hasyv2_download/hasy-data/v2-133168.png,lbracket,16
data/raw/hasyv2_download/hasy-data/v2-13652.png,infty,15
data/raw/hasyv2_download/hasy-data/v2-137851.png,infty,15
data/raw/hasyv2_download/hasy-data/v2-06728.png,times,22
data/raw/hasyv2_download/hasy-data/v2-13033.png,lbracket,16
data/raw/hasyv2_download/hasy-data/v2-20752.png,9,9
data/raw/hasyv2_download/hasy-data/v2-61039.png,lt,17
data/raw/hasyv2_download/hasy-data/v2-138292.png,infty,15
data/raw/hasyv2_download/hasy-data/v2-76777.png,times,22
data/raw/hasyv2_download/hasy-data/v2-13765.png,infty,15
data/raw/hasyv2_download/hasy-data/v2-137394.png,infty,15
data/raw/hasyv2_download/hasy-data/v2-80232.png,div,13
data/raw/hasyv2_download/hasy-data/v2-137598.png,infty,15
data/raw/hasyv2_download/hasy-data/v2-139569.png,infty,15
data/raw/hasyv2_download/hasy-data/v2-137713.png,infty,15
data/raw/hasyv2_download/hasy-data/v2-76430.png,times,22
data/raw/hasyv2_download/hasy-data/v2-139798.png,infty,15
data/raw/hasyv2_download/hasy-data/v2-76563.png,times,22
data/raw/hasyv2_download/hasy-data/v2-80471.png,div,13
data/raw/hasyv2_download/hasy-data/v2-133150.png,lbracket,16
data/raw/hasyv2_download/hasy-data/v2-138939.png,infty,15
data/raw/hasyv2_download/hasy-data/v2-75588.png,times,22
data/raw/hasyv2_download/hasy-data/v2-133032.png,lbracket,16
data/raw/hasyv2_download/hasy-data/v2-06661.png,times,22
data/raw/hasyv2_download/hasy-data/v2-133271.png,lbracket,16
data/raw/hasyv2_download/hasy-data/v2-138915.png,infty,15
data/raw/hasyv2_download/hasy-data/v2-145126.png,sqrt,21
data/raw/hasyv2_download/hasy-data/v2-139237.png,infty,15
data/raw/hasyv2_download/hasy-data/v2-60963.png,lt,17
data/raw/hasyv2_download/hasy-data/v2-133226.png,lbracket,16
data/raw/hasyv2_download/hasy-data/v2-133095.png,lbracket,16
data/raw/hasyv2_download/hasy-data/v2-145172.png,sqrt,21
data/raw/hasyv2_download/hasy-data/v2-13752.png,infty,15
data/raw/hasyv2_download/hasy-data/v2-75567.png,times,22
data/raw/hasyv2_download/hasy-data/v2-66578.png,minus,18
data/raw/hasyv2_download/hasy-data/v2-145694.png,sqrt,21
data/raw/hasyv2_download/hasy-data/v2-133171.png,lbracket,16
data/raw/hasyv2_download/hasy-data/v2-132766.png,lbracket,16
data/raw/hasyv2_download/hasy-data/v2-138018.png,infty,15
data/raw/hasyv2_download/hasy-data/v2-137378.png,infty,15
data/raw/hasyv2_download/hasy-data/v2-60991.png,lt,17
data/raw/hasyv2_download/hasy-data/v2-76198.png,times,22
data/raw/hasyv2_download/hasy-data/v2-07113.png,div,13
data/raw/hasyv2_download/hasy-data/v2-138974.png,infty,15
data/raw/hasyv2_download/hasy-data/v2-20780.png,9,9
data/raw/hasyv2_download/hasy-data/v2-133073.png,lbracket,16
data/raw/hasyv2_download/hasy-data/v2-76532.png,times,22
data/raw/hasyv2_download/hasy-data/v2-137663.png,infty,15
data/raw/hasyv2_download/hasy-data/v2-139188.png,infty,15
data/raw/hasyv2_download/hasy-data/v2-137448.png,infty,15
data/raw/hasyv2_download/hasy-data/v2-144981.png,sqrt,21
data/raw/hasyv2_download/hasy-data/v2-30834.png,x,23
data/raw/hasyv2_download/hasy-data/v2-133031.png,lbracket,16
data/raw/hasyv2_download/hasy-data/v2-137873.png,infty,15
data/raw/hasyv2_download/hasy-data/v2-76315.png,times,22
data/raw/hasyv2_download/hasy-data/v2-20444.png,5,5
data/raw/hasyv2_download/hasy-data/v2-139785.png,infty,15
data/raw/hasyv2_download/hasy-data/v2-76160.png,times,22
data/raw/hasyv2_download/hasy-data/v2-61125.png,gt,14
data/raw/hasyv2_download/hasy-data/v2-137557.png,infty,15
data/raw/hasyv2_download/hasy-data/v2-20246.png,2,2
data/raw/hasyv2_download/hasy-data/v2-80208.png,div,13
data/raw/hasyv2_download/hasy-data/v2-61009.png,lt,17
data/raw/hasyv2_download/hasy-data/v2-75935.png,times,22
data/raw/hasyv2_download/hasy-data/v2-76557.png,times,22
data/raw/hasyv2_download/hasy-data/v2-14457.png,sqrt,21
data/raw/hasyv2_download/hasy-data/v2-30920.png,y,24
data/raw/hasyv2_download/hasy-data/v2-132881.png,lbracket,16
data/raw/hasyv2_download/hasy-data/v2-137633.png,infty,15
data/raw/hasyv2_download/hasy-data/v2-04955.png,lt,17
data/raw/hasyv2_download/hasy-data/v2-20077.png,1,1
data/raw/hasyv2_download/hasy-data/v2-132971.png,lbracket,16
data/raw/hasyv2_download/hasy-data/v2-13696.png,infty,15
data/raw/hasyv2_download/hasy-data/v2-139381.png,infty,15
data/raw/hasyv2_download/hasy-data/v2-66579.png,minus,18
data/raw/hasyv2_download/hasy-data/v2-139698.png,infty,15
data/raw/hasyv2_download/hasy-data/v2-132541.png,lbracket,16
data/raw/hasyv2_download/hasy-data/v2-75947.png,times,22
data/raw/hasyv2_download/hasy-data/v2-138379.png,infty,15
data/raw/hasyv2_download/hasy-data/v2-132817.png,lbracket,16
data/raw/hasyv2_download/hasy-data/v2-144951.png,sqrt,21
data/raw/hasyv2_download/hasy-data/v2-75721.png,times,22
data/raw/hasyv2_download/hasy-data/v2-76800.png,times,22
data/raw/hasyv2_download/hasy-data/v2-137593.png,infty,15
data/raw/hasyv2_download/hasy-data/v2-137853.png,infty,15
data/raw/hasyv2_download/hasy-data/v2-133275.png,lbracket,16
data/raw/hasyv2_download/hasy-data/v2-13804.png,infty,15
data/raw/hasyv2_download/hasy-data/v2-76147.png,times,22
data/raw/hasyv2_download/hasy-data/v2-76168.png,times,22
data/raw/hasyv2_download/hasy-data/v2-138439.png,infty,15
data/raw/hasyv2_download/hasy-data/v2-13825.png,infty,15
data/raw/hasyv2_download/hasy-data/v2-138524.png,infty,15
data/raw/hasyv2_download/hasy-data/v2-76086.png,times,22
data/raw/hasyv2_download/hasy-data/v2-30843.png,x,23
data/raw/hasyv2_download/hasy-data/v2-145795.png,sqrt,21
data/raw/hasyv2_download/hasy-data/v2-138068.png,infty,15
data/raw/hasyv2_download/hasy-data/v2-66636.png,plus,19
data/raw/hasyv2_download/hasy-data/v2-76026.png,times,22
data/raw/hasyv2_download/hasy-data/v2-75619.png,times,22
data/raw/hasyv2_download/hasy-data/v2-137641.png,infty,15
data/raw/hasyv2_download/hasy-data/v2-137524.png,infty,15
data/raw/hasyv2_download/hasy-data/v2-133359.png,rbracket,20
data/raw/hasyv2_download/hasy-data/v2-145011.png,sqrt,21
data/raw/hasyv2_download/hasy-data/v2-20696.png,8,8
data/raw/hasyv2_download/hasy-data/v2-13760.png,infty,15
data/raw/hasyv2_download/hasy-data/v2-139376.png,infty,15
data/raw/hasyv2_download/hasy-data/v2-01439.png,a,10
data/raw/hasyv2_download/hasy-data/v2-75813.png,times,22
data/raw/hasyv2_download/hasy-data/v2-137294.png,infty,15
data/raw/hasyv2_download/hasy-data/v2-138154.png,infty,15
data/raw/hasyv2_download/hasy-data/v2-145456.png,sqrt,21
data/raw/hasyv2_download/hasy-data/v2-139443.png,infty,15
data/raw/hasyv2_download/hasy-data/v2-20788.png,9,9
data/raw/hasyv2_download/hasy-data/v2-133466.png,rbracket,20
data/raw/hasyv2_download/hasy-data/v2-80220.png,div,13
data/raw/hasyv2_download/hasy-data/v2-139756.png,infty,15
data/raw/hasyv2_download/hasy-data/v2-138478.png,infty,15
data/raw/hasyv2_download/hasy-data/v2-138027.png,infty,15
data/raw/hasyv2_download/hasy-data/v2-132564.png,lbracket,16
data/raw/hasyv2_download/hasy-data/v2-133282.png,lbracket,16
data/raw/hasyv2_download/hasy-data/v2-75710.png,times,22
data/raw/hasyv2_download/hasy-data/v2-145468.png,sqrt,21
data/raw/hasyv2_download/hasy-data/v2-139781.png,infty,15
data/raw/hasyv2_download/hasy-data/v2-80241.png,div,13
data/raw/hasyv2_download/hasy-data/v2-13754.png,infty,15
data/raw/hasyv2_download/hasy-data/v2-30879.png,x,23
data/raw/hasyv2_download/hasy-data/v2-07139.png,div,13
data/raw/hasyv2_download/hasy-data/v2-138480.png,infty,15
data/raw/hasyv2_download/hasy-data/v2-75652.png,times,22
data/raw/hasyv2_download/hasy-data/v2-145135.png,sqrt,21
data/raw/hasyv2_download/hasy-data/v2-133431.png,rbracket,20
data/raw/hasyv2_download/hasy-data/v2-139337.png,infty,15
data/raw/hasyv2_download/hasy-data/v2-20418.png,5,5
data/raw/hasyv2_download/hasy-data/v2-145380.png,sqrt,21
data/raw/hasyv2_download/hasy-data/v2-75825.png,times,22
data/raw/hasyv2_download/hasy-data/v2-133038.png,lbracket,16
data/raw/hasyv2_download/hasy-data/v2-00448.png,9,9
data/raw/hasyv2_download/hasy-data/v2-80432.png,div,13
data/raw/hasyv2_download/hasy-data/v2-133241.png,lbracket,16
data/raw/hasyv2_download/hasy-data/v2-144967.png,sqrt,21
data/raw/hasyv2_download/hasy-data/v2-138979.png,infty,15
data/raw/hasyv2_download/hasy-data/v2-139358.png,infty,15
data/raw/hasyv2_download/hasy-data/v2-75738.png,times,22
data/raw/hasyv2_download/hasy-data/v2-76085.png,times,22
data/raw/hasyv2_download/hasy-data/v2-137425.png,infty,15
data/raw/hasyv2_download/hasy-data/v2-132656.png,lbracket,16
data/raw/hasyv2_download/hasy-data/v2-138509.png,infty,15
data/raw/hasyv2_download/hasy-data/v2-145460.png,sqrt,21
data/raw/hasyv2_download/hasy-data/v2-20785.png,9,9
data/raw/hasyv2_download/hasy-data/v2-75713.png,times,22
data/raw/hasyv2_download/hasy-data/v2-133561.png,rbracket,20
data/raw/hasyv2_download/hasy-data/v2-137471.png,infty,15
data/raw/hasyv2_download/hasy-data/v2-137805.png,infty,15
data/raw/hasyv2_download/hasy-data/v2-133470.png,rbracket,20
data/raw/hasyv2_download/hasy-data/v2-138686.png,infty,15
data/raw/hasyv2_download/hasy-data/v2-76010.png,times,22
data/raw/hasyv2_download/hasy-data/v2-75706.png,times,22
data/raw/hasyv2_download/hasy-data/v2-139000.png,infty,15
data/raw/hasyv2_download/hasy-data/v2-137488.png,infty,15
data/raw/hasyv2_download/hasy-data/v2-132657.png,lbracket,16
data/raw/hasyv2_download/hasy-data/v2-145438.png,sqrt,21
data/raw/hasyv2_download/hasy-data/v2-139246.png,infty,15
data/raw/hasyv2_download/hasy-data/v2-75523.png,times,22
data/raw/hasyv2_download/hasy-data/v2-20586.png,7,7
data/raw/hasyv2_download/hasy-data/v2-137912.png,infty,15
data/raw/hasyv2_download/hasy-data/v2-76701.png,times,22
data/raw/hasyv2_download/hasy-data/v2-139762.png,infty,15
data/raw/hasyv2_download/hasy-data/v2-139091.png,infty,15
data/raw/hasyv2_download/hasy-data/v2-137333.png,infty,15
data/raw/hasyv2_download/hasy-data/v2-13574.png,infty,15
data/raw/hasyv2_download/hasy-data/v2-145502.png,sqrt,21
data/raw/hasyv2_download/hasy-data/v2-80421.png,div,13
data/raw/hasyv2_download/hasy-data/v2-133527.png,rbracket,20
data/raw/hasyv2_download/hasy-data/v2-145017.png,sqrt,21
data/raw/hasyv2_download/hasy-data/v2-13665.png,infty,15
data/raw/hasyv2_download/hasy-data/v2-75811.png,times,22
data/raw/hasyv2_download/hasy-data/v2-137341.png,infty,15
data/raw/hasyv2_download/hasy-data/v2-29662.png,a,10
data/raw/hasyv2_download/hasy-data/v2-137591.png,infty,15
data/raw/hasyv2_download/hasy-data/v2-75651.png,times,22
data/raw/hasyv2_download/hasy-data/v2-137982.png,infty,15
data/raw/hasyv2_download/hasy-data/v2-20501.png,6,6
data/raw/hasyv2_download/hasy-data/v2-139459.png,infty,15
data/raw/hasyv2_download/hasy-data/v2-133203.png,lbracket,16
data/raw/hasyv2_download/hasy-data/v2-19933.png,0,0
data/raw/hasyv2_download/hasy-data/v2-139023.png,infty,15
data/raw/hasyv2_download/hasy-data/v2-75864.png,times,22
data/raw/hasyv2_download/hasy-data/v2-138073.png,infty,15
data/raw/hasyv2_download/hasy-data/v2-80291.png,div,13
data/raw/hasyv2_download/hasy-data/v2-00429.png,8,8
data/raw/hasyv2_download/hasy-data/v2-145455.png,sqrt,21
data/raw/hasyv2_download/hasy-data/v2-132732.png,lbracket,16
data/raw/hasyv2_download/hasy-data/v2-132961.png,lbracket,16
data/raw/hasyv2_download/hasy-data/v2-66500.png,minus,18
data/raw/hasyv2_download/hasy-data/v2-139615.png,infty,15
data/raw/hasyv2_download/hasy-data/v2-06682.png,times,22
data/raw/hasyv2_download/hasy-data/v2-139131.png,infty,15
data/raw/hasyv2_download/hasy-data/v2-139447.png,infty,15
data/raw/hasyv2_download/hasy-data/v2-20566.png,6,6
data/raw/hasyv2_download/hasy-data/v2-76833.png,times,22
data/raw/hasyv2_download/hasy-data/v2-133461.png,rbracket,20
data/raw/hasyv2_download/hasy-data/v2-13689.png,infty,15
data/raw/hasyv2_download/hasy-data/v2-133290.png,lbracket,16
data/raw/hasyv2_download/hasy-data/v2-145718.png,sqrt,21
data/raw/hasyv2_download/hasy-data/v2-76755.png,times,22
data/raw/hasyv2_download/hasy-data/v2-76341.png,times,22
data/raw/hasyv2_download/hasy-data/v2-06606.png,times,22
data/raw/hasyv2_download/hasy-data/v2-133438.png,rbracket,20
data/raw/hasyv2_download/hasy-data/v2-76389.png,times,22
data/raw/hasyv2_download/hasy-data/v2-76068.png,times,22
data/raw/hasyv2_download/hasy-data/v2-66566.png,minus,18
data/raw/hasyv2_download/hasy-data/v2-133546.png,rbracket,20
data/raw/hasyv2_download/hasy-data/v2-139207.png,infty,15
data/raw/hasyv2_download/hasy-data/v2-138714.png,infty,15
data/raw/hasyv2_download/hasy-data/v2-05581.png,plus,19
data/raw/hasyv2_download/hasy-data/v2-133091.png,lbracket,16
data/raw/hasyv2_download/hasy-data/v2-133118.png,lbracket,16
data/raw/hasyv2_download/hasy-data/v2-132944.png,lbracket,16
data/raw/hasyv2_download/hasy-data/v2-138992.png,infty,15
data/raw/hasyv2_download/hasy-data/v2-138960.png,infty,15
data/raw/hasyv2_download/hasy-data/v2-132531.png,lbracket,16
data/raw/hasyv2_download/hasy-data/v2-137267.png,infty,15
data/raw/hasyv2_download/hasy-data/v2-137776.png,infty,15
data/raw/hasyv2_download/hasy-data/v2-133238.png,lbracket,16
data/raw/hasyv2_download/hasy-data/v2-75764.png,times,22
data/raw/hasyv2_download/hasy-data/v2-133056.png,lbracket,16
data/raw/hasyv2_download/hasy-data/v2-145617.png,sqrt,21
data/raw/hasyv2_download/hasy-data/v2-13654.png,infty,15
data/raw/hasyv2_download/hasy-data/v2-13583.png,infty,15
data/raw/hasyv2_download/hasy-data/v2-20564.png,6,6
data/raw/hasyv2_download/hasy-data/v2-29811.png,c,12
data/raw/hasyv2_download/hasy-data/v2-139623.png,infty,15
data/raw/hasyv2_download/hasy-data/v2-145811.png,sqrt,21
data/raw/hasyv2_download/hasy-data/v2-138087.png,infty,15
data/raw/hasyv2_download/hasy-data/v2-137400.png,infty,15
data/raw/hasyv2_download/hasy-data/v2-76555.png,times,22
data/raw/hasyv2_download/hasy-data/v2-145292.png,sqrt,21
data/raw/hasyv2_download/hasy-data/v2-13672.png,infty,15
data/raw/hasyv2_download/hasy-data/v2-80257.png,div,13
data/raw/hasyv2_download/hasy-data/v2-145037.png,sqrt,21
data/raw/hasyv2_download/hasy-data/v2-20740.png,8,8
data/raw/hasyv2_download/hasy-data/v2-138369.png,infty,15
data/raw/hasyv2_download/hasy-data/v2-145552.png,sqrt,21
data/raw/hasyv2_download/hasy-data/v2-145360.png,sqrt,21
data/raw/hasyv2_download/hasy-data/v2-137407.png,infty,15
data/raw/hasyv2_download/hasy-data/v2-145684.png,sqrt,21
data/raw/hasyv2_download/hasy-data/v2-138941.png,infty,15
data/raw/hasyv2_download/hasy-data/v2-20482.png,6,6
data/raw/hasyv2_download/hasy-data/v2-137509.png,infty,15
data/raw/hasyv2_download/hasy-data/v2-75814.png,times,22
data/raw/hasyv2_download/hasy-data/v2-137522.png,infty,15
data/raw/hasyv2_download/hasy-data/v2-80422.png,div,13
data/raw/hasyv2_download/hasy-data/v2-80199.png,div,13
data/raw/hasyv2_download/hasy-data/v2-137304.png,infty,15
data/raw/hasyv2_download/hasy-data/v2-137709.png,infty,15
data/raw/hasyv2_download/hasy-data/v2-139035.png,infty,15
data/raw/hasyv2_download/hasy-data/v2-138170.png,infty,15
data/raw/hasyv2_download/hasy-data/v2-76002.png,times,22
data/raw/hasyv2_download/hasy-data/v2-76477.png,times,22
data/raw/hasyv2_download/hasy-data/v2-139621.png,infty,15
data/raw/hasyv2_download/hasy-data/v2-139437.png,infty,15
data/raw/hasyv2_download/hasy-data/v2-30888.png,y,24
data/raw/hasyv2_download/hasy-data/v2-01445.png,b,11
data/raw/hasyv2_download/hasy-data/v2-145682.png,sqrt,21
data/raw/hasyv2_download/hasy-data/v2-145416.png,sqrt,21
data/raw/hasyv2_download/hasy-data/v2-76622.png,times,22
data/raw/hasyv2_download/hasy-data/v2-66612.png,plus,19
data/raw/hasyv2_download/hasy-data/v2-137374.png,infty,15
data/raw/hasyv2_download/hasy-data/v2-138477.png,infty,15
data/raw/hasyv2_download/hasy-data/v2-19932.png,0,0
data/raw/hasyv2_download/hasy-data/v2-145509.png,sqrt,21
data/raw/hasyv2_download/hasy-data/v2-138521.png,infty,15
data/raw/hasyv2_download/hasy-data/v2-138112.png,infty,15
data/raw/hasyv2_download/hasy-data/v2-76113.png,times,22
data/raw/hasyv2_download/hasy-data/v2-75904.png,times,22
data/raw/hasyv2_download/hasy-data/v2-61120.png,gt,14
data/raw/hasyv2_download/hasy-data/v2-139650.png,infty,15
data/raw/hasyv2_download/hasy-data/v2-20823.png,9,9
data/raw/hasyv2_download/hasy-data/v2-132778.png,lbracket,16
data/raw/hasyv2_download/hasy-data/v2-76194.png,times,22
data/raw/hasyv2_download/hasy-data/v2-138250.png,infty,15
data/raw/hasyv2_download/hasy-data/v2-80373.png,div,13
data/raw/hasyv2_download/hasy-data/v2-138034.png,infty,15
data/raw/hasyv2_download/hasy-data/v2-80247.png,div,13
data/raw/hasyv2_download/hasy-data/v2-20593.png,7,7
data/raw/hasyv2_download/hasy-data/v2-133427.png,rbracket,20
data/raw/hasyv2_download/hasy-data/v2-138690.png,infty,15
data/raw/hasyv2_download/hasy-data/v2-29812.png,c,12
data/raw/hasyv2_download/hasy-data/v2-60995.png,lt,17
data/raw/hasyv2_download/hasy-data/v2-137869.png,infty,15
data/raw/hasyv2_download/hasy-data/v2-137270.png,infty,15
data/raw/hasyv2_download/hasy-data/v2-76720.png,times,22
data/raw/hasyv2_download/hasy-data/v2-20493.png,6,6
data/raw/hasyv2_download/hasy-data/v2-137439.png,infty,15
data/raw/hasyv2_download/hasy-data/v2-139457.png,infty,15
data/raw/hasyv2_download/hasy-data/v2-133391.png,rbracket,20
data/raw/hasyv2_download/hasy-data/v2-13088.png,lbracket,16
data/raw/hasyv2_download/hasy-data/v2-61124.png,gt,14
data/raw/hasyv2_download/hasy-data/v2-133521.png,rbracket,20
data/raw/hasyv2_download/hasy-data/v2-138349.png,infty,15
data/raw/hasyv2_download/hasy-data/v2-14465.png,sqrt,21
data/raw/hasyv2_download/hasy-data/v2-29679.png,a,10
data/raw/hasyv2_download/hasy-data/v2-75956.png,times,22
data/raw/hasyv2_download/hasy-data/v2-13719.png,infty,15
data/raw/hasyv2_download/hasy-data/v2-137847.png,infty,15
data/raw/hasyv2_download/hasy-data/v2-61040.png,lt,17
data/raw/hasyv2_download/hasy-data/v2-76104.png,times,22
data/raw/hasyv2_download/hasy-data/v2-139284.png,infty,15
data/raw/hasyv2_download/hasy-data/v2-139357.png,infty,15
data/raw/hasyv2_download/hasy-data/v2-145371.png,sqrt,21
data/raw/hasyv2_download/hasy-data/v2-138878.png,infty,15
data/raw/hasyv2_download/hasy-data/v2-13700.png,infty,15
data/raw/hasyv2_download/hasy-data/v2-76797.png,times,22
data/raw/hasyv2_download/hasy-data/v2-133531.png,rbracket,20
data/raw/hasyv2_download/hasy-data/v2-13588.png,infty,15
data/raw/hasyv2_download/hasy-data/v2-13071.png,lbracket,16
data/raw/hasyv2_download/hasy-data/v2-138168.png,infty,15
data/raw/hasyv2_download/hasy-data/v2-30842.png,x,23
data/raw/hasyv2_download/hasy-data/v2-139468.png,infty,15
data/raw/hasyv2_download/hasy-data/v2-145493.png,sqrt,21
data/raw/hasyv2_download/hasy-data/v2-137434.png,infty,15
data/raw/hasyv2_download/hasy-data/v2-19975.png,0,0
data/raw/hasyv2_download/hasy-data/v2-137823.png,infty,15
data/raw/hasyv2_download/hasy-data/v2-80350.png,div,13
data/raw/hasyv2_download/hasy-data/v2-07111.png,div,13
data/raw/hasyv2_download/hasy-data/v2-76574.png,times,22
data/raw/hasyv2_download/hasy-data/v2-138742.png,infty,15
data/raw/hasyv2_download/hasy-data/v2-20517.png,6,6
data/raw/hasyv2_download/hasy-data/v2-13799.png,infty,15
data/raw/hasyv2_download/hasy-data/v2-138131.png,infty,15
data/raw/hasyv2_download/hasy-data/v2-139838.png,infty,15
data/raw/hasyv2_download/hasy-data/v2-06626.png,times,22
data/raw/hasyv2_download/hasy-data/v2-132677.png,lbracket,16
data/raw/hasyv2_download/hasy-data/v2-139049.png,infty,15
data/raw/hasyv2_download/hasy-data/v2-75587.png,times,22
data/raw/hasyv2_download/hasy-data/v2-145588.png,sqrt,21
data/raw/hasyv2_download/hasy-data/v2-30923.png,y,24
data/raw/hasyv2_download/hasy-data/v2-138390.png,infty,15
data/raw/hasyv2_download/hasy-data/v2-76746.png,times,22
data/raw/hasyv2_download/hasy-data/v2-137571.png,infty,15
data/raw/hasyv2_download/hasy-data/v2-19971.png,0,0
data/raw/hasyv2_download/hasy-data/v2-133420.png,rbracket,20
data/raw/hasyv2_download/hasy-data/v2-133495.png,rbracket,20
data/raw/hasyv2_download/hasy-data/v2-133331.png,lbracket,16
data/raw/hasyv2_download/hasy-data/v2-76776.png,times,22
data/raw/hasyv2_download/hasy-data/v2-76123.png,times,22
data/raw/hasyv2_download/hasy-data/v2-145307.png,sqrt,21
data/raw/hasyv2_download/hasy-data/v2-139523.png,infty,15
data/raw/hasyv2_download/hasy-data/v2-145155.png,sqrt,21
data/raw/hasyv2_download/hasy-data/v2-76331.png,times,22
data/raw/hasyv2_download/hasy-data/v2-138502.png,infty,15
data/raw/hasyv2_download/hasy-data/v2-138503.png,infty,15
data/raw/hasyv2_download/hasy-data/v2-80362.png,div,13
data/raw/hasyv2_download/hasy-data/v2-137957.png,infty,15
data/raw/hasyv2_download/hasy-data/v2-13144.png,rbracket,20
data/raw/hasyv2_download/hasy-data/v2-137423.png,infty,15
data/raw/hasyv2_download/hasy-data/v2-137734.png,infty,15
data/raw/hasyv2_download/hasy-data/v2-14490.png,sqrt,21
data/raw/hasyv2_download/hasy-data/v2-145377.png,sqrt,21
data/raw/hasyv2_download/hasy-data/v2-133556.png,rbracket,20
data/raw/hasyv2_download/hasy-data/v2-20360.png,4,4
data/raw/hasyv2_download/hasy-data/v2-139704.png,infty,15
data/raw/hasyv2_download/hasy-data/v2-76743.png,times,22
data/raw/hasyv2_download/hasy-data/v2-30829.png,x,23
data/raw/hasyv2_download/hasy-data/v2-66619.png,plus,19
data/raw/hasyv2_download/hasy-data/v2-13128.png,rbracket,20
data/raw/hasyv2_download/hasy-data/v2-145210.png,sqrt,21
data/raw/hasyv2_download/hasy-data/v2-75784.png,times,22
data/raw/hasyv2_download/hasy-data/v2-145291.png,sqrt,21
data/raw/hasyv2_download/hasy-data/v2-75960.png,times,22
data/raw/hasyv2_download/hasy-data/v2-60994.png,lt,17
data/raw/hasyv2_download/hasy-data/v2-132854.png,lbracket,16
data/raw/hasyv2_download/hasy-data/v2-145471.png,sqrt,21
data/raw/hasyv2_download/hasy-data/v2-132578.png,lbracket,16
data/raw/hasyv2_download/hasy-data/v2-76244.png,times,22
data/raw/hasyv2_download/hasy-data/v2-137444.png,infty,15
data/raw/hasyv2_download/hasy-data/v2-133195.png,lbracket,16
data/raw/hasyv2_download/hasy-data/v2-138395.png,infty,15
data/raw/hasyv2_download/hasy-data/v2-145277.png,sqrt,21
data/raw/hasyv2_download/hasy-data/v2-145120.png,sqrt,21
data/raw/hasyv2_download/hasy-data/v2-61013.png,lt,17
data/raw/hasyv2_download/hasy-data/v2-132574.png,lbracket,16
data/raw/hasyv2_download/hasy-data/v2-145257.png,sqrt,21
data/raw/hasyv2_download/hasy-data/v2-76115.png,times,22
data/raw/hasyv2_download/hasy-data/v2-137433.png,infty,15
data/raw/hasyv2_download/hasy-data/v2-06614.png,times,22
data/raw/hasyv2_download/hasy-data/v2-145576.png,sqrt,21
data/raw/hasyv2_download/hasy-data/v2-137899.png,infty,15
data/raw/hasyv2_download/hasy-data/v2-13085.png,lbracket,16
data/raw/hasyv2_download/hasy-data/v2-20732.png,8,8
data/raw/hasyv2_download/hasy-data/v2-29724.png,b,11
data/raw/hasyv2_download/hasy-data/v2-145333.png,sqrt,21
data/raw/hasyv2_download/hasy-data/v2-132651.png,lbracket,16
data/raw/hasyv2_download/hasy-data/v2-20146.png,2,2
data/raw/hasyv2_download/hasy-data/v2-76745.png,times,22
data/raw/hasyv2_download/hasy-data/v2-133143.png,lbracket,16
data/raw/hasyv2_download/hasy-data/v2-139352.png,infty,15
data/raw/hasyv2_download/hasy-data/v2-19967.png,0,0
data/raw/hasyv2_download/hasy-data/v2-75557.png,times,22
data/raw/hasyv2_download/hasy-data/v2-80485.png,div,13
data/raw/hasyv2_download/hasy-data/v2-145526.png,sqrt,21
data/raw/hasyv2_download/hasy-data/v2-137301.png,infty,15
data/raw/hasyv2_download/hasy-data/v2-13606.png,infty,15
data/raw/hasyv2_download/hasy-data/v2-06638.png,times,22
data/raw/hasyv2_download/hasy-data/v2-145301.png,sqrt,21
data/raw/hasyv2_download/hasy-data/v2-137544.png,infty,15
data/raw/hasyv2_download/hasy-data/v2-132586.png,lbracket,16
data/raw/hasyv2_download/hasy-data/v2-137976.png,infty,15
data/raw/hasyv2_download/hasy-data/v2-60956.png,lt,17
data/raw/hasyv2_download/hasy-data/v2-145186.png,sqrt,21
data/raw/hasyv2_download/hasy-data/v2-137320.png,infty,15
data/raw/hasyv2_download/hasy-data/v2-145629.png,sqrt,21
data/raw/hasyv2_download/hasy-data/v2-13627.png,infty,15
data/raw/hasyv2_download/hasy-data/v2-139741.png,infty,15
data/raw/hasyv2_download/hasy-data/v2-132665.png,lbracket,16
data/raw/hasyv2_download/hasy-data/v2-20563.png,6,6
data/raw/hasyv2_download/hasy-data/v2-20808.png,9,9
data/raw/hasyv2_download/hasy-data/v2-145742.png,sqrt,21
data/raw/hasyv2_download/hasy-data/v2-138363.png,infty,15
data/raw/hasyv2_download/hasy-data/v2-06598.png,times,22
data/raw/hasyv2_download/hasy-data/v2-139669.png,infty,15
data/raw/hasyv2_download/hasy-data/v2-30960.png,z,25
data/raw/hasyv2_download/hasy-data/v2-00405.png,5,5
data/raw/hasyv2_download/hasy-data/v2-76027.png,times,22
data/raw/hasyv2_download/hasy-data/v2-75599.png,times,22
data/raw/hasyv2_download/hasy-data/v2-138414.png,infty,15
data/raw/hasyv2_download/hasy-data/v2-145173.png,sqrt,21
data/raw/hasyv2_download/hasy-data/v2-139178.png,infty,15
data/raw/hasyv2_download/hasy-data/v2-20505.png,6,6
data/raw/hasyv2_download/hasy-data/v2-145235.png,sqrt,21
data/raw/hasyv2_download/hasy-data/v2-139414.png,infty,15
data/raw/hasyv2_download/hasy-data/v2-19955.png,0,0
data/raw/hasyv2_download/hasy-data/v2-20673.png,8,8
data/raw/hasyv2_download/hasy-data/v2-06627.png,times,22
data/raw/hasyv2_download/hasy-data/v2-05573.png,minus,18
data/raw/hasyv2_download/hasy-data/v2-145242.png,sqrt,21
data/raw/hasyv2_download/hasy-data/v2-20768.png,9,9
data/raw/hasyv2_download/hasy-data/v2-20608.png,7,7
data/raw/hasyv2_download/hasy-data/v2-138591.png,infty,15
data/raw/hasyv2_download/hasy-data/v2-145218.png,sqrt,21
data/raw/hasyv2_download/hasy-data/v2-138461.png,infty,15
data/raw/hasyv2_download/hasy-data/v2-76361.png,times,22
data/raw/hasyv2_download/hasy-data/v2-145800.png,sqrt,21
data/raw/hasyv2_download/hasy-data/v2-66557.png,minus,18
data/raw/hasyv2_download/hasy-data/v2-20734.png,8,8
data/raw/hasyv2_download/hasy-data/v2-80285.png,div,13
data/raw/hasyv2_download/hasy-data/v2-20707.png,8,8
data/raw/hasyv2_download/hasy-data/v2-137375.png,infty,15
data/raw/hasyv2_download/hasy-data/v2-75675.png,times,22
data/raw/hasyv2_download/hasy-data/v2-138508.png,infty,15
data/raw/hasyv2_download/hasy-data/v2-76859.png,times,22
data/raw/hasyv2_download/hasy-data/v2-76197.png,times,22
data/raw/hasyv2_download/hasy-data/v2-133535.png,rbracket,20
data/raw/hasyv2_download/hasy-data/v2-139573.png,infty,15
data/raw/hasyv2_download/hasy-data/v2-20087.png,1,1
data/raw/hasyv2_download/hasy-data/v2-133477.png,rbracket,20
data/raw/hasyv2_download/hasy-data/v2-138569.png,infty,15
data/raw/hasyv2_download/hasy-data/v2-20195.png,2,2
data/raw/hasyv2_download/hasy-data/v2-75744.png,times,22
data/raw/hasyv2_download/hasy-data/v2-138426.png,infty,15
data/raw/hasyv2_download/hasy-data/v2-75873.png,times,22
data/raw/hasyv2_download/hasy-data/v2-133078.png,lbracket,16
data/raw/hasyv2_download/hasy-data/v2-138226.png,infty,15
data/raw/hasyv2_download/hasy-data/v2-20242.png,2,2
data/raw/hasyv2_download/hasy-data/v2-145706.png,sqrt,21
data/raw/hasyv2_download/hasy-data/v2-139517.png,infty,15
data/raw/hasyv2_download/hasy-data/v2-138588.png,infty,15
data/raw/hasyv2_download/hasy-data/v2-145005.png,sqrt,21
data/raw/hasyv2_download/hasy-data/v2-75530.png,times,22
data/raw/hasyv2_download/hasy-data/v2-145752.png,sqrt,21
data/raw/hasyv2_download/hasy-data/v2-139561.png,infty,15
data/raw/hasyv2_download/hasy-data/v2-19994.png,0,0
data/raw/hasyv2_download/hasy-data/v2-137411.png,infty,15
data/raw/hasyv2_download/hasy-data/v2-137902.png,infty,15
data/raw/hasyv2_download/hasy-data/v2-76409.png,times,22
data/raw/hasyv2_download/hasy-data/v2-01584.png,y,24
data/raw/hasyv2_download/hasy-data/v2-76121.png,times,22
data/raw/hasyv2_download/hasy-data/v2-138277.png,infty,15
data/raw/hasyv2_download/hasy-data/v2-20460.png,5,5
data/raw/hasyv2_download/hasy-data/v2-137603.png,infty,15
data/raw/hasyv2_download/hasy-data/v2-139324.png,infty,15
data/raw/hasyv2_download/hasy-data/v2-76478.png,times,22
data/raw/hasyv2_download/hasy-data/v2-76627.png,times,22
data/raw/hasyv2_download/hasy-data/v2-138577.png,infty,15
data/raw/hasyv2_download/hasy-data/v2-133580.png,rbracket,20
data/raw/hasyv2_download/hasy-data/v2-132646.png,lbracket,16
data/raw/hasyv2_download/hasy-data/v2-137948.png,infty,15
data/raw/hasyv2_download/hasy-data/v2-144969.png,sqrt,21
data/raw/hasyv2_download/hasy-data/v2-75554.png,times,22
data/raw/hasyv2_download/hasy-data/v2-133124.png,lbracket,16
data/raw/hasyv2_download/hasy-data/v2-76080.png,times,22
data/raw/hasyv2_download/hasy-data/v2-80412.png,div,13
data/raw/hasyv2_download/hasy-data/v2-80459.png,div,13
data/raw/hasyv2_download/hasy-data/v2-132987.png,lbracket,16
data/raw/hasyv2_download/hasy-data/v2-29663.png,a,10
data/raw/hasyv2_download/hasy-data/v2-139118.png,infty,15
data/raw/hasyv2_download/hasy-data/v2-80434.png,div,13
data/raw/hasyv2_download/hasy-data/v2-145644.png,sqrt,21
data/raw/hasyv2_download/hasy-data/v2-137861.png,infty,15
data/raw/hasyv2_download/hasy-data/v2-20293.png,3,3
data/raw/hasyv2_download/hasy-data/v2-76234.png,times,22
data/raw/hasyv2_download/hasy-data/v2-76784.png,times,22
data/raw/hasyv2_download/hasy-data/v2-75537.png,times,22
data/raw/hasyv2_download/hasy-data/v2-137275.png,infty,15
data/raw/hasyv2_download/hasy-data/v2-137351.png,infty,15
data/raw/hasyv2_download/hasy-data/v2-20278.png,3,3
data/raw/hasyv2_download/hasy-data/v2-132637.png,lbracket,16
data/raw/hasyv2_download/hasy-data/v2-75976.png,times,22
data/raw/hasyv2_download/hasy-data/v2-138013.png,infty,15
data/raw/hasyv2_download/hasy-data/v2-145426.png,sqrt,21
data/raw/hasyv2_download/hasy-data/v2-139747.png,infty,15
data/raw/hasyv2_download/hasy-data/v2-80445.png,div,13
data/raw/hasyv2_download/hasy-data/v2-137654.png,infty,15
data/raw/hasyv2_download/hasy-data/v2-75526.png,times,22
data/raw/hasyv2_download/hasy-data/v2-137960.png,infty,15
data/raw/hasyv2_download/hasy-data/v2-133159.png,lbracket,16
data/raw/hasyv2_download/hasy-data/v2-13798.png,infty,15
data/raw/hasyv2_download/hasy-data/v2-145513.png,sqrt,21
data/raw/hasyv2_download/hasy-data/v2-05584.png,plus,19
data/raw/hasyv2_download/hasy-data/v2-76407.png,times,22
data/raw/hasyv2_download/hasy-data/v2-00422.png,7,7
data/raw/hasyv2_download/hasy-data/v2-06723.png,times,22
data/raw/hasyv2_download/hasy-data/v2-76437.png,times,22
data/raw/hasyv2_download/hasy-data/v2-145389.png,sqrt,21
data/raw/hasyv2_download/hasy-data/v2-132583.png,lbracket,16
data/raw/hasyv2_download/hasy-data/v2-80278.png,div,13
data/raw/hasyv2_download/hasy-data/v2-145214.png,sqrt,21
data/raw/hasyv2_download/hasy-data/v2-139331.png,infty,15
data/raw/hasyv2_download/hasy-data/v2-138975.png,infty,15
data/raw/hasyv2_download/hasy-data/v2-138022.png,infty,15
data/raw/hasyv2_download/hasy-data/v2-20792.png,9,9
data/raw/hasyv2_download/hasy-data/v2-145614.png,sqrt,21
data/raw/hasyv2_download/hasy-data/v2-145096.png,sqrt,21
data/raw/hasyv2_download/hasy-data/v2-139836.png,infty,15
data/raw/hasyv2_download/hasy-data/v2-138810.png,infty,15
data/raw/hasyv2_download/hasy-data/v2-138090.png,infty,15
data/raw/hasyv2_download/hasy-data/v2-133333.png,lbracket,16
data/raw/hasyv2_download/hasy-data/v2-138441.png,infty,15
data/raw/hasyv2_download/hasy-data/v2-30957.png,z,25
data/raw/hasyv2_download/hasy-data/v2-133435.png,rbracket,20
data/raw/hasyv2_download/hasy-data/v2-138677.png,infty,15
data/raw/hasyv2_download/hasy-data/v2-13578.png,infty,15
data/raw/hasyv2_download/hasy-data/v2-80379.png,div,13
data/raw/hasyv2_download/hasy-data/v2-145311.png,sqrt,21
data/raw/hasyv2_download/hasy-data/v2-133525.png,rbracket,20
data/raw/hasyv2_download/hasy-data/v2-75827.png,times,22
data/raw/hasyv2_download/hasy-data/v2-30855.png,x,23
data/raw/hasyv2_download/hasy-data/v2-137372.png,infty,15
data/raw/hasyv2_download/hasy-data/v2-133188.png,lbracket,16
data/raw/hasyv2_download/hasy-data/v2-137634.png,infty,15
data/raw/hasyv2_download/hasy-data/v2-138162.png,infty,15
data/raw/hasyv2_download/hasy-data/v2-75887.png,times,22
data/raw/hasyv2_download/hasy-data/v2-29718.png,b,11
data/raw/hasyv2_download/hasy-data/v2-80269.png,div,13
data/raw/hasyv2_download/hasy-data/v2-61104.png,gt,14
data/raw/hasyv2_download/hasy-data/v2-138654.png,infty,15
data/raw/hasyv2_download/hasy-data/v2-13124.png,rbracket,20
data/raw/hasyv2_download/hasy-data/v2-137753.png,infty,15
data/raw/hasyv2_download/hasy-data/v2-76239.png,times,22
data/raw/hasyv2_download/hasy-data/v2-137721.png,infty,15
data/raw/hasyv2_download/hasy-data/v2-76440.png,times,22
data/raw/hasyv2_download/hasy-data/v2-133049.png,lbracket,16
data/raw/hasyv2_download/hasy-data/v2-133317.png,lbracket,16
data/raw/hasyv2_download/hasy-data/v2-76432.png,times,22
data/raw/hasyv2_download/hasy-data/v2-139823.png,infty,15
data/raw/hasyv2_download/hasy-data/v2-66640.png,plus,19
data/raw/hasyv2_download/hasy-data/v2-138926.png,infty,15
data/raw/hasyv2_download/hasy-data/v2-75653.png,times,22
data/raw/hasyv2_download/hasy-data/v2-137842.png,infty,15
data/raw/hasyv2_download/hasy-data/v2-137567.png,infty,15
data/raw/hasyv2_download/hasy-data/v2-80447.png,div,13
data/raw/hasyv2_download/hasy-data/v2-145372.png,sqrt,21
data/raw/hasyv2_download/hasy-data/v2-137908.png,infty,15
data/raw/hasyv2_download/hasy-data/v2-00377.png,2,2
data/raw/hasyv2_download/hasy-data/v2-145338.png,sqrt,21
data/raw/hasyv2_download/hasy-data/v2-76349.png,times,22
data/raw/hasyv2_download/hasy-data/v2-20069.png,1,1
data/raw/hasyv2_download/hasy-data/v2-137536.png,infty,15
data/raw/hasyv2_download/hasy-data/v2-06729.png,times,22
data/raw/hasyv2_download/hasy-data/v2-20535.png,6,6
data/raw/hasyv2_download/hasy-data/v2-20079.png,1,1
data/raw/hasyv2_download/hasy-data/v2-137449.png,infty,15
data/raw/hasyv2_download/hasy-data/v2-145705.png,sqrt,21
data/raw/hasyv2_download/hasy-data/v2-145808.png,sqrt,21
data/raw/hasyv2_download/hasy-data/v2-20388.png,4,4
data/raw/hasyv2_download/hasy-data/v2-145529.png,sqrt,21
data/raw/hasyv2_download/hasy-data/v2-14451.png,sqrt,21
data/raw/hasyv2_download/hasy-data/v2-29658.png,a,10
data/raw/hasyv2_download/hasy-data/v2-66515.png,minus,18
data/raw/hasyv2_download/hasy-data/v2-76843.png,times,22
data/raw/hasyv2_download/hasy-data/v2-66530.png,minus,18
data/raw/hasyv2_download/hasy-data/v2-60999.png,lt,17
data/raw/hasyv2_download/hasy-data/v2-20201.png,2,2
data/raw/hasyv2_download/hasy-data/v2-145232.png,sqrt,21
data/raw/hasyv2_download/hasy-data/v2-75780.png,times,22
data/raw/hasyv2_download/hasy-data/v2-30966.png,z,25
data/raw/hasyv2_download/hasy-data/v2-13612.png,infty,15
data/raw/hasyv2_download/hasy-data/v2-145565.png,sqrt,21
data/raw/hasyv2_download/hasy-data/v2-80410.png,div,13
data/raw/hasyv2_download/hasy-data/v2-13727.png,infty,15
data/raw/hasyv2_download/hasy-data/v2-00400.png,4,4
data/raw/hasyv2_download/hasy-data/v2-138254.png,infty,15
data/raw/hasyv2_download/hasy-data/v2-19992.png,0,0
data/raw/hasyv2_download/hasy-data/v2-139815.png,infty,15
data/raw/hasyv2_download/hasy-data/v2-29803.png,c,12
data/raw/hasyv2_download/hasy-data/v2-76230.png,times,22
data/raw/hasyv2_download/hasy-data/v2-137731.png,infty,15
data/raw/hasyv2_download/hasy-data/v2-145272.png,sqrt,21
data/raw/hasyv2_download/hasy-data/v2-139563.png,infty,15
data/raw/hasyv2_download/hasy-data/v2-20350.png,3,3
data/raw/hasyv2_download/hasy-data/v2-138054.png,infty,15
data/raw/hasyv2_download/hasy-data/v2-137646.png,infty,15
data/raw/hasyv2_download/hasy-data/v2-145555.png,sqrt,21
data/raw/hasyv2_download/hasy-data/v2-66635.png,plus,19
data/raw/hasyv2_download/hasy-data/v2-132959.png,lbracket,16
data/raw/hasyv2_download/hasy-data/v2-14459.png,sqrt,21
data/raw/hasyv2_download/hasy-data/v2-20108.png,1,1
data/raw/hasyv2_download/hasy-data/v2-20540.png,6,6
data/raw/hasyv2_download/hasy-data/v2-30944.png,z,25
data/raw/hasyv2_download/hasy-data/v2-76342.png,times,22
data/raw/hasyv2_download/hasy-data/v2-13099.png,lbracket,16
data/raw/hasyv2_download/hasy-data/v2-139387.png,infty,15
data/raw/hasyv2_download/hasy-data/v2-137930.png,infty,15
data/raw/hasyv2_download/hasy-data/v2-133476.png,rbracket,20
data/raw/hasyv2_download/hasy-data/v2-133103.png,lbracket,16
data/raw/hasyv2_download/hasy-data/v2-145400.png,sqrt,21
data/raw/hasyv2_download/hasy-data/v2-138852.png,infty,15
data/raw/hasyv2_download/hasy-data/v2-145708.png,sqrt,21
data/raw/hasyv2_download/hasy-data/v2-139634.png,infty,15
data/raw/hasyv2_download/hasy-data/v2-145417.png,sqrt,21
data/raw/hasyv2_download/hasy-data/v2-14423.png,sqrt,21
data/raw/hasyv2_download/hasy-data/v2-132941.png,lbracket,16
data/raw/hasyv2_download/hasy-data/v2-75624.png,times,22
data/raw/hasyv2_download/hasy-data/v2-139374.png,infty,15
data/raw/hasyv2_download/hasy-data/v2-61114.png,gt,14
data/raw/hasyv2_download/hasy-data/v2-132600.png,lbracket,16
data/raw/hasyv2_download/hasy-data/v2-75781.png,times,22
data/raw/hasyv2_download/hasy-data/v2-76694.png,times,22
data/raw/hasyv2_download/hasy-data/v2-138622.png,infty,15
data/raw/hasyv2_download/hasy-data/v2-80231.png,div,13
data/raw/hasyv2_download/hasy-data/v2-75514.png,times,22
data/raw/hasyv2_download/hasy-data/v2-145286.png,sqrt,21
data/raw/hasyv2_download/hasy-data/v2-75822.png,times,22
data/raw/hasyv2_download/hasy-data/v2-133028.png,lbracket,16
data/raw/hasyv2_download/hasy-data/v2-76166.png,times,22
data/raw/hasyv2_download/hasy-data/v2-138184.png,infty,15
data/raw/hasyv2_download/hasy-data/v2-138997.png,infty,15
data/raw/hasyv2_download/hasy-data/v2-138163.png,infty,15
data/raw/hasyv2_download/hasy-data/v2-76504.png,times,22
data/raw/hasyv2_download/hasy-data/v2-30875.png,x,23
data/raw/hasyv2_download/hasy-data/v2-76635.png,times,22
data/raw/hasyv2_download/hasy-data/v2-138376.png,infty,15
data/raw/hasyv2_download/hasy-data/v2-80344.png,div,13
data/raw/hasyv2_download/hasy-data/v2-19943.png,0,0
data/raw/hasyv2_download/hasy-data/v2-139126.png,infty,15
data/raw/hasyv2_download/hasy-data/v2-20769.png,9,9
data/raw/hasyv2_download/hasy-data/v2-13668.png,infty,15
data/raw/hasyv2_download/hasy-data/v2-137460.png,infty,15
data/raw/hasyv2_download/hasy-data/v2-132717.png,lbracket,16
data/raw/hasyv2_download/hasy-data/v2-80256.png,div,13
data/raw/hasyv2_download/hasy-data/v2-29755.png,b,11
data/raw/hasyv2_download/hasy-data/v2-144993.png,sqrt,21
data/raw/hasyv2_download/hasy-data/v2-137742.png,infty,15
data/raw/hasyv2_download/hasy-data/v2-138206.png,infty,15
data/raw/hasyv2_download/hasy-data/v2-138005.png,infty,15
data/raw/hasyv2_download/hasy-data/v2-60980.png,lt,17
data/raw/hasyv2_download/hasy-data/v2-138072.png,infty,15
data/raw/hasyv2_download/hasy-data/v2-13806.png,infty,15
data/raw/hasyv2_download/hasy-data/v2-145278.png,sqrt,21
data/raw/hasyv2_download/hasy-data/v2-144944.png,sqrt,21
data/raw/hasyv2_download/hasy-data/v2-138946.png,infty,15
data/raw/hasyv2_download/hasy-data/v2-20301.png,3,3
data/raw/hasyv2_download/hasy-data/v2-138035.png,infty,15
data/raw/hasyv2_download/hasy-data/v2-14499.png,sqrt,21
data/raw/hasyv2_download/hasy-data/v2-20389.png,4,4
data/raw/hasyv2_download/hasy-data/v2-80243.png,div,13
data/raw/hasyv2_download/hasy-data/v2-133224.png,lbracket,16
data/raw/hasyv2_download/hasy-data/v2-132751.png,lbracket,16
data/raw/hasyv2_download/hasy-data/v2-20571.png,6,6
data/raw/hasyv2_download/hasy-data/v2-138506.png,infty,15
data/raw/hasyv2_download/hasy-data/v2-138744.png,infty,15
data/raw/hasyv2_download/hasy-data/v2-139221.png,infty,15
data/raw/hasyv2_download/hasy-data/v2-75998.png,times,22
data/raw/hasyv2_download/hasy-data/v2-133475.png,rbracket,20
data/raw/hasyv2_download/hasy-data/v2-132908.png,lbracket,16
data/raw/hasyv2_download/hasy-data/v2-13060.png,lbracket,16
data/raw/hasyv2_download/hasy-data/v2-138642.png,infty,15
data/raw/hasyv2_download/hasy-data/v2-145810.png,sqrt,21
data/raw/hasyv2_download/hasy-data/v2-145293.png,sqrt,21
data/raw/hasyv2_download/hasy-data/v2-13592.png,infty,15
data/raw/hasyv2_download/hasy-data/v2-138662.png,infty,15
data/raw/hasyv2_download/hasy-data/v2-76296.png,times,22
data/raw/hasyv2_download/hasy-data/v2-137574.png,infty,15
data/raw/hasyv2_download/hasy-data/v2-06700.png,times,22
data/raw/hasyv2_download/hasy-data/v2-20143.png,2,2
data/raw/hasyv2_download/hasy-data/v2-19946.png,0,0
data/raw/hasyv2_download/hasy-data/v2-137387.png,infty,15
data/raw/hasyv2_download/hasy-data/v2-20326.png,3,3
data/raw/hasyv2_download/hasy-data/v2-133233.png,lbracket,16
data/raw/hasyv2_download/hasy-data/v2-30980.png,z,25
data/raw/hasyv2_download/hasy-data/v2-145363.png,sqrt,21
data/raw/hasyv2_download/hasy-data/v2-20104.png,1,1
data/raw/hasyv2_download/hasy-data/v2-20703.png,8,8
data/raw/hasyv2_download/hasy-data/v2-145351.png,sqrt,21
data/raw/hasyv2_download/hasy-data/v2-145626.png,sqrt,21
data/raw/hasyv2_download/hasy-data/v2-139093.png,infty,15
data/raw/hasyv2_download/hasy-data/v2-76140.png,times,22
data/raw/hasyv2_download/hasy-data/v2-145590.png,sqrt,21
data/raw/hasyv2_download/hasy-data/v2-13628.png,infty,15
data/raw/hasyv2_download/hasy-data/v2-138107.png,infty,15
data/raw/hasyv2_download/hasy-data/v2-75655.png,times,22
data/raw/hasyv2_download/hasy-data/v2-138306.png,infty,15
data/raw/hasyv2_download/hasy-data/v2-61066.png,gt,14
data/raw/hasyv2_download/hasy-data/v2-30942.png,z,25
data/raw/hasyv2_download/hasy-data/v2-13130.png,rbracket,20
data/raw/hasyv2_download/hasy-data/v2-20334.png,3,3
data/raw/hasyv2_download/hasy-data/v2-60958.png,lt,17
data/raw/hasyv2_download/hasy-data/v2-145435.png,sqrt,21
data/raw/hasyv2_download/hasy-data/v2-75892.png,times,22
data/raw/hasyv2_download/hasy-data/v2-06670.png,times,22
data/raw/hasyv2_download/hasy-data/v2-138713.png,infty,15
data/raw/hasyv2_download/hasy-data/v2-13808.png,infty,15
data/raw/hasyv2_download/hasy-data/v2-139705.png,infty,15
data/raw/hasyv2_download/hasy-data/v2-133417.png,rbracket,20
data/raw/hasyv2_download/hasy-data/v2-138684.png,infty,15
data/raw/hasyv2_download/hasy-data/v2-76102.png,times,22
data/raw/hasyv2_download/hasy-data/v2-133192.png,lbracket,16
data/raw/hasyv2_download/hasy-data/v2-132789.png,lbracket,16
data/raw/hasyv2_download/hasy-data/v2-145747.png,sqrt,21
data/raw/hasyv2_download/hasy-data/v2-145558.png,sqrt,21
data/raw/hasyv2_download/hasy-data/v2-75692.png,times,22
data/raw/hasyv2_download/hasy-data/v2-138701.png,infty,15
data/raw/hasyv2_download/hasy-data/v2-132740.png,lbracket,16
data/raw/hasyv2_download/hasy-data/v2-20717.png,8,8
data/raw/hasyv2_download/hasy-data/v2-20810.png,9,9
data/raw/hasyv2_download/hasy-data/v2-75978.png,times,22
data/raw/hasyv2_download/hasy-data/v2-139051.png,infty,15
data/raw/hasyv2_download/hasy-data/v2-132934.png,lbracket,16
data/raw/hasyv2_download/hasy-data/v2-133307.png,lbracket,16
data/raw/hasyv2_download/hasy-data/v2-76857.png,times,22
data/raw/hasyv2_download/hasy-data/v2-13656.png,infty,15
data/raw/hasyv2_download/hasy-data/v2-76505.png,times,22
data/raw/hasyv2_download/hasy-data/v2-19926.png,0,0
data/raw/hasyv2_download/hasy-data/v2-133085.png,lbracket,16
data/raw/hasyv2_download/hasy-data/v2-139274.png,infty,15
data/raw/hasyv2_download/hasy-data/v2-139101.png,infty,15
data/raw/hasyv2_download/hasy-data/v2-138428.png,infty,15
data/raw/hasyv2_download/hasy-data/v2-138108.png,infty,15
data/raw/hasyv2_download/hasy-data/v2-138125.png,infty,15
data/raw/hasyv2_download/hasy-data/v2-133553.png,rbracket,20
data/raw/hasyv2_download/hasy-data/v2-145206.png,sqrt,21
data/raw/hasyv2_download/hasy-data/v2-75689.png,times,22
data/raw/hasyv2_download/hasy-data/v2-133047.png,lbracket,16
data/raw/hasyv2_download/hasy-data/v2-13078.png,lbracket,16
data/raw/hasyv2_download/hasy-data/v2-133571.png,rbracket,20
data/raw/hasyv2_download/hasy-data/v2-75615.png,times,22
data/raw/hasyv2_download/hasy-data/v2-138318.png,infty,15
data/raw/hasyv2_download/hasy-data/v2-139089.png,infty,15
data/raw/hasyv2_download/hasy-data/v2-145556.png,sqrt,21
data/raw/hasyv2_download/hasy-data/v2-138661.png,infty,15
data/raw/hasyv2_download/hasy-data/v2-76817.png,times,22
data/raw/hasyv2_download/hasy-data/v2-139775.png,infty,15
data/raw/hasyv2_download/hasy-data/v2-133009.png,lbracket,16
data/raw/hasyv2_download/hasy-data/v2-133481.png,rbracket,20
data/raw/hasyv2_download/hasy-data/v2-138594.png,infty,15
data/raw/hasyv2_download/hasy-data/v2-145282.png,sqrt,21
data/raw/hasyv2_download/hasy-data/v2-29665.png,a,10
data/raw/hasyv2_download/hasy-data/v2-06714.png,times,22
data/raw/hasyv2_download/hasy-data/v2-20000.png,0,0
data/raw/hasyv2_download/hasy-data/v2-20315.png,3,3
data/raw/hasyv2_download/hasy-data/v2-132712.png,lbracket,16
data/raw/hasyv2_download/hasy-data/v2-138248.png,infty,15
data/raw/hasyv2_download/hasy-data/v2-61037.png,lt,17
data/raw/hasyv2_download/hasy-data/v2-145296.png,sqrt,21
data/raw/hasyv2_download/hasy-data/v2-61128.png,gt,14
data/raw/hasyv2_download/hasy-data/v2-138418.png,infty,15
data/raw/hasyv2_download/hasy-data/v2-139436.png,infty,15
data/raw/hasyv2_download/hasy-data/v2-132592.png,lbracket,16
data/raw/hasyv2_download/hasy-data/v2-133436.png,rbracket,20
data/raw/hasyv2_download/hasy-data/v2-20264.png,3,3
data/raw/hasyv2_download/hasy-data/v2-75640.png,times,22
data/raw/hasyv2_download/hasy-data/v2-06703.png,times,22
data/raw/hasyv2_download/hasy-data/v2-00350.png,0,0
data/raw/hasyv2_download/hasy-data/v2-138600.png,infty,15
data/raw/hasyv2_download/hasy-data/v2-61063.png,gt,14
data/raw/hasyv2_download/hasy-data/v2-13031.png,lbracket,16
data/raw/hasyv2_download/hasy-data/v2-19935.png,0,0
data/raw/hasyv2_download/hasy-data/v2-20814.png,9,9
data/raw/hasyv2_download/hasy-data/v2-13695.png,infty,15
data/raw/hasyv2_download/hasy-data/v2-138839.png,infty,15
data/raw/hasyv2_download/hasy-data/v2-66663.png,plus,19
data/raw/hasyv2_download/hasy-data/v2-76581.png,times,22
data/raw/hasyv2_download/hasy-data/v2-80483.png,div,13
data/raw/hasyv2_download/hasy-data/v2-139817.png,infty,15
data/raw/hasyv2_download/hasy-data/v2-138834.png,infty,15
data/raw/hasyv2_download/hasy-data/v2-80218.png,div,13
data/raw/hasyv2_download/hasy-data/v2-76501.png,times,22
data/raw/hasyv2_download/hasy-data/v2-66603.png,plus,19
data/raw/hasyv2_download/hasy-data/v2-80273.png,div,13
data/raw/hasyv2_download/hasy-data/v2-76378.png,times,22
data/raw/hasyv2_download/hasy-data/v2-20606.png,7,7
data/raw/hasyv2_download/hasy-data/v2-29689.png,a,10
data/raw/hasyv2_download/hasy-data/v2-133463.png,rbracket,20
data/raw/hasyv2_download/hasy-data/v2-132765.png,lbracket,16
data/raw/hasyv2_download/hasy-data/v2-138791.png,infty,15
data/raw/hasyv2_download/hasy-data/v2-76473.png,times,22
data/raw/hasyv2_download/hasy-data/v2-145655.png,sqrt,21
data/raw/hasyv2_download/hasy-data/v2-139486.png,infty,15
data/raw/hasyv2_download/hasy-data/v2-137932.png,infty,15
data/raw/hasyv2_download/hasy-data/v2-13584.png,infty,15
data/raw/hasyv2_download/hasy-data/v2-75977.png,times,22
data/raw/hasyv2_download/hasy-data/v2-76584.png,times,22
data/raw/hasyv2_download/hasy-data/v2-137284.png,infty,15
data/raw/hasyv2_download/hasy-data/v2-139254.png,infty,15
data/raw/hasyv2_download/hasy-data/v2-139305.png,infty,15
data/raw/hasyv2_download/hasy-data/v2-13571.png,infty,15
data/raw/hasyv2_download/hasy-data/v2-20599.png,7,7
data/raw/hasyv2_download/hasy-data/v2-80331.png,div,13
data/raw/hasyv2_download/hasy-data/v2-137485.png,infty,15
data/raw/hasyv2_download/hasy-data/v2-76350.png,times,22
data/raw/hasyv2_download/hasy-data/v2-75576.png,times,22
data/raw/hasyv2_download/hasy-data/v2-145113.png,sqrt,21
data/raw/hasyv2_download/hasy-data/v2-138980.png,infty,15
data/raw/hasyv2_download/hasy-data/v2-75642.png,times,22
data/raw/hasyv2_download/hasy-data/v2-137759.png,infty,15
data/raw/hasyv2_download/hasy-data/v2-76267.png,times,22
data/raw/hasyv2_download/hasy-data/v2-137490.png,infty,15
data/raw/hasyv2_download/hasy-data/v2-20753.png,9,9
data/raw/hasyv2_download/hasy-data/v2-145673.png,sqrt,21
data/raw/hasyv2_download/hasy-data/v2-132780.png,lbracket,16
data/raw/hasyv2_download/hasy-data/v2-145458.png,sqrt,21
data/raw/hasyv2_download/hasy-data/v2-139810.png,infty,15
data/raw/hasyv2_download/hasy-data/v2-06589.png,times,22
data/raw/hasyv2_download/hasy-data/v2-30959.png,z,25
data/raw/hasyv2_download/hasy-data/v2-137578.png,infty,15
data/raw/hasyv2_download/hasy-data/v2-138631.png,infty,15
data/raw/hasyv2_download/hasy-data/v2-145252.png,sqrt,21
data/raw/hasyv2_download/hasy-data/v2-138355.png,infty,15
data/raw/hasyv2_download/hasy-data/v2-80358.png,div,13
data/raw/hasyv2_download/hasy-data/v2-00369.png,1,1
data/raw/hasyv2_download/hasy-data/v2-75741.png,times,22
data/raw/hasyv2_download/hasy-data/v2-76318.png,times,22
data/raw/hasyv2_download/hasy-data/v2-138903.png,infty,15
data/raw/hasyv2_download/hasy-data/v2-76524.png,times,22
data/raw/hasyv2_download/hasy-data/v2-139275.png,infty,15
data/raw/hasyv2_download/hasy-data/v2-20216.png,2,2
data/raw/hasyv2_download/hasy-data/v2-06684.png,times,22
data/raw/hasyv2_download/hasy-data/v2-76116.png,times,22
data/raw/hasyv2_download/hasy-data/v2-75732.png,times,22
data/raw/hasyv2_download/hasy-data/v2-138241.png,infty,15
data/raw/hasyv2_download/hasy-data/v2-133146.png,lbracket,16
data/raw/hasyv2_download/hasy-data/v2-137885.png,infty,15
data/raw/hasyv2_download/hasy-data/v2-61011.png,lt,17
data/raw/hasyv2_download/hasy-data/v2-76676.png,times,22
data/raw/hasyv2_download/hasy-data/v2-75950.png,times,22
data/raw/hasyv2_download/hasy-data/v2-01438.png,a,10
data/raw/hasyv2_download/hasy-data/v2-29759.png,c,12
data/raw/hasyv2_download/hasy-data/v2-19993.png,0,0
data/raw/hasyv2_download/hasy-data/v2-76841.png,times,22
data/raw/hasyv2_download/hasy-data/v2-132828.png,lbracket,16
data/raw/hasyv2_download/hasy-data/v2-139715.png,infty,15
data/raw/hasyv2_download/hasy-data/v2-145442.png,sqrt,21
data/raw/hasyv2_download/hasy-data/v2-76650.png,times,22
data/raw/hasyv2_download/hasy-data/v2-20434.png,5,5
data/raw/hasyv2_download/hasy-data/v2-139139.png,infty,15
data/raw/hasyv2_download/hasy-data/v2-138731.png,infty,15
data/raw/hasyv2_download/hasy-data/v2-76507.png,times,22
data/raw/hasyv2_download/hasy-data/v2-76737.png,times,22
data/raw/hasyv2_download/hasy-data/v2-20044.png,1,1
data/raw/hasyv2_download/hasy-data/v2-06690.png,times,22
data/raw/hasyv2_download/hasy-data/v2-07131.png,div,13
data/raw/hasyv2_download/hasy-data/v2-66517.png,minus,18
data/raw/hasyv2_download/hasy-data/v2-139067.png,infty,15
data/raw/hasyv2_download/hasy-data/v2-30878.png,x,23
data/raw/hasyv2_download/hasy-data/v2-80430.png,div,13
data/raw/hasyv2_download/hasy-data/v2-145504.png,sqrt,21
data/raw/hasyv2_download/hasy-data/v2-138057.png,infty,15
data/raw/hasyv2_download/hasy-data/v2-132930.png,lbracket,16
data/raw/hasyv2_download/hasy-data/v2-80228.png,div,13
data/raw/hasyv2_download/hasy-data/v2-138494.png,infty,15
data/raw/hasyv2_download/hasy-data/v2-30954.png,z,25
data/raw/hasyv2_download/hasy-data/v2-06630.png,times,22
data/raw/hasyv2_download/hasy-data/v2-138144.png,infty,15
data/raw/hasyv2_download/hasy-data/v2-138391.png,infty,15
data/raw/hasyv2_download/hasy-data/v2-144939.png,sqrt,21
data/raw/hasyv2_download/hasy-data/v2-145421.png,sqrt,21
data/raw/hasyv2_download/hasy-data/v2-75547.png,times,22
data/raw/hasyv2_download/hasy-data/v2-138064.png,infty,15
data/raw/hasyv2_download/hasy-data/v2-20003.png,0,0
data/raw/hasyv2_download/hasy-data/v2-30914.png,y,24
data/raw/hasyv2_download/hasy-data/v2-76854.png,times,22
data/raw/hasyv2_download/hasy-data/v2-139132.png,infty,15
data/raw/hasyv2_download/hasy-data/v2-19963.png,0,0
data/raw/hasyv2_download/hasy-data/v2-76264.png,times,22
data/raw/hasyv2_download/hasy-data/v2-66641.png,plus,19
data/raw/hasyv2_download/hasy-data/v2-132888.png,lbracket,16
data/raw/hasyv2_download/hasy-data/v2-137929.png,infty,15
data/raw/hasyv2_download/hasy-data/v2-138602.png,infty,15
data/raw/hasyv2_download/hasy-data/v2-139179.png,infty,15
data/raw/hasyv2_download/hasy-data/v2-145192.png,sqrt,21
data/raw/hasyv2_download/hasy-data/v2-75600.png,times,22
data/raw/hasyv2_download/hasy-data/v2-139279.png,infty,15
data/raw/hasyv2_download/hasy-data/v2-138563.png,infty,15
data/raw/hasyv2_download/hasy-data/v2-138867.png,infty,15
data/raw/hasyv2_download/hasy-data/v2-139730.png,infty,15
data/raw/hasyv2_download/hasy-data/v2-139140.png,infty,15
data/raw/hasyv2_download/hasy-data/v2-20555.png,6,6
data/raw/hasyv2_download/hasy-data/v2-75716.png,times,22
data/raw/hasyv2_download/hasy-data/v2-75796.png,times,22
data/raw/hasyv2_download/hasy-data/v2-133080.png,lbracket,16
data/raw/hasyv2_download/hasy-data/v2-139219.png,infty,15
data/raw/hasyv2_download/hasy-data/v2-75756.png,times,22
data/raw/hasyv2_download/hasy-data/v2-13810.png,infty,15
data/raw/hasyv2_download/hasy-data/v2-145709.png,sqrt,21
data/raw/hasyv2_download/hasy-data/v2-137675.png,infty,15
data/raw/hasyv2_download/hasy-data/v2-61121.png,gt,14
data/raw/hasyv2_download/hasy-data/v2-13565.png,infty,15
data/raw/hasyv2_download/hasy-data/v2-20340.png,3,3
data/raw/hasyv2_download/hasy-data/v2-13563.png,infty,15
data/raw/hasyv2_download/hasy-data/v2-137409.png,infty,15
data/raw/hasyv2_download/hasy-data/v2-76150.png,times,22
data/raw/hasyv2_download/hasy-data/v2-132556.png,lbracket,16
data/raw/hasyv2_download/hasy-data/v2-138871.png,infty,15
data/raw/hasyv2_download/hasy-data/v2-13671.png,infty,15
data/raw/hasyv2_download/hasy-data/v2-66597.png,plus,19
data/raw/hasyv2_download/hasy-data/v2-137621.png,infty,15
data/raw/hasyv2_download/hasy-data/v2-14472.png,sqrt,21
data/raw/hasyv2_download/hasy-data/v2-14478.png,sqrt,21
data/raw/hasyv2_download/hasy-data/v2-138982.png,infty,15
data/raw/hasyv2_download/hasy-data/v2-137624.png,infty,15
data/raw/hasyv2_download/hasy-data/v2-138930.png,infty,15
data/raw/hasyv2_download/hasy-data/v2-30847.png,x,23
data/raw/hasyv2_download/hasy-data/v2-138621.png,infty,15
data/raw/hasyv2_download/hasy-data/v2-80403.png,div,13
data/raw/hasyv2_download/hasy-data/v2-76710.png,times,22
data/raw/hasyv2_download/hasy-data/v2-139745.png,infty,15
data/raw/hasyv2_download/hasy-data/v2-30870.png,x,23
data/raw/hasyv2_download/hasy-data/v2-139085.png,infty,15
data/raw/hasyv2_download/hasy-data/v2-139234.png,infty,15
data/raw/hasyv2_download/hasy-data/v2-145639.png,sqrt,21
data/raw/hasyv2_download/hasy-data/v2-76258.png,times,22
data/raw/hasyv2_download/hasy-data/v2-139633.png,infty,15
data/raw/hasyv2_download/hasy-data/v2-20756.png,9,9
data/raw/hasyv2_download/hasy-data/v2-145216.png,sqrt,21
data/raw/hasyv2_download/hasy-data/v2-132727.png,lbracket,16
data/raw/hasyv2_download/hasy-data/v2-75740.png,times,22
data/raw/hasyv2_download/hasy-data/v2-13750.png,infty,15
data/raw/hasyv2_download/hasy-data/v2-76089.png,times,22
data/raw/hasyv2_download/hasy-data/v2-61088.png,gt,14
data/raw/hasyv2_download/hasy-data/v2-137825.png,infty,15
data/raw/hasyv2_download/hasy-data/v2-66630.png,plus,19
data/raw/hasyv2_download/hasy-data/v2-06709.png,times,22
data/raw/hasyv2_download/hasy-data/v2-137360.png,infty,15
data/raw/hasyv2_download/hasy-data/v2-76621.png,times,22
data/raw/hasyv2_download/hasy-data/v2-137807.png,infty,15
data/raw/hasyv2_download/hasy-data/v2-75852.png,times,22
data/raw/hasyv2_download/hasy-data/v2-133355.png,rbracket,20
data/raw/hasyv2_download/hasy-data/v2-06632.png,times,22
data/raw/hasyv2_download/hasy-data/v2-139515.png,infty,15
data/raw/hasyv2_download/hasy-data/v2-138620.png,infty,15
data/raw/hasyv2_download/hasy-data/v2-138854.png,infty,15
data/raw/hasyv2_download/hasy-data/v2-13633.png,infty,15
data/raw/hasyv2_download/hasy-data/v2-138354.png,infty,15
data/raw/hasyv2_download/hasy-data/v2-76661.png,times,22
data/raw/hasyv2_download/hasy-data/v2-76184.png,times,22
data/raw/hasyv2_download/hasy-data/v2-76845.png,times,22
data/raw/hasyv2_download/hasy-data/v2-133334.png,lbracket,16
data/raw/hasyv2_download/hasy-data/v2-138370.png,infty,15
data/raw/hasyv2_download/hasy-data/v2-75714.png,times,22
data/raw/hasyv2_download/hasy-data/v2-137773.png,infty,15
data/raw/hasyv2_download/hasy-data/v2-137732.png,infty,15
data/raw/hasyv2_download/hasy-data/v2-76448.png,times,22
data/raw/hasyv2_download/hasy-data/v2-29710.png,b,11
data/raw/hasyv2_download/hasy-data/v2-76554.png,times,22
data/raw/hasyv2_download/hasy-data/v2-30906.png,y,24
data/raw/hasyv2_download/hasy-data/v2-06692.png,times,22
data/raw/hasyv2_download/hasy-data/v2-61083.png,gt,14
data/raw/hasyv2_download/hasy-data/v2-76464.png,times,22
data/raw/hasyv2_download/hasy-data/v2-137283.png,infty,15
data/raw/hasyv2_download/hasy-data/v2-75664.png,times,22
data/raw/hasyv2_download/hasy-data/v2-133035.png,lbracket,16
data/raw/hasyv2_download/hasy-data/v2-133011.png,lbracket,16
data/raw/hasyv2_download/hasy-data/v2-145603.png,sqrt,21
data/raw/hasyv2_download/hasy-data/v2-20720.png,8,8
data/raw/hasyv2_download/hasy-data/v2-139804.png,infty,15
data/raw/hasyv2_download/hasy-data/v2-132719.png,lbracket,16
data/raw/hasyv2_download/hasy-data/v2-137568.png,infty,15
data/raw/hasyv2_download/hasy-data/v2-76751.png,times,22
data/raw/hasyv2_download/hasy-data/v2-138708.png,infty,15
data/raw/hasyv2_download/hasy-data/v2-00399.png,4,4
data/raw/hasyv2_download/hasy-data/v2-76704.png,times,22
data/raw/hasyv2_download/hasy-data/v2-138140.png,infty,15
data/raw/hasyv2_download/hasy-data/v2-13112.png,lbracket,16
data/raw/hasyv2_download/hasy-data/v2-19984.png,0,0
data/raw/hasyv2_download/hasy-data/v2-29751.png,b,11
data/raw/hasyv2_download/hasy-data/v2-133113.png,lbracket,16
data/raw/hasyv2_download/hasy-data/v2-132710.png,lbracket,16
data/raw/hasyv2_download/hasy-data/v2-80223.png,div,13
data/raw/hasyv2_download/hasy-data/v2-133099.png,lbracket,16
data/raw/hasyv2_download/hasy-data/v2-29748.png,b,11
data/raw/hasyv2_download/hasy-data/v2-76804.png,times,22
data/raw/hasyv2_download/hasy-data/v2-76018.png,times,22
data/raw/hasyv2_download/hasy-data/v2-139021.png,infty,15
data/raw/hasyv2_download/hasy-data/v2-132610.png,lbracket,16
data/raw/hasyv2_download/hasy-data/v2-30951.png,z,25
data/raw/hasyv2_download/hasy-data/v2-145162.png,sqrt,21
data/raw/hasyv2_download/hasy-data/v2-137569.png,infty,15
data/raw/hasyv2_download/hasy-data/v2-66618.png,plus,19
data/raw/hasyv2_download/hasy-data/v2-137711.png,infty,15
data/raw/hasyv2_download/hasy-data/v2-138096.png,infty,15
data/raw/hasyv2_download/hasy-data/v2-145087.png,sqrt,21
data/raw/hasyv2_download/hasy-data/v2-80295.png,div,13
data/raw/hasyv2_download/hasy-data/v2-145771.png,sqrt,21
data/raw/hasyv2_download/hasy-data/v2-139410.png,infty,15
data/raw/hasyv2_download/hasy-data/v2-76630.png,times,22
data/raw/hasyv2_download/hasy-data/v2-137973.png,infty,15
data/raw/hasyv2_download/hasy-data/v2-139103.png,infty,15
data/raw/hasyv2_download/hasy-data/v2-75622.png,times,22
data/raw/hasyv2_download/hasy-data/v2-13838.png,infty,15
data/raw/hasyv2_download/hasy-data/v2-60945.png,lt,17
data/raw/hasyv2_download/hasy-data/v2-132839.png,lbracket,16
data/raw/hasyv2_download/hasy-data/v2-06688.png,times,22
data/raw/hasyv2_download/hasy-data/v2-66575.png,minus,18
data/raw/hasyv2_download/hasy-data/v2-145234.png,sqrt,21
data/raw/hasyv2_download/hasy-data/v2-30863.png,x,23
data/raw/hasyv2_download/hasy-data/v2-138936.png,infty,15
data/raw/hasyv2_download/hasy-data/v2-20584.png,7,7
data/raw/hasyv2_download/hasy-data/v2-29731.png,b,11
data/raw/hasyv2_download/hasy-data/v2-14480.png,sqrt,21
data/raw/hasyv2_download/hasy-data/v2-76658.png,times,22
data/raw/hasyv2_download/hasy-data/v2-144992.png,sqrt,21
data/raw/hasyv2_download/hasy-data/v2-76421.png,times,22
data/raw/hasyv2_download/hasy-data/v2-76145.png,times,22
data/raw/hasyv2_download/hasy-data/v2-133191.png,lbracket,16
data/raw/hasyv2_download/hasy-data/v2-137491.png,infty,15
data/raw/hasyv2_download/hasy-data/v2-13640.png,infty,15
data/raw/hasyv2_download/hasy-data/v2-145281.png,sqrt,21
data/raw/hasyv2_download/hasy-data/v2-138815.png,infty,15
data/raw/hasyv2_download/hasy-data/v2-00426.png,7,7
data/raw/hasyv2_download/hasy-data/v2-133375.png,rbracket,20
data/raw/hasyv2_download/hasy-data/v2-145279.png,sqrt,21
data/raw/hasyv2_download/hasy-data/v2-138738.png,infty,15
data/raw/hasyv2_download/hasy-data/v2-76760.png,times,22
data/raw/hasyv2_download/hasy-data/v2-137841.png,infty,15
data/raw/hasyv2_download/hasy-data/v2-139041.png,infty,15
data/raw/hasyv2_download/hasy-data/v2-145512.png,sqrt,21
data/raw/hasyv2_download/hasy-data/v2-61042.png,lt,17
data/raw/hasyv2_download/hasy-data/v2-137547.png,infty,15
data/raw/hasyv2_download/hasy-data/v2-30865.png,x,23
data/raw/hasyv2_download/hasy-data/v2-76302.png,times,22
data/raw/hasyv2_download/hasy-data/v2-76319.png,times,22
data/raw/hasyv2_download/hasy-data/v2-61071.png,gt,14
data/raw/hasyv2_download/hasy-data/v2-75951.png,times,22
data/raw/hasyv2_download/hasy-data/v2-01451.png,c,12
data/raw/hasyv2_download/hasy-data/v2-139641.png,infty,15
data/raw/hasyv2_download/hasy-data/v2-76039.png,times,22
data/raw/hasyv2_download/hasy-data/v2-133312.png,lbracket,16
data/raw/hasyv2_download/hasy-data/v2-132864.png,lbracket,16
data/raw/hasyv2_download/hasy-data/v2-145424.png,sqrt,21
data/raw/hasyv2_download/hasy-data/v2-06609.png,times,22
data/raw/hasyv2_download/hasy-data/v2-13708.png,infty,15
data/raw/hasyv2_download/hasy-data/v2-138128.png,infty,15
data/raw/hasyv2_download/hasy-data/v2-76092.png,times,22
data/raw/hasyv2_download/hasy-data/v2-139152.png,infty,15
data/raw/hasyv2_download/hasy-data/v2-138771.png,infty,15
data/raw/hasyv2_download/hasy-data/v2-133387.png,rbracket,20
data/raw/hasyv2_download/hasy-data/v2-137829.png,infty,15
data/raw/hasyv2_download/hasy-data/v2-133051.png,lbracket,16
data/raw/hasyv2_download/hasy-data/v2-138486.png,infty,15
data/raw/hasyv2_download/hasy-data/v2-145546.png,sqrt,21
data/raw/hasyv2_download/hasy-data/v2-145759.png,sqrt,21
data/raw/hasyv2_download/hasy-data/v2-137507.png,infty,15
data/raw/hasyv2_download/hasy-data/v2-145406.png,sqrt,21
data/raw/hasyv2_download/hasy-data/v2-137800.png,infty,15
data/raw/hasyv2_download/hasy-data/v2-139418.png,infty,15
data/raw/hasyv2_download/hasy-data/v2-76207.png,times,22
data/raw/hasyv2_download/hasy-data/v2-132875.png,lbracket,16
data/raw/hasyv2_download/hasy-data/v2-13789.png,infty,15
data/raw/hasyv2_download/hasy-data/v2-05578.png,minus,18
data/raw/hasyv2_download/hasy-data/v2-76538.png,times,22
data/raw/hasyv2_download/hasy-data/v2-138453.png,infty,15
data/raw/hasyv2_download/hasy-data/v2-13638.png,infty,15
data/raw/hasyv2_download/hasy-data/v2-145531.png,sqrt,21
data/raw/hasyv2_download/hasy-data/v2-145254.png,sqrt,21
data/raw/hasyv2_download/hasy-data/v2-76586.png,times,22
data/raw/hasyv2_download/hasy-data/v2-133136.png,lbracket,16
data/raw/hasyv2_download/hasy-data/v2-137718.png,infty,15
data/raw/hasyv2_download/hasy-data/v2-139728.png,infty,15
data/raw/hasyv2_download/hasy-data/v2-139398.png,infty,15
data/raw/hasyv2_download/hasy-data/v2-20457.png,5,5
data/raw/hasyv2_download/hasy-data/v2-137708.png,infty,15
data/raw/hasyv2_download/hasy-data/v2-145454.png,sqrt,21
data/raw/hasyv2_download/hasy-data/v2-13635.png,infty,15
data/raw/hasyv2_download/hasy-data/v2-145055.png,sqrt,21
data/raw/hasyv2_download/hasy-data/v2-29782.png,c,12
data/raw/hasyv2_download/hasy-data/v2-137863.png,infty,15
data/raw/hasyv2_download/hasy-data/v2-139253.png,infty,15
data/raw/hasyv2_download/hasy-data/v2-139770.png,infty,15
data/raw/hasyv2_download/hasy-data/v2-138122.png,infty,15
data/raw/hasyv2_download/hasy-data/v2-139869.png,infty,15
data/raw/hasyv2_download/hasy-data/v2-132562.png,lbracket,16
data/raw/hasyv2_download/hasy-data/v2-13714.png,infty,15
data/raw/hasyv2_download/hasy-data/v2-138427.png,infty,15
data/raw/hasyv2_download/hasy-data/v2-13561.png,infty,15
data/raw/hasyv2_download/hasy-data/v2-133046.png,lbracket,16
data/raw/hasyv2_download/hasy-data/v2-139362.png,infty,15
data/raw/hasyv2_download/hasy-data/v2-133381.png,rbracket,20
data/raw/hasyv2_download/hasy-data/v2-139342.png,infty,15
data/raw/hasyv2_download/hasy-data/v2-138568.png,infty,15
data/raw/hasyv2_download/hasy-data/v2-139046.png,infty,15
data/raw/hasyv2_download/hasy-data/v2-139196.png,infty,15
data/raw/hasyv2_download/hasy-data/v2-138837.png,infty,15
data/raw/hasyv2_download/hasy-data/v2-61110.png,gt,14
data/raw/hasyv2_download/hasy-data/v2-20225.png,2,2
data/raw/hasyv2_download/hasy-data/v2-145060.png,sqrt,21
data/raw/hasyv2_download/hasy-data/v2-133295.png,lbracket,16
data/raw/hasyv2_download/hasy-data/v2-20363.png,4,4
data/raw/hasyv2_download/hasy-data/v2-80360.png,div,13
data/raw/hasyv2_download/hasy-data/v2-01588.png,y,24
data/raw/hasyv2_download/hasy-data/v2-139543.png,infty,15
data/raw/hasyv2_download/hasy-data/v2-76600.png,times,22
data/raw/hasyv2_download/hasy-data/v2-145158.png,sqrt,21
data/raw/hasyv2_download/hasy-data/v2-139177.png,infty,15
data/raw/hasyv2_download/hasy-data/v2-13720.png,infty,15
data/raw/hasyv2_download/hasy-data/v2-137521.png,infty,15
data/raw/hasyv2_download/hasy-data/v2-20530.png,6,6
data/raw/hasyv2_download/hasy-data/v2-20367.png,4,4
data/raw/hasyv2_download/hasy-data/v2-76640.png,times,22
data/raw/hasyv2_download/hasy-data/v2-29735.png,b,11
data/raw/hasyv2_download/hasy-data/v2-139009.png,infty,15
data/raw/hasyv2_download/hasy-data/v2-137505.png,infty,15
data/raw/hasyv2_download/hasy-data/v2-145122.png,sqrt,21
data/raw/hasyv2_download/hasy-data/v2-20692.png,8,8
data/raw/hasyv2_download/hasy-data/v2-133033.png,lbracket,16
data/raw/hasyv2_download/hasy-data/v2-20335.png,3,3
data/raw/hasyv2_download/hasy-data/v2-01586.png,y,24
data/raw/hasyv2_download/hasy-data/v2-76463.png,times,22
data/raw/hasyv2_download/hasy-data/v2-20060.png,1,1
data/raw/hasyv2_download/hasy-data/v2-139238.png,infty,15
data/raw/hasyv2_download/hasy-data/v2-20041.png,1,1
data/raw/hasyv2_download/hasy-data/v2-75916.png,times,22
data/raw/hasyv2_download/hasy-data/v2-20581.png,7,7
data/raw/hasyv2_download/hasy-data/v2-145147.png,sqrt,21
data/raw/hasyv2_download/hasy-data/v2-139778.png,infty,15
data/raw/hasyv2_download/hasy-data/v2-76007.png,times,22
data/raw/hasyv2_download/hasy-data/v2-76120.png,times,22
data/raw/hasyv2_download/hasy-data/v2-13037.png,lbracket,16
data/raw/hasyv2_download/hasy-data/v2-20037.png,1,1
data/raw/hasyv2_download/hasy-data/v2-145697.png,sqrt,21
data/raw/hasyv2_download/hasy-data/v2-132768.png,lbracket,16
data/raw/hasyv2_download/hasy-data/v2-137741.png,infty,15
data/raw/hasyv2_download/hasy-data/v2-20328.png,3,3
data/raw/hasyv2_download/hasy-data/v2-75705.png,times,22
data/raw/hasyv2_download/hasy-data/v2-01435.png,a,10
data/raw/hasyv2_download/hasy-data/v2-145233.png,sqrt,21
data/raw/hasyv2_download/hasy-data/v2-20806.png,9,9
data/raw/hasyv2_download/hasy-data/v2-137457.png,infty,15
data/raw/hasyv2_download/hasy-data/v2-20137.png,1,1
data/raw/hasyv2_download/hasy-data/v2-132863.png,lbracket,16
data/raw/hasyv2_download/hasy-data/v2-19927.png,0,0
data/raw/hasyv2_download/hasy-data/v2-145536.png,sqrt,21
data/raw/hasyv2_download/hasy-data/v2-133247.png,lbracket,16
data/raw/hasyv2_download/hasy-data/v2-139793.png,infty,15
data/raw/hasyv2_download/hasy-data/v2-144943.png,sqrt,21
data/raw/hasyv2_download/hasy-data/v2-13805.png,infty,15
data/raw/hasyv2_download/hasy-data/v2-66521.png,minus,18
data/raw/hasyv2_download/hasy-data/v2-145366.png,sqrt,21
data/raw/hasyv2_download/hasy-data/v2-13061.png,lbracket,16
data/raw/hasyv2_download/hasy-data/v2-61053.png,gt,14
data/raw/hasyv2_download/hasy-data/v2-20407.png,4,4
data/raw/hasyv2_download/hasy-data/v2-75513.png,times,22
data/raw/hasyv2_download/hasy-data/v2-137903.png,infty,15
data/raw/hasyv2_download/hasy-data/v2-139559.png,infty,15
data/raw/hasyv2_download/hasy-data/v2-76128.png,times,22
data/raw/hasyv2_download/hasy-data/v2-75695.png,times,22
data/raw/hasyv2_download/hasy-data/v2-138933.png,infty,15
data/raw/hasyv2_download/hasy-data/v2-137324.png,infty,15
data/raw/hasyv2_download/hasy-data/v2-137546.png,infty,15
data/raw/hasyv2_download/hasy-data/v2-07125.png,div,13
data/raw/hasyv2_download/hasy-data/v2-133022.png,lbracket,16
data/raw/hasyv2_download/hasy-data/v2-138133.png,infty,15
data/raw/hasyv2_download/hasy-data/v2-30874.png,x,23
data/raw/hasyv2_download/hasy-data/v2-75708.png,times,22
data/raw/hasyv2_download/hasy-data/v2-145599.png,sqrt,21
data/raw/hasyv2_download/hasy-data/v2-30933.png,y,24
data/raw/hasyv2_download/hasy-data/v2-132559.png,lbracket,16
data/raw/hasyv2_download/hasy-data/v2-75974.png,times,22
data/raw/hasyv2_download/hasy-data/v2-76289.png,times,22
data/raw/hasyv2_download/hasy-data/v2-20308.png,3,3
data/raw/hasyv2_download/hasy-data/v2-139312.png,infty,15
data/raw/hasyv2_download/hasy-data/v2-19917.png,0,0
data/raw/hasyv2_download/hasy-data/v2-132919.png,lbracket,16
data/raw/hasyv2_download/hasy-data/v2-133219.png,lbracket,16
data/raw/hasyv2_download/hasy-data/v2-132750.png,lbracket,16
data/raw/hasyv2_download/hasy-data/v2-76424.png,times,22
data/raw/hasyv2_download/hasy-data/v2-75930.png,times,22
data/raw/hasyv2_download/hasy-data/v2-80383.png,div,13
data/raw/hasyv2_download/hasy-data/v2-13678.png,infty,15
data/raw/hasyv2_download/hasy-data/v2-139202.png,infty,15
data/raw/hasyv2_download/hasy-data/v2-138099.png,infty,15
data/raw/hasyv2_download/hasy-data/v2-132554.png,lbracket,16
data/raw/hasyv2_download/hasy-data/v2-29746.png,b,11
data/raw/hasyv2_download/hasy-data/v2-133520.png,rbracket,20
data/raw/hasyv2_download/hasy-data/v2-139751.png,infty,15
data/raw/hasyv2_download/hasy-data/v2-145128.png,sqrt,21
data/raw/hasyv2_download/hasy-data/v2-132806.png,lbracket,16
data/raw/hasyv2_download/hasy-data/v2-66568.png,minus,18
data/raw/hasyv2_download/hasy-data/v2-13781.png,infty,15
data/raw/hasyv2_download/hasy-data/v2-145765.png,sqrt,21
data/raw/hasyv2_download/hasy-data/v2-145331.png,sqrt,21
data/raw/hasyv2_download/hasy-data/v2-80298.png,div,13
data/raw/hasyv2_download/hasy-data/v2-14506.png,sqrt,21
data/raw/hasyv2_download/hasy-data/v2-139772.png,infty,15
data/raw/hasyv2_download/hasy-data/v2-137834.png,infty,15
data/raw/hasyv2_download/hasy-data/v2-80384.png,div,13
data/raw/hasyv2_download/hasy-data/v2-75635.png,times,22
data/raw/hasyv2_download/hasy-data/v2-20649.png,8,8
data/raw/hasyv2_download/hasy-data/v2-132676.png,lbracket,16
data/raw/hasyv2_download/hasy-data/v2-138962.png,infty,15
data/raw/hasyv2_download/hasy-data/v2-14435.png,sqrt,21
data/raw/hasyv2_download/hasy-data/v2-75980.png,times,22
data/raw/hasyv2_download/hasy-data/v2-75866.png,times,22
data/raw/hasyv2_download/hasy-data/v2-76682.png,times,22
data/raw/hasyv2_download/hasy-data/v2-138375.png,infty,15
data/raw/hasyv2_download/hasy-data/v2-76764.png,times,22
data/raw/hasyv2_download/hasy-data/v2-76087.png,times,22
data/raw/hasyv2_download/hasy-data/v2-76225.png,times,22
data/raw/hasyv2_download/hasy-data/v2-75897.png,times,22
data/raw/hasyv2_download/hasy-data/v2-145285.png,sqrt,21
data/raw/hasyv2_download/hasy-data/v2-75677.png,times,22
data/raw/hasyv2_download/hasy-data/v2-138110.png,infty,15
data/raw/hasyv2_download/hasy-data/v2-76667.png,times,22
data/raw/hasyv2_download/hasy-data/v2-132773.png,lbracket,16
data/raw/hasyv2_download/hasy-data/v2-145105.png,sqrt,21
data/raw/hasyv2_download/hasy-data/v2-30894.png,y,24
data/raw/hasyv2_download/hasy-data/v2-145008.png,sqrt,21
data/raw/hasyv2_download/hasy-data/v2-137368.png,infty,15
data/raw/hasyv2_download/hasy-data/v2-20255.png,3,3
data/raw/hasyv2_download/hasy-data/v2-132580.png,lbracket,16
data/raw/hasyv2_download/hasy-data/v2-139491.png,infty,15
data/raw/hasyv2_download/hasy-data/v2-04950.png,lt,17
data/raw/hasyv2_download/hasy-data/v2-66652.png,plus,19
data/raw/hasyv2_download/hasy-data/v2-75902.png,times,22
data/raw/hasyv2_download/hasy-data/v2-13602.png,infty,15
data/raw/hasyv2_download/hasy-data/v2-20761.png,9,9
data/raw/hasyv2_download/hasy-data/v2-14479.png,sqrt,21
data/raw/hasyv2_download/hasy-data/v2-145634.png,sqrt,21
data/raw/hasyv2_download/hasy-data/v2-132924.png,lbracket,16
data/raw/hasyv2_download/hasy-data/v2-132927.png,lbracket,16
data/raw/hasyv2_download/hasy-data/v2-76569.png,times,22
data/raw/hasyv2_download/hasy-data/v2-13739.png,infty,15
data/raw/hasyv2_download/hasy-data/v2-139470.png,infty,15
data/raw/hasyv2_download/hasy-data/v2-75861.png,times,22
data/raw/hasyv2_download/hasy-data/v2-76411.png,times,22
data/raw/hasyv2_download/hasy-data/v2-20626.png,7,7
data/raw/hasyv2_download/hasy-data/v2-137539.png,infty,15
data/raw/hasyv2_download/hasy-data/v2-132631.png,lbracket,16
data/raw/hasyv2_download/hasy-data/v2-66514.png,minus,18
data/raw/hasyv2_download/hasy-data/v2-139586.png,infty,15
data/raw/hasyv2_download/hasy-data/v2-139572.png,infty,15
data/raw/hasyv2_download/hasy-data/v2-20332.png,3,3
data/raw/hasyv2_download/hasy-data/v2-76054.png,times,22
data/raw/hasyv2_download/hasy-data/v2-133185.png,lbracket,16
data/raw/hasyv2_download/hasy-data/v2-04966.png,gt,14
data/raw/hasyv2_download/hasy-data/v2-145142.png,sqrt,21
data/raw/hasyv2_download/hasy-data/v2-76161.png,times,22
data/raw/hasyv2_download/hasy-data/v2-20186.png,2,2
data/raw/hasyv2_download/hasy-data/v2-138799.png,infty,15
data/raw/hasyv2_download/hasy-data/v2-139831.png,infty,15
data/raw/hasyv2_download/hasy-data/v2-30844.png,x,23
data/raw/hasyv2_download/hasy-data/v2-133284.png,lbracket,16
data/raw/hasyv2_download/hasy-data/v2-13110.png,lbracket,16
data/raw/hasyv2_download/hasy-data/v2-75823.png,times,22
data/raw/hasyv2_download/hasy-data/v2-75662.png,times,22
data/raw/hasyv2_download/hasy-data/v2-20419.png,5,5
data/raw/hasyv2_download/hasy-data/v2-138890.png,infty,15
data/raw/hasyv2_download/hasy-data/v2-145337.png,sqrt,21
data/raw/hasyv2_download/hasy-data/v2-20095.png,1,1
data/raw/hasyv2_download/hasy-data/v2-29741.png,b,11
data/raw/hasyv2_download/hasy-data/v2-29675.png,a,10
data/raw/hasyv2_download/hasy-data/v2-138138.png,infty,15
data/raw/hasyv2_download/hasy-data/v2-139232.png,infty,15
data/raw/hasyv2_download/hasy-data/v2-138655.png,infty,15
data/raw/hasyv2_download/hasy-data/v2-19915.png,0,0
data/raw/hasyv2_download/hasy-data/v2-137637.png,infty,15
data/raw/hasyv2_download/hasy-data/v2-139519.png,infty,15
data/raw/hasyv2_download/hasy-data/v2-145054.png,sqrt,21
data/raw/hasyv2_download/hasy-data/v2-76360.png,times,22
data/raw/hasyv2_download/hasy-data/v2-139835.png,infty,15
data/raw/hasyv2_download/hasy-data/v2-139564.png,infty,15
data/raw/hasyv2_download/hasy-data/v2-145532.png,sqrt,21
data/raw/hasyv2_download/hasy-data/v2-144964.png,sqrt,21
data/raw/hasyv2_download/hasy-data/v2-132543.png,lbracket,16
data/raw/hasyv2_download/hasy-data/v2-145067.png,sqrt,21
data/raw/hasyv2_download/hasy-data/v2-145260.png,sqrt,21
data/raw/hasyv2_download/hasy-data/v2-137272.png,infty,15
data/raw/hasyv2_download/hasy-data/v2-20028.png,0,0
data/raw/hasyv2_download/hasy-data/v2-133166.png,lbracket,16
data/raw/hasyv2_download/hasy-data/v2-76583.png,times,22
data/raw/hasyv2_download/hasy-data/v2-137627.png,infty,15
data/raw/hasyv2_download/hasy-data/v2-20429.png,5,5
data/raw/hasyv2_download/hasy-data/v2-137486.png,infty,15
data/raw/hasyv2_download/hasy-data/v2-145812.png,sqrt,21
data/raw/hasyv2_download/hasy-data/v2-75586.png,times,22
data/raw/hasyv2_download/hasy-data/v2-139039.png,infty,15
data/raw/hasyv2_download/hasy-data/v2-145746.png,sqrt,21
data/raw/hasyv2_download/hasy-data/v2-76799.png,times,22
data/raw/hasyv2_download/hasy-data/v2-80270.png,div,13
data/raw/hasyv2_download/hasy-data/v2-137674.png,infty,15
data/raw/hasyv2_download/hasy-data/v2-133256.png,lbracket,16
data/raw/hasyv2_download/hasy-data/v2-13068.png,lbracket,16
data/raw/hasyv2_download/hasy-data/v2-14450.png,sqrt,21
data/raw/hasyv2_download/hasy-data/v2-145791.png,sqrt,21
data/raw/hasyv2_download/hasy-data/v2-138838.png,infty,15
data/raw/hasyv2_download/hasy-data/v2-145156.png,sqrt,21
data/raw/hasyv2_download/hasy-data/v2-20735.png,8,8
data/raw/hasyv2_download/hasy-data/v2-145569.png,sqrt,21
data/raw/hasyv2_download/hasy-data/v2-13623.png,infty,15
data/raw/hasyv2_download/hasy-data/v2-138117.png,infty,15
data/raw/hasyv2_download/hasy-data/v2-66598.png,plus,19
data/raw/hasyv2_download/hasy-data/v2-133335.png,lbracket,16
data/raw/hasyv2_download/hasy-data/v2-75562.png,times,22
data/raw/hasyv2_download/hasy-data/v2-61131.png,gt,14
data/raw/hasyv2_download/hasy-data/v2-138246.png,infty,15
data/raw/hasyv2_download/hasy-data/v2-133189.png,lbracket,16
data/raw/hasyv2_download/hasy-data/v2-76839.png,times,22
data/raw/hasyv2_download/hasy-data/v2-20592.png,7,7
data/raw/hasyv2_download/hasy-data/v2-139448.png,infty,15
data/raw/hasyv2_download/hasy-data/v2-14511.png,sqrt,21
data/raw/hasyv2_download/hasy-data/v2-13794.png,infty,15
data/raw/hasyv2_download/hasy-data/v2-145249.png,sqrt,21
data/raw/hasyv2_download/hasy-data/v2-76638.png,times,22
data/raw/hasyv2_download/hasy-data/v2-07141.png,div,13
data/raw/hasyv2_download/hasy-data/v2-20106.png,1,1
data/raw/hasyv2_download/hasy-data/v2-20202.png,2,2
data/raw/hasyv2_download/hasy-data/v2-80479.png,div,13
data/raw/hasyv2_download/hasy-data/v2-138014.png,infty,15
data/raw/hasyv2_download/hasy-data/v2-20794.png,9,9
data/raw/hasyv2_download/hasy-data/v2-133385.png,rbracket,20
data/raw/hasyv2_download/hasy-data/v2-06642.png,times,22
data/raw/hasyv2_download/hasy-data/v2-75730.png,times,22
data/raw/hasyv2_download/hasy-data/v2-29637.png,a,10
data/raw/hasyv2_download/hasy-data/v2-14425.png,sqrt,21
data/raw/hasyv2_download/hasy-data/v2-80427.png,div,13
data/raw/hasyv2_download/hasy-data/v2-137584.png,infty,15
data/raw/hasyv2_download/hasy-data/v2-13059.png,lbracket,16
data/raw/hasyv2_download/hasy-data/v2-66512.png,minus,18
data/raw/hasyv2_download/hasy-data/v2-138730.png,infty,15
data/raw/hasyv2_download/hasy-data/v2-76253.png,times,22
data/raw/hasyv2_download/hasy-data/v2-20509.png,6,6
data/raw/hasyv2_download/hasy-data/v2-137726.png,infty,15
data/raw/hasyv2_download/hasy-data/v2-30832.png,x,23
data/raw/hasyv2_download/hasy-data/v2-145814.png,sqrt,21
data/raw/hasyv2_download/hasy-data/v2-137799.png,infty,15
data/raw/hasyv2_download/hasy-data/v2-20682.png,8,8
data/raw/hasyv2_download/hasy-data/v2-66581.png,minus,18
data/raw/hasyv2_download/hasy-data/v2-76670.png,times,22
data/raw/hasyv2_download/hasy-data/v2-145169.png,sqrt,21
data/raw/hasyv2_download/hasy-data/v2-29726.png,b,11
data/raw/hasyv2_download/hasy-data/v2-139109.png,infty,15
data/raw/hasyv2_download/hasy-data/v2-30882.png,x,23
data/raw/hasyv2_download/hasy-data/v2-145591.png,sqrt,21
data/raw/hasyv2_download/hasy-data/v2-138408.png,infty,15
data/raw/hasyv2_download/hasy-data/v2-30924.png,y,24
data/raw/hasyv2_download/hasy-data/v2-20513.png,6,6
data/raw/hasyv2_download/hasy-data/v2-133471.png,rbracket,20
data/raw/hasyv2_download/hasy-data/v2-19960.png,0,0
data/raw/hasyv2_download/hasy-data/v2-139646.png,infty,15
data/raw/hasyv2_download/hasy-data/v2-30952.png,z,25
data/raw/hasyv2_download/hasy-data/v2-139492.png,infty,15
data/raw/hasyv2_download/hasy-data/v2-20209.png,2,2
data/raw/hasyv2_download/hasy-data/v2-76133.png,times,22
data/raw/hasyv2_download/hasy-data/v2-132652.png,lbracket,16
data/raw/hasyv2_download/hasy-data/v2-75549.png,times,22
data/raw/hasyv2_download/hasy-data/v2-13753.png,infty,15
data/raw/hasyv2_download/hasy-data/v2-137615.png,infty,15
data/raw/hasyv2_download/hasy-data/v2-138549.png,infty,15
data/raw/hasyv2_download/hasy-data/v2-145231.png,sqrt,21
data/raw/hasyv2_download/hasy-data/v2-60976.png,lt,17
data/raw/hasyv2_download/hasy-data/v2-133079.png,lbracket,16
data/raw/hasyv2_download/hasy-data/v2-139078.png,infty,15
data/raw/hasyv2_download/hasy-data/v2-139081.png,infty,15
data/raw/hasyv2_download/hasy-data/v2-139326.png,infty,15
data/raw/hasyv2_download/hasy-data/v2-132913.png,lbracket,16
data/raw/hasyv2_download/hasy-data/v2-20361.png,4,4
data/raw/hasyv2_download/hasy-data/v2-133142.png,lbracket,16
data/raw/hasyv2_download/hasy-data/v2-20254.png,3,3
data/raw/hasyv2_download/hasy-data/v2-66606.png,plus,19
data/raw/hasyv2_download/hasy-data/v2-20736.png,8,8
data/raw/hasyv2_download/hasy-data/v2-133517.png,rbracket,20
data/raw/hasyv2_download/hasy-data/v2-06659.png,times,22
data/raw/hasyv2_download/hasy-data/v2-20685.png,8,8
data/raw/hasyv2_download/hasy-data/v2-66632.png,plus,19
data/raw/hasyv2_download/hasy-data/v2-138382.png,infty,15
data/raw/hasyv2_download/hasy-data/v2-132735.png,lbracket,16
data/raw/hasyv2_download/hasy-data/v2-133068.png,lbracket,16
data/raw/hasyv2_download/hasy-data/v2-133066.png,lbracket,16
data/raw/hasyv2_download/hasy-data/v2-76287.png,times,22
data/raw/hasyv2_download/hasy-data/v2-132810.png,lbracket,16
data/raw/hasyv2_download/hasy-data/v2-76101.png,times,22
data/raw/hasyv2_download/hasy-data/v2-13735.png,infty,15
data/raw/hasyv2_download/hasy-data/v2-132716.png,lbracket,16
data/raw/hasyv2_download/hasy-data/v2-137430.png,infty,15
data/raw/hasyv2_download/hasy-data/v2-138384.png,infty,15
data/raw/hasyv2_download/hasy-data/v2-80213.png,div,13
data/raw/hasyv2_download/hasy-data/v2-20818.png,9,9
data/raw/hasyv2_download/hasy-data/v2-19950.png,0,0
data/raw/hasyv2_download/hasy-data/v2-137608.png,infty,15
data/raw/hasyv2_download/hasy-data/v2-138928.png,infty,15
data/raw/hasyv2_download/hasy-data/v2-138298.png,infty,15
data/raw/hasyv2_download/hasy-data/v2-138954.png,infty,15
data/raw/hasyv2_download/hasy-data/v2-132628.png,lbracket,16
data/raw/hasyv2_download/hasy-data/v2-139555.png,infty,15
data/raw/hasyv2_download/hasy-data/v2-137796.png,infty,15
data/raw/hasyv2_download/hasy-data/v2-139266.png,infty,15
data/raw/hasyv2_download/hasy-data/v2-76333.png,times,22
data/raw/hasyv2_download/hasy-data/v2-13028.png,lbracket,16
data/raw/hasyv2_download/hasy-data/v2-60969.png,lt,17
data/raw/hasyv2_download/hasy-data/v2-137370.png,infty,15
data/raw/hasyv2_download/hasy-data/v2-75633.png,times,22
data/raw/hasyv2_download/hasy-data/v2-138748.png,infty,15
data/raw/hasyv2_download/hasy-data/v2-04967.png,gt,14
data/raw/hasyv2_download/hasy-data/v2-14449.png,sqrt,21
data/raw/hasyv2_download/hasy-data/v2-66490.png,minus,18
data/raw/hasyv2_download/hasy-data/v2-138656.png,infty,15
data/raw/hasyv2_download/hasy-data/v2-145273.png,sqrt,21
data/raw/hasyv2_download/hasy-data/v2-138222.png,infty,15
data/raw/hasyv2_download/hasy-data/v2-139851.png,infty,15
data/raw/hasyv2_download/hasy-data/v2-137397.png,infty,15
data/raw/hasyv2_download/hasy-data/v2-132713.png,lbracket,16
data/raw/hasyv2_download/hasy-data/v2-13639.png,infty,15
data/raw/hasyv2_download/hasy-data/v2-132641.png,lbracket,16
data/raw/hasyv2_download/hasy-data/v2-145136.png,sqrt,21
data/raw/hasyv2_download/hasy-data/v2-19966.png,0,0
data/raw/hasyv2_download/hasy-data/v2-132555.png,lbracket,16
data/raw/hasyv2_download/hasy-data/v2-04952.png,lt,17
data/raw/hasyv2_download/hasy-data/v2-75520.png,times,22
data/raw/hasyv2_download/hasy-data/v2-76357.png,times,22
data/raw/hasyv2_download/hasy-data/v2-139329.png,infty,15
data/raw/hasyv2_download/hasy-data/v2-137980.png,infty,15
data/raw/hasyv2_download/hasy-data/v2-137616.png,infty,15
data/raw/hasyv2_download/hasy-data/v2-76668.png,times,22
data/raw/hasyv2_download/hasy-data/v2-20244.png,2,2
data/raw/hasyv2_download/hasy-data/v2-138652.png,infty,15
data/raw/hasyv2_download/hasy-data/v2-20634.png,7,7
data/raw/hasyv2_download/hasy-data/v2-145788.png,sqrt,21
data/raw/hasyv2_download/hasy-data/v2-145483.png,sqrt,21
data/raw/hasyv2_download/hasy-data/v2-137669.png,infty,15
data/raw/hasyv2_download/hasy-data/v2-20339.png,3,3
data/raw/hasyv2_download/hasy-data/v2-137658.png,infty,15
data/raw/hasyv2_download/hasy-data/v2-133105.png,lbracket,16
data/raw/hasyv2_download/hasy-data/v2-133538.png,rbracket,20
data/raw/hasyv2_download/hasy-data/v2-139681.png,infty,15
data/raw/hasyv2_download/hasy-data/v2-138665.png,infty,15
data/raw/hasyv2_download/hasy-data/v2-80279.png,div,13
data/raw/hasyv2_download/hasy-data/v2-145710.png,sqrt,21
data/raw/hasyv2_download/hasy-data/v2-132968.png,lbracket,16
data/raw/hasyv2_download/hasy-data/v2-138333.png,infty,15
data/raw/hasyv2_download/hasy-data/v2-139147.png,infty,15
data/raw/hasyv2_download/hasy-data/v2-145007.png,sqrt,21
data/raw/hasyv2_download/hasy-data/v2-138066.png,infty,15
data/raw/hasyv2_download/hasy-data/v2-139493.png,infty,15
data/raw/hasyv2_download/hasy-data/v2-13641.png,infty,15
data/raw/hasyv2_download/hasy-data/v2-76739.png,times,22
data/raw/hasyv2_download/hasy-data/v2-139801.png,infty,15
data/raw/hasyv2_download/hasy-data/v2-76153.png,times,22
data/raw/hasyv2_download/hasy-data/v2-76595.png,times,22
data/raw/hasyv2_download/hasy-data/v2-145744.png,sqrt,21
data/raw/hasyv2_download/hasy-data/v2-145343.png,sqrt,21
data/raw/hasyv2_download/hasy-data/v2-139136.png,infty,15
data/raw/hasyv2_download/hasy-data/v2-133528.png,rbracket,20
data/raw/hasyv2_download/hasy-data/v2-13108.png,lbracket,16
data/raw/hasyv2_download/hasy-data/v2-139315.png,infty,15
data/raw/hasyv2_download/hasy-data/v2-137497.png,infty,15
data/raw/hasyv2_download/hasy-data/v2-145756.png,sqrt,21
data/raw/hasyv2_download/hasy-data/v2-138261.png,infty,15
data/raw/hasyv2_download/hasy-data/v2-145786.png,sqrt,21
data/raw/hasyv2_download/hasy-data/v2-138760.png,infty,15
data/raw/hasyv2_download/hasy-data/v2-80442.png,div,13
data/raw/hasyv2_download/hasy-data/v2-132983.png,lbracket,16
data/raw/hasyv2_download/hasy-data/v2-20396.png,4,4
data/raw/hasyv2_download/hasy-data/v2-76250.png,times,22
data/raw/hasyv2_download/hasy-data/v2-133262.png,lbracket,16
data/raw/hasyv2_download/hasy-data/v2-20813.png,9,9
data/raw/hasyv2_download/hasy-data/v2-145578.png,sqrt,21
data/raw/hasyv2_download/hasy-data/v2-145263.png,sqrt,21
data/raw/hasyv2_download/hasy-data/v2-29771.png,c,12
data/raw/hasyv2_download/hasy-data/v2-20310.png,3,3
data/raw/hasyv2_download/hasy-data/v2-75584.png,times,22
data/raw/hasyv2_download/hasy-data/v2-138288.png,infty,15
data/raw/hasyv2_download/hasy-data/v2-138782.png,infty,15
data/raw/hasyv2_download/hasy-data/v2-139473.png,infty,15
data/raw/hasyv2_download/hasy-data/v2-138615.png,infty,15
data/raw/hasyv2_download/hasy-data/v2-61000.png,lt,17
data/raw/hasyv2_download/hasy-data/v2-144985.png,sqrt,21
data/raw/hasyv2_download/hasy-data/v2-138295.png,infty,15
data/raw/hasyv2_download/hasy-data/v2-138419.png,infty,15
data/raw/hasyv2_download/hasy-data/v2-66587.png,minus,18
data/raw/hasyv2_download/hasy-data/v2-145475.png,sqrt,21
data/raw/hasyv2_download/hasy-data/v2-29799.png,c,12
data/raw/hasyv2_download/hasy-data/v2-60975.png,lt,17
data/raw/hasyv2_download/hasy-data/v2-133581.png,rbracket,20
data/raw/hasyv2_download/hasy-data/v2-139015.png,infty,15
data/raw/hasyv2_download/hasy-data/v2-133554.png,rbracket,20
data/raw/hasyv2_download/hasy-data/v2-80320.png,div,13
data/raw/hasyv2_download/hasy-data/v2-137346.png,infty,15
data/raw/hasyv2_download/hasy-data/v2-139582.png,infty,15
data/raw/hasyv2_download/hasy-data/v2-138807.png,infty,15
data/raw/hasyv2_download/hasy-data/v2-137515.png,infty,15
data/raw/hasyv2_download/hasy-data/v2-139372.png,infty,15
data/raw/hasyv2_download/hasy-data/v2-132584.png,lbracket,16
data/raw/hasyv2_download/hasy-data/v2-138879.png,infty,15
data/raw/hasyv2_download/hasy-data/v2-80341.png,div,13
data/raw/hasyv2_download/hasy-data/v2-80245.png,div,13
data/raw/hasyv2_download/hasy-data/v2-138856.png,infty,15
data/raw/hasyv2_download/hasy-data/v2-75754.png,times,22
data/raw/hasyv2_download/hasy-data/v2-139276.png,infty,15
data/raw/hasyv2_download/hasy-data/v2-138606.png,infty,15
data/raw/hasyv2_download/hasy-data/v2-139600.png,infty,15
data/raw/hasyv2_download/hasy-data/v2-61018.png,lt,17
data/raw/hasyv2_download/hasy-data/v2-61106.png,gt,14
data/raw/hasyv2_download/hasy-data/v2-139794.png,infty,15
data/raw/hasyv2_download/hasy-data/v2-20091.png,1,1
data/raw/hasyv2_download/hasy-data/v2-139759.png,infty,15
data/raw/hasyv2_download/hasy-data/v2-133350.png,rbracket,20
data/raw/hasyv2_download/hasy-data/v2-13710.png,infty,15
data/raw/hasyv2_download/hasy-data/v2-139691.png,infty,15
data/raw/hasyv2_download/hasy-data/v2-138457.png,infty,15
data/raw/hasyv2_download/hasy-data/v2-137287.png,infty,15
data/raw/hasyv2_download/hasy-data/v2-132965.png,lbracket,16
data/raw/hasyv2_download/hasy-data/v2-137985.png,infty,15
data/raw/hasyv2_download/hasy-data/v2-80435.png,div,13
data/raw/hasyv2_download/hasy-data/v2-13611.png,infty,15
data/raw/hasyv2_download/hasy-data/v2-133245.png,lbracket,16
data/raw/hasyv2_download/hasy-data/v2-133182.png,lbracket,16
data/raw/hasyv2_download/hasy-data/v2-137602.png,infty,15
data/raw/hasyv2_download/hasy-data/v2-20112.png,1,1
data/raw/hasyv2_download/hasy-data/v2-13745.png,infty,15
data/raw/hasyv2_download/hasy-data/v2-20710.png,8,8
data/raw/hasyv2_download/hasy-data/v2-20742.png,8,8
data/raw/hasyv2_download/hasy-data/v2-139074.png,infty,15
data/raw/hasyv2_download/hasy-data/v2-29763.png,c,12
data/raw/hasyv2_download/hasy-data/v2-00404.png,5,5
data/raw/hasyv2_download/hasy-data/v2-138181.png,infty,15
data/raw/hasyv2_download/hasy-data/v2-61057.png,gt,14
data/raw/hasyv2_download/hasy-data/v2-139748.png,infty,15
data/raw/hasyv2_download/hasy-data/v2-76832.png,times,22
data/raw/hasyv2_download/hasy-data/v2-66507.png,minus,18
data/raw/hasyv2_download/hasy-data/v2-76353.png,times,22
data/raw/hasyv2_download/hasy-data/v2-133139.png,lbracket,16
data/raw/hasyv2_download/hasy-data/v2-00375.png,2,2
data/raw/hasyv2_download/hasy-data/v2-66611.png,plus,19
data/raw/hasyv2_download/hasy-data/v2-138657.png,infty,15
data/raw/hasyv2_download/hasy-data/v2-145069.png,sqrt,21
data/raw/hasyv2_download/hasy-data/v2-138004.png,infty,15
data/raw/hasyv2_download/hasy-data/v2-20152.png,2,2
data/raw/hasyv2_download/hasy-data/v2-133161.png,lbracket,16
data/raw/hasyv2_download/hasy-data/v2-133407.png,rbracket,20
data/raw/hasyv2_download/hasy-data/v2-132733.png,lbracket,16
data/raw/hasyv2_download/hasy-data/v2-20147.png,2,2
data/raw/hasyv2_download/hasy-data/v2-14453.png,sqrt,21
data/raw/hasyv2_download/hasy-data/v2-20159.png,2,2
data/raw/hasyv2_download/hasy-data/v2-80400.png,div,13
data/raw/hasyv2_download/hasy-data/v2-20464.png,5,5
data/raw/hasyv2_download/hasy-data/v2-138685.png,infty,15
data/raw/hasyv2_download/hasy-data/v2-75959.png,times,22
data/raw/hasyv2_download/hasy-data/v2-145086.png,sqrt,21
data/raw/hasyv2_download/hasy-data/v2-139137.png,infty,15
data/raw/hasyv2_download/hasy-data/v2-66505.png,minus,18
data/raw/hasyv2_download/hasy-data/v2-139433.png,infty,15
data/raw/hasyv2_download/hasy-data/v2-145605.png,sqrt,21
data/raw/hasyv2_download/hasy-data/v2-76180.png,times,22
data/raw/hasyv2_download/hasy-data/v2-145777.png,sqrt,21
data/raw/hasyv2_download/hasy-data/v2-133004.png,lbracket,16
data/raw/hasyv2_download/hasy-data/v2-132945.png,lbracket,16
data/raw/hasyv2_download/hasy-data/v2-04956.png,lt,17
data/raw/hasyv2_download/hasy-data/v2-66552.png,minus,18
data/raw/hasyv2_download/hasy-data/v2-138573.png,infty,15
data/raw/hasyv2_download/hasy-data/v2-144946.png,sqrt,21
data/raw/hasyv2_download/hasy-data/v2-137465.png,infty,15
data/raw/hasyv2_download/hasy-data/v2-139475.png,infty,15
data/raw/hasyv2_download/hasy-data/v2-145598.png,sqrt,21
data/raw/hasyv2_download/hasy-data/v2-132859.png,lbracket,16
data/raw/hasyv2_download/hasy-data/v2-137719.png,infty,15
data/raw/hasyv2_download/hasy-data/v2-137924.png,infty,15
data/raw/hasyv2_download/hasy-data/v2-76301.png,times,22
data/raw/hasyv2_download/hasy-data/v2-13769.png,infty,15
data/raw/hasyv2_download/hasy-data/v2-13057.png,lbracket,16
data/raw/hasyv2_download/hasy-data/v2-20160.png,2,2
data/raw/hasyv2_download/hasy-data/v2-138963.png,infty,15
data/raw/hasyv2_download/hasy-data/v2-75574.png,times,22
data/raw/hasyv2_download/hasy-data/v2-76013.png,times,22
data/raw/hasyv2_download/hasy-data/v2-76266.png,times,22
data/raw/hasyv2_download/hasy-data/v2-138681.png,infty,15
data/raw/hasyv2_download/hasy-data/v2-61095.png,gt,14
data/raw/hasyv2_download/hasy-data/v2-132572.png,lbracket,16
data/raw/hasyv2_download/hasy-data/v2-76188.png,times,22
data/raw/hasyv2_download/hasy-data/v2-133232.png,lbracket,16
data/raw/hasyv2_download/hasy-data/v2-29728.png,b,11
data/raw/hasyv2_download/hasy-data/v2-139005.png,infty,15
data/raw/hasyv2_download/hasy-data/v2-06721.png,times,22
data/raw/hasyv2_download/hasy-data/v2-138491.png,infty,15
data/raw/hasyv2_download/hasy-data/v2-80460.png,div,13
data/raw/hasyv2_download/hasy-data/v2-20448.png,5,5
data/raw/hasyv2_download/hasy-data/v2-20638.png,8,8
data/raw/hasyv2_download/hasy-data/v2-13618.png,infty,15
data/raw/hasyv2_download/hasy-data/v2-132967.png,lbracket,16
data/raw/hasyv2_download/hasy-data/v2-139588.png,infty,15
data/raw/hasyv2_download/hasy-data/v2-61081.png,gt,14
data/raw/hasyv2_download/hasy-data/v2-133499.png,rbracket,20
data/raw/hasyv2_download/hasy-data/v2-133265.png,lbracket,16
data/raw/hasyv2_download/hasy-data/v2-76392.png,times,22
data/raw/hasyv2_download/hasy-data/v2-00403.png,5,5
data/raw/hasyv2_download/hasy-data/v2-66655.png,plus,19
data/raw/hasyv2_download/hasy-data/v2-00365.png,1,1
data/raw/hasyv2_download/hasy-data/v2-139145.png,infty,15
data/raw/hasyv2_download/hasy-data/v2-75888.png,times,22
data/raw/hasyv2_download/hasy-data/v2-13096.png,lbracket,16
data/raw/hasyv2_download/hasy-data/v2-20827.png,9,9
data/raw/hasyv2_download/hasy-data/v2-137935.png,infty,15
data/raw/hasyv2_download/hasy-data/v2-13818.png,infty,15
data/raw/hasyv2_download/hasy-data/v2-144984.png,sqrt,21
data/raw/hasyv2_download/hasy-data/v2-30854.png,x,23
data/raw/hasyv2_download/hasy-data/v2-139065.png,infty,15
data/raw/hasyv2_download/hasy-data/v2-80282.png,div,13
data/raw/hasyv2_download/hasy-data/v2-138471.png,infty,15
data/raw/hasyv2_download/hasy-data/v2-137752.png,infty,15
data/raw/hasyv2_download/hasy-data/v2-80464.png,div,13
data/raw/hasyv2_download/hasy-data/v2-139752.png,infty,15
data/raw/hasyv2_download/hasy-data/v2-20787.png,9,9
data/raw/hasyv2_download/hasy-data/v2-66526.png,minus,18
data/raw/hasyv2_download/hasy-data/v2-66664.png,plus,19
data/raw/hasyv2_download/hasy-data/v2-76744.png,times,22
data/raw/hasyv2_download/hasy-data/v2-137769.png,infty,15
data/raw/hasyv2_download/hasy-data/v2-76713.png,times,22
data/raw/hasyv2_download/hasy-data/v2-76540.png,times,22
data/raw/hasyv2_download/hasy-data/v2-132872.png,lbracket,16
data/raw/hasyv2_download/hasy-data/v2-138672.png,infty,15
data/raw/hasyv2_download/hasy-data/v2-20537.png,6,6
data/raw/hasyv2_download/hasy-data/v2-29657.png,a,10
data/raw/hasyv2_download/hasy-data/v2-20196.png,2,2
data/raw/hasyv2_download/hasy-data/v2-139059.png,infty,15
data/raw/hasyv2_download/hasy-data/v2-66513.png,minus,18
data/raw/hasyv2_download/hasy-data/v2-139531.png,infty,15
data/raw/hasyv2_download/hasy-data/v2-145347.png,sqrt,21
data/raw/hasyv2_download/hasy-data/v2-20721.png,8,8
data/raw/hasyv2_download/hasy-data/v2-61101.png,gt,14
data/raw/hasyv2_download/hasy-data/v2-137514.png,infty,15
data/raw/hasyv2_download/hasy-data/v2-145247.png,sqrt,21
data/raw/hasyv2_download/hasy-data/v2-138101.png,infty,15
data/raw/hasyv2_download/hasy-data/v2-20355.png,3,3
data/raw/hasyv2_download/hasy-data/v2-76015.png,times,22
data/raw/hasyv2_download/hasy-data/v2-145658.png,sqrt,21
data/raw/hasyv2_download/hasy-data/v2-75845.png,times,22
data/raw/hasyv2_download/hasy-data/v2-80226.png,div,13
data/raw/hasyv2_download/hasy-data/v2-145388.png,sqrt,21
data/raw/hasyv2_download/hasy-data/v2-13589.png,infty,15
data/raw/hasyv2_download/hasy-data/v2-20539.png,6,6
data/raw/hasyv2_download/hasy-data/v2-138145.png,infty,15
data/raw/hasyv2_download/hasy-data/v2-19945.png,0,0
data/raw/hasyv2_download/hasy-data/v2-144977.png,sqrt,21
data/raw/hasyv2_download/hasy-data/v2-139044.png,infty,15
data/raw/hasyv2_download/hasy-data/v2-80311.png,div,13
data/raw/hasyv2_download/hasy-data/v2-145076.png,sqrt,21
data/raw/hasyv2_download/hasy-data/v2-14515.png,sqrt,21
data/raw/hasyv2_download/hasy-data/v2-30926.png,y,24
data/raw/hasyv2_download/hasy-data/v2-20466.png,5,5
data/raw/hasyv2_download/hasy-data/v2-76398.png,times,22
data/raw/hasyv2_download/hasy-data/v2-75917.png,times,22
data/raw/hasyv2_download/hasy-data/v2-20245.png,2,2
data/raw/hasyv2_download/hasy-data/v2-76023.png,times,22
data/raw/hasyv2_download/hasy-data/v2-132722.png,lbracket,16
data/raw/hasyv2_download/hasy-data/v2-139439.png,infty,15
data/raw/hasyv2_download/hasy-data/v2-29781.png,c,12
data/raw/hasyv2_download/hasy-data/v2-138758.png,infty,15
data/raw/hasyv2_download/hasy-data/v2-19925.png,0,0
data/raw/hasyv2_download/hasy-data/v2-133096.png,lbracket,16
data/raw/hasyv2_download/hasy-data/v2-76155.png,times,22
data/raw/hasyv2_download/hasy-data/v2-145657.png,sqrt,21
data/raw/hasyv2_download/hasy-data/v2-138053.png,infty,15
data/raw/hasyv2_download/hasy-data/v2-133025.png,lbracket,16
data/raw/hasyv2_download/hasy-data/v2-137582.png,infty,15
data/raw/hasyv2_download/hasy-data/v2-76498.png,times,22
data/raw/hasyv2_download/hasy-data/v2-138435.png,infty,15
data/raw/hasyv2_download/hasy-data/v2-139345.png,infty,15
data/raw/hasyv2_download/hasy-data/v2-29719.png,b,11
data/raw/hasyv2_download/hasy-data/v2-29750.png,b,11
data/raw/hasyv2_download/hasy-data/v2-133501.png,rbracket,20
data/raw/hasyv2_download/hasy-data/v2-133567.png,rbracket,20
data/raw/hasyv2_download/hasy-data/v2-133280.png,lbracket,16
data/raw/hasyv2_download/hasy-data/v2-29795.png,c,12
data/raw/hasyv2_download/hasy-data/v2-133052.png,lbracket,16
data/raw/hasyv2_download/hasy-data/v2-138003.png,infty,15
data/raw/hasyv2_download/hasy-data/v2-138812.png,infty,15
data/raw/hasyv2_download/hasy-data/v2-132901.png,lbracket,16
data/raw/hasyv2_download/hasy-data/v2-145189.png,sqrt,21
data/raw/hasyv2_download/hasy-data/v2-145679.png,sqrt,21
data/raw/hasyv2_download/hasy-data/v2-137273.png,infty,15
data/raw/hasyv2_download/hasy-data/v2-75617.png,times,22
data/raw/hasyv2_download/hasy-data/v2-14496.png,sqrt,21
data/raw/hasyv2_download/hasy-data/v2-20782.png,9,9
data/raw/hasyv2_download/hasy-data/v2-80215.png,div,13
data/raw/hasyv2_download/hasy-data/v2-138550.png,infty,15
data/raw/hasyv2_download/hasy-data/v2-76205.png,times,22
data/raw/hasyv2_download/hasy-data/v2-139706.png,infty,15
data/raw/hasyv2_download/hasy-data/v2-20171.png,2,2
data/raw/hasyv2_download/hasy-data/v2-20386.png,4,4
data/raw/hasyv2_download/hasy-data/v2-80312.png,div,13
data/raw/hasyv2_download/hasy-data/v2-132939.png,lbracket,16
data/raw/hasyv2_download/hasy-data/v2-138251.png,infty,15
data/raw/hasyv2_download/hasy-data/v2-145628.png,sqrt,21
data/raw/hasyv2_download/hasy-data/v2-137556.png,infty,15
data/raw/hasyv2_download/hasy-data/v2-19948.png,0,0
data/raw/hasyv2_download/hasy-data/v2-76759.png,times,22
data/raw/hasyv2_download/hasy-data/v2-139644.png,infty,15
data/raw/hasyv2_download/hasy-data/v2-133377.png,rbracket,20
data/raw/hasyv2_download/hasy-data/v2-132935.png,lbracket,16
